Copyright 1986-2022 Xilinx, Inc. All Rights Reserved. Copyright 2022-2025 Advanced Micro Devices, Inc. All Rights Reserved.
--------------------------------------------------------------------------------------------------------------------------------------------------
| Tool Version      : Vivado v.2025.1 (lin64) Build 6140274 Wed May 21 22:58:25 MDT 2025
| Date              : Mon Nov  3 17:44:58 2025
| Host              : eecs-digital-40 running 64-bit Ubuntu 24.04.3 LTS
| Command           : report_clock_utilization -file design_1_wrapper_clock_utilization_routed.rpt
| Design            : design_1_wrapper
| Device            : xczu48dr-ffvg1517
| Speed File        : -2  PRODUCTION 1.32 01-31-2021
| Temperature Grade : E
| Design State      : Routed
--------------------------------------------------------------------------------------------------------------------------------------------------

Clock Utilization Report

Table of Contents
-----------------
1. Clock Primitive Utilization
2. Global Clock Resources
3. Global Clock Source Details
4. Clock Regions : Clock Primitives
5. Clock Regions : Load Primitives
6. Clock Regions : Global Clock Summary
7. Clock Regions : Routing Resource Utilization
8. Device Cell Placement Summary for Global Clock g0
9. Device Cell Placement Summary for Global Clock g1
10. Device Cell Placement Summary for Global Clock g2
11. Device Cell Placement Summary for Global Clock g3
12. Clock Region Cell Placement per Global Clock: Region X1Y0
13. Clock Region Cell Placement per Global Clock: Region X2Y0
14. Clock Region Cell Placement per Global Clock: Region X3Y0
15. Clock Region Cell Placement per Global Clock: Region X4Y0
16. Clock Region Cell Placement per Global Clock: Region X5Y0
17. Clock Region Cell Placement per Global Clock: Region X1Y1
18. Clock Region Cell Placement per Global Clock: Region X2Y1
19. Clock Region Cell Placement per Global Clock: Region X3Y1
20. Clock Region Cell Placement per Global Clock: Region X4Y1
21. Clock Region Cell Placement per Global Clock: Region X5Y1
22. Clock Region Cell Placement per Global Clock: Region X1Y2
23. Clock Region Cell Placement per Global Clock: Region X2Y2
24. Clock Region Cell Placement per Global Clock: Region X3Y2
25. Clock Region Cell Placement per Global Clock: Region X4Y2
26. Clock Region Cell Placement per Global Clock: Region X5Y2
27. Clock Region Cell Placement per Global Clock: Region X0Y3
28. Clock Region Cell Placement per Global Clock: Region X1Y3
29. Clock Region Cell Placement per Global Clock: Region X2Y3
30. Clock Region Cell Placement per Global Clock: Region X3Y3
31. Clock Region Cell Placement per Global Clock: Region X4Y3
32. Clock Region Cell Placement per Global Clock: Region X5Y3
33. Clock Region Cell Placement per Global Clock: Region X0Y4
34. Clock Region Cell Placement per Global Clock: Region X1Y4
35. Clock Region Cell Placement per Global Clock: Region X2Y4
36. Clock Region Cell Placement per Global Clock: Region X3Y4
37. Clock Region Cell Placement per Global Clock: Region X4Y4
38. Clock Region Cell Placement per Global Clock: Region X5Y4
39. Clock Region Cell Placement per Global Clock: Region X0Y5
40. Clock Region Cell Placement per Global Clock: Region X1Y5
41. Clock Region Cell Placement per Global Clock: Region X2Y5
42. Clock Region Cell Placement per Global Clock: Region X3Y5
43. Clock Region Cell Placement per Global Clock: Region X4Y5
44. Clock Region Cell Placement per Global Clock: Region X5Y5
45. Clock Region Cell Placement per Global Clock: Region X0Y6
46. Clock Region Cell Placement per Global Clock: Region X1Y6
47. Clock Region Cell Placement per Global Clock: Region X2Y6
48. Clock Region Cell Placement per Global Clock: Region X3Y6
49. Clock Region Cell Placement per Global Clock: Region X4Y6
50. Clock Region Cell Placement per Global Clock: Region X5Y6
51. Clock Region Cell Placement per Global Clock: Region X0Y7
52. Clock Region Cell Placement per Global Clock: Region X1Y7
53. Clock Region Cell Placement per Global Clock: Region X2Y7
54. Clock Region Cell Placement per Global Clock: Region X3Y7
55. Clock Region Cell Placement per Global Clock: Region X4Y7
56. Clock Region Cell Placement per Global Clock: Region X5Y7

1. Clock Primitive Utilization
------------------------------

+------------+------+-----------+-----+--------------+--------+
| Type       | Used | Available | LOC | Clock Region | Pblock |
+------------+------+-----------+-----+--------------+--------+
| BUFGCE     |    2 |       216 |   0 |            0 |      0 |
| BUFGCE_DIV |    0 |        32 |   0 |            0 |      0 |
| BUFGCTRL   |    0 |        64 |   0 |            0 |      0 |
| BUFG_GT    |    1 |       312 |   0 |            0 |      0 |
| BUFG_PS    |    1 |        72 |   0 |            0 |      0 |
| MMCM       |    0 |         8 |   0 |            0 |      0 |
| PLL        |    0 |        16 |   0 |            0 |      0 |
+------------+------+-----------+-----+--------------+--------+


2. Global Clock Resources
-------------------------

+-----------+-----------+-----------------+------------+---------------+--------------+------+-------------------+------------------+-------------------+-------------+-----------------+--------------+------------+-------------------------------------------------------------------------------------------------------------------------------------------+--------------------------------------------------------------------------------------------------------------------------+
| Global Id | Source Id | Driver Type/Pin | Constraint | Site          | Clock Region | Root | Clock Delay Group | Clock Low Fanout | Load Clock Region | Clock Loads | Non-Clock Loads | Clock Period | Clock      | Driver Pin                                                                                                                                | Net                                                                                                                      |
+-----------+-----------+-----------------+------------+---------------+--------------+------+-------------------+------------------+-------------------+-------------+-----------------+--------------+------------+-------------------------------------------------------------------------------------------------------------------------------------------+--------------------------------------------------------------------------------------------------------------------------+
| g0        | src0      | BUFG_GT/O       | None       | BUFG_GT_X1Y54 | X5Y2         | X2Y3 |                   |                  |                28 |       22985 |               0 |       15.625 | RFADC2_CLK | design_1_i/usp_rf_data_converter_0/inst/i_design_1_usp_rf_data_converter_0_0_bufg_gt_ctrl/adc2_bufg_gt/O                                  | design_1_i/usp_rf_data_converter_0/inst/i_design_1_usp_rf_data_converter_0_0_bufg_gt_ctrl/clk_adc2                       |
| g1        | src1      | BUFG_PS/O       | None       | BUFG_PS_X0Y66 | X1Y2         | X3Y3 |                   |                  |                18 |       11063 |               0 |        6.666 | clk_pl_0   | design_1_i/zynq_ultra_ps_e_0/inst/buffer_pl_clk_0.PL_CLK_0_BUFG/O                                                                         | design_1_i/zynq_ultra_ps_e_0/inst/pl_clk0                                                                                |
| g2        | src2      | BUFGCE/O        | None       | BUFGCE_X0Y92  | X4Y3         | X4Y3 | n/a               |                  |                19 |           0 |           16370 |          n/a | n/a        | design_1_i/adsb_0/inst/my_top/my_cordic/cordic_iteration[15].tvalid_i_reg[16]__0_bufg_place/O                                             | design_1_i/adsb_0/inst/my_top/my_cordic/E[0]                                                                             |
| g3        | src3      | BUFGCE/O        | None       | BUFGCE_X0Y86  | X4Y3         | X4Y3 | n/a               |                  |                 4 |           0 |            4776 |          n/a | n/a        | design_1_i/usp_rf_data_converter_0/inst/design_1_usp_rf_data_converter_0_0_rf_wrapper_i/cdc_adc2_done_i/syncstages_ff_reg[3]_bufg_place/O | design_1_i/usp_rf_data_converter_0/inst/design_1_usp_rf_data_converter_0_0_rf_wrapper_i/cdc_adc2_done_i/syncstages_ff[3] |
+-----------+-----------+-----------------+------------+---------------+--------------+------+-------------------+------------------+-------------------+-------------+-----------------+--------------+------------+-------------------------------------------------------------------------------------------------------------------------------------------+--------------------------------------------------------------------------------------------------------------------------+
* Clock Loads column represents cell count of net connects that connect to a clock pin. Internal cell leaf pins are not considered
** Non-Clock Loads column represents cell count of non-clock pin loads


3. Global Clock Source Details
------------------------------

+-----------+-----------+-----------------+------------+----------------+--------------+-------------+-----------------+---------------------+--------------+--------------------------------------------------------------------------------------------------------------------------------+-------------------------------------------------------------------------------------------------------------------------------------+
| Source Id | Global Id | Driver Type/Pin | Constraint | Site           | Clock Region | Clock Loads | Non-Clock Loads | Source Clock Period | Source Clock | Driver Pin                                                                                                                     | Net                                                                                                                                 |
+-----------+-----------+-----------------+------------+----------------+--------------+-------------+-----------------+---------------------+--------------+--------------------------------------------------------------------------------------------------------------------------------+-------------------------------------------------------------------------------------------------------------------------------------+
| src0      | g0        | RFADC/CLK_ADC   | RFADC_X0Y2 | RFADC_X0Y2     | X5Y2         |           2 |               0 |              15.625 | RFADC2_CLK   | design_1_i/usp_rf_data_converter_0/inst/design_1_usp_rf_data_converter_0_0_rf_wrapper_i/rx2_u_adc/CLK_ADC                      | design_1_i/usp_rf_data_converter_0/inst/design_1_usp_rf_data_converter_0_0_rf_wrapper_i/clk_adc2_i                                  |
| src1      | g1        | PS8/PLCLK[0]    | None       | PS8_X0Y0       | X0Y0         |           1 |               0 |               6.666 | clk_pl_0     | design_1_i/zynq_ultra_ps_e_0/inst/PS8_i/PLCLK[0]                                                                               | design_1_i/zynq_ultra_ps_e_0/inst/pl_clk_unbuffered[0]                                                                              |
| src2      | g2        | FDRE/Q          | None       | SLICE_X81Y193  | X4Y3         |           1 |               0 |                     |              | design_1_i/adsb_0/inst/my_top/my_cordic/cordic_iteration[15].tvalid_i_reg[16]__0/Q                                             | design_1_i/adsb_0/inst/my_top/my_cordic/E[0]_bufg_place                                                                             |
| src3      | g3        | FDRE/Q          | None       | SLICE_X106Y161 | X5Y2         |           1 |              24 |                     |              | design_1_i/usp_rf_data_converter_0/inst/design_1_usp_rf_data_converter_0_0_rf_wrapper_i/cdc_adc2_done_i/syncstages_ff_reg[3]/Q | design_1_i/usp_rf_data_converter_0/inst/design_1_usp_rf_data_converter_0_0_rf_wrapper_i/cdc_adc2_done_i/syncstages_ff[3]_bufg_place |
+-----------+-----------+-----------------+------------+----------------+--------------+-------------+-----------------+---------------------+--------------+--------------------------------------------------------------------------------------------------------------------------------+-------------------------------------------------------------------------------------------------------------------------------------+
* Clock Loads column represents cell count of net connects that connect to a clock pin. Internal cell leaf pins are not considered
** Non-Clock Loads column represents cell count of non-clock pin loads


4. Clock Regions : Clock Primitives
-----------------------------------

+-------------------+---------------+---------------+---------------+---------------+---------------+---------------+---------------+---------------+
|                   |  Global Clock |     BUFGCE    |   BUFGCE_DIV  |    BUFGCTRL   |    BUFG_GT    |    BUFG_PS    |      MMCM     |      PLL      |
+-------------------+-------+-------+-------+-------+-------+-------+-------+-------+-------+-------+-------+-------+-------+-------+-------+-------+
| Clock Region Name | Used  | Avail | Used  | Avail | Used  | Avail | Used  | Avail | Used  | Avail | Used  | Avail | Used  | Avail | Used  | Avail |
+-------------------+-------+-------+-------+-------+-------+-------+-------+-------+-------+-------+-------+-------+-------+-------+-------+-------+
| X0Y0              |     0 |     0 |     0 |     0 |     0 |     0 |     0 |     0 |     0 |     0 |     0 |     0 |     0 |     0 |     0 |     0 |
| X1Y0              |     2 |    24 |     0 |     0 |     0 |     0 |     0 |     0 |     0 |     0 |     0 |    24 |     0 |     0 |     0 |     0 |
| X2Y0              |     2 |    24 |     0 |     0 |     0 |     0 |     0 |     0 |     0 |     0 |     0 |     0 |     0 |     0 |     0 |     0 |
| X3Y0              |     1 |    24 |     0 |     0 |     0 |     0 |     0 |     0 |     0 |     0 |     0 |     0 |     0 |     0 |     0 |     0 |
| X4Y0              |     1 |    24 |     0 |    24 |     0 |     4 |     0 |     8 |     0 |     0 |     0 |     0 |     0 |     1 |     0 |     2 |
| X5Y0              |     1 |    24 |     0 |     4 |     0 |     0 |     0 |     0 |     0 |    24 |     0 |     0 |     0 |     0 |     0 |     0 |
| X0Y1              |     0 |     0 |     0 |     0 |     0 |     0 |     0 |     0 |     0 |     0 |     0 |     0 |     0 |     0 |     0 |     0 |
| X1Y1              |     1 |    24 |     0 |     0 |     0 |     0 |     0 |     0 |     0 |     0 |     0 |    24 |     0 |     0 |     0 |     0 |
| X2Y1              |     1 |    24 |     0 |     0 |     0 |     0 |     0 |     0 |     0 |     0 |     0 |     0 |     0 |     0 |     0 |     0 |
| X3Y1              |     1 |    24 |     0 |     0 |     0 |     0 |     0 |     0 |     0 |     0 |     0 |     0 |     0 |     0 |     0 |     0 |
| X4Y1              |     1 |    24 |     0 |    24 |     0 |     4 |     0 |     8 |     0 |     0 |     0 |     0 |     0 |     1 |     0 |     2 |
| X5Y1              |     1 |    24 |     0 |     0 |     0 |     0 |     0 |     0 |     0 |    24 |     0 |     0 |     0 |     0 |     0 |     0 |
| X0Y2              |     0 |     0 |     0 |     0 |     0 |     0 |     0 |     0 |     0 |     0 |     0 |     0 |     0 |     0 |     0 |     0 |
| X1Y2              |     1 |    24 |     0 |     0 |     0 |     0 |     0 |     0 |     0 |     0 |     1 |    24 |     0 |     0 |     0 |     0 |
| X2Y2              |     2 |    24 |     0 |     0 |     0 |     0 |     0 |     0 |     0 |     0 |     0 |     0 |     0 |     0 |     0 |     0 |
| X3Y2              |     2 |    24 |     0 |     0 |     0 |     0 |     0 |     0 |     0 |     0 |     0 |     0 |     0 |     0 |     0 |     0 |
| X4Y2              |     2 |    24 |     0 |    24 |     0 |     4 |     0 |     8 |     0 |     0 |     0 |     0 |     0 |     1 |     0 |     2 |
| X5Y2              |     2 |    24 |     0 |     0 |     0 |     0 |     0 |     0 |     1 |    24 |     0 |     0 |     0 |     0 |     0 |     0 |
| X0Y3              |     2 |    24 |     0 |     0 |     0 |     0 |     0 |     0 |     0 |    24 |     0 |     0 |     0 |     0 |     0 |     0 |
| X1Y3              |     2 |    24 |     0 |     0 |     0 |     0 |     0 |     0 |     0 |     0 |     0 |     0 |     0 |     0 |     0 |     0 |
| X2Y3              |     2 |    24 |     0 |     0 |     0 |     0 |     0 |     0 |     0 |     0 |     0 |     0 |     0 |     0 |     0 |     0 |
| X3Y3              |     3 |    24 |     0 |     0 |     0 |     0 |     0 |     0 |     0 |     0 |     0 |     0 |     0 |     0 |     0 |     0 |
| X4Y3              |     4 |    24 |     2 |    24 |     0 |     4 |     0 |     8 |     0 |     0 |     0 |     0 |     0 |     1 |     0 |     2 |
| X5Y3              |     3 |    24 |     0 |     4 |     0 |     0 |     0 |     0 |     0 |    24 |     0 |     0 |     0 |     0 |     0 |     0 |
| X0Y4              |     2 |    24 |     0 |     0 |     0 |     0 |     0 |     0 |     0 |    24 |     0 |     0 |     0 |     0 |     0 |     0 |
| X1Y4              |     2 |    24 |     0 |     0 |     0 |     0 |     0 |     0 |     0 |     0 |     0 |     0 |     0 |     0 |     0 |     0 |
| X2Y4              |     2 |    24 |     0 |     0 |     0 |     0 |     0 |     0 |     0 |     0 |     0 |     0 |     0 |     0 |     0 |     0 |
| X3Y4              |     3 |    24 |     0 |     0 |     0 |     0 |     0 |     0 |     0 |     0 |     0 |     0 |     0 |     0 |     0 |     0 |
| X4Y4              |     4 |    24 |     0 |    24 |     0 |     4 |     0 |     8 |     0 |     0 |     0 |     0 |     0 |     1 |     0 |     2 |
| X5Y4              |     3 |    24 |     0 |     4 |     0 |     0 |     0 |     0 |     0 |    24 |     0 |     0 |     0 |     0 |     0 |     0 |
| X0Y5              |     2 |    24 |     0 |     0 |     0 |     0 |     0 |     0 |     0 |    24 |     0 |     0 |     0 |     0 |     0 |     0 |
| X1Y5              |     2 |    24 |     0 |     0 |     0 |     0 |     0 |     0 |     0 |     0 |     0 |     0 |     0 |     0 |     0 |     0 |
| X2Y5              |     2 |    24 |     0 |     0 |     0 |     0 |     0 |     0 |     0 |     0 |     0 |     0 |     0 |     0 |     0 |     0 |
| X3Y5              |     3 |    24 |     0 |     0 |     0 |     0 |     0 |     0 |     0 |     0 |     0 |     0 |     0 |     0 |     0 |     0 |
| X4Y5              |     2 |    24 |     0 |    24 |     0 |     4 |     0 |     8 |     0 |     0 |     0 |     0 |     0 |     1 |     0 |     2 |
| X5Y5              |     1 |    24 |     0 |     4 |     0 |     0 |     0 |     0 |     0 |    24 |     0 |     0 |     0 |     0 |     0 |     0 |
| X0Y6              |     2 |    24 |     0 |     0 |     0 |     0 |     0 |     0 |     0 |    24 |     0 |     0 |     0 |     0 |     0 |     0 |
| X1Y6              |     2 |    24 |     0 |     0 |     0 |     0 |     0 |     0 |     0 |     0 |     0 |     0 |     0 |     0 |     0 |     0 |
| X2Y6              |     2 |    24 |     0 |     0 |     0 |     0 |     0 |     0 |     0 |     0 |     0 |     0 |     0 |     0 |     0 |     0 |
| X3Y6              |     3 |    24 |     0 |     0 |     0 |     0 |     0 |     0 |     0 |     0 |     0 |     0 |     0 |     0 |     0 |     0 |
| X4Y6              |     3 |    24 |     0 |    24 |     0 |     4 |     0 |     8 |     0 |     0 |     0 |     0 |     0 |     1 |     0 |     2 |
| X5Y6              |     1 |    24 |     0 |     4 |     0 |     0 |     0 |     0 |     0 |    24 |     0 |     0 |     0 |     0 |     0 |     0 |
| X0Y7              |     2 |    24 |     0 |     0 |     0 |     0 |     0 |     0 |     0 |    24 |     0 |     0 |     0 |     0 |     0 |     0 |
| X1Y7              |     2 |    24 |     0 |     0 |     0 |     0 |     0 |     0 |     0 |     0 |     0 |     0 |     0 |     0 |     0 |     0 |
| X2Y7              |     2 |    24 |     0 |     0 |     0 |     0 |     0 |     0 |     0 |     0 |     0 |     0 |     0 |     0 |     0 |     0 |
| X3Y7              |     3 |    24 |     0 |     0 |     0 |     0 |     0 |     0 |     0 |     0 |     0 |     0 |     0 |     0 |     0 |     0 |
| X4Y7              |     2 |    24 |     0 |    24 |     0 |     4 |     0 |     8 |     0 |     0 |     0 |     0 |     0 |     1 |     0 |     2 |
| X5Y7              |     1 |    24 |     0 |     4 |     0 |     0 |     0 |     0 |     0 |    24 |     0 |     0 |     0 |     0 |     0 |     0 |
+-------------------+-------+-------+-------+-------+-------+-------+-------+-------+-------+-------+-------+-------+-------+-------+-------+-------+
* Global Clock column represents track count; while other columns represents cell counts


5. Clock Regions : Load Primitives
----------------------------------

+-------------------+------------------+------------------+------------------+------------------+------------------+------------------+------------------+------------------+
|                   |   Global Clock   |        FF        |      LUTRAM      |  Block RAM (18K) |       URAM       |        DSP       |        GT        |      HARD IP     |
+-------------------+--------+---------+--------+---------+--------+---------+--------+---------+--------+---------+--------+---------+--------+---------+--------+---------+
| Clock Region Name | Used   | Avail   | Used   | Avail   | Used   | Avail   | Used   | Avail   | Used   | Avail   | Used   | Avail   | Used   | Avail   | Used   | Avail   |
+-------------------+--------+---------+--------+---------+--------+---------+--------+---------+--------+---------+--------+---------+--------+---------+--------+---------+
| X0Y0              |      0 |       0 |      0 |       0 |      0 |       0 |      0 |       0 |      0 |       0 |      0 |       0 |      0 |       0 |      0 |       0 |
| X1Y0              |      2 |      24 |   4043 |   15360 |    308 |    4320 |     22 |      48 |      0 |       0 |      0 |     120 |      0 |       0 |      0 |       0 |
| X2Y0              |      2 |      24 |     20 |   22080 |      1 |    4800 |      0 |      48 |      0 |       0 |      0 |      96 |      0 |       0 |      0 |       0 |
| X3Y0              |      1 |      24 |      0 |   19200 |      0 |    5280 |      0 |      48 |      0 |       0 |      0 |      96 |      0 |       0 |      0 |       0 |
| X4Y0              |      1 |      24 |      0 |   15360 |      0 |    4320 |      0 |      48 |      0 |       0 |      0 |     120 |      0 |       0 |      0 |       0 |
| X5Y0              |      1 |      24 |      0 |   21120 |      0 |    5280 |      0 |      48 |      0 |       0 |      0 |      72 |      0 |       0 |      1 |       1 |
| X0Y1              |      0 |       0 |      0 |       0 |      0 |       0 |      0 |       0 |      0 |       0 |      0 |       0 |      0 |       0 |      0 |       0 |
| X1Y1              |      1 |      24 |   1549 |   15360 |    129 |    4320 |      0 |      48 |      0 |       0 |      0 |     120 |      0 |       0 |      0 |       0 |
| X2Y1              |      1 |      24 |    277 |   22080 |      4 |    4800 |      0 |      48 |      0 |       0 |      0 |      96 |      0 |       0 |      0 |       0 |
| X3Y1              |      1 |      24 |      0 |   19200 |      0 |    5280 |      0 |      48 |      0 |       0 |      0 |      96 |      0 |       0 |      0 |       0 |
| X4Y1              |      1 |      24 |      0 |   15360 |      0 |    4320 |      0 |      48 |      0 |       0 |      0 |     120 |      0 |       0 |      0 |       0 |
| X5Y1              |      1 |      24 |      0 |   21120 |      0 |    5280 |      0 |      48 |      0 |       0 |      0 |      72 |      0 |       0 |      1 |       1 |
| X0Y2              |      0 |       0 |      0 |       0 |      0 |       0 |      0 |       0 |      0 |       0 |      0 |       0 |      0 |       0 |      0 |       0 |
| X1Y2              |      1 |      24 |    675 |   15360 |    230 |    4320 |      0 |      48 |      0 |       0 |      0 |     120 |      0 |       0 |      0 |       0 |
| X2Y2              |      2 |      24 |      0 |   22080 |      0 |    4800 |      0 |      48 |      0 |       0 |      0 |      96 |      0 |       0 |      0 |       0 |
| X3Y2              |      2 |      24 |     12 |   19200 |      0 |    5280 |      0 |      48 |      0 |       0 |      0 |      96 |      0 |       0 |      0 |       0 |
| X4Y2              |      2 |      24 |    927 |   15360 |      2 |    4320 |      0 |      48 |      0 |       0 |      0 |     120 |      0 |       0 |      0 |       0 |
| X5Y2              |      2 |      24 |   1969 |   21120 |      0 |    5280 |      0 |      48 |      0 |       0 |      0 |      72 |      0 |       0 |      1 |       1 |
| X0Y3              |      2 |      24 |    320 |   20160 |      0 |    3840 |      0 |      48 |      0 |      16 |     11 |      48 |      0 |       4 |      0 |       1 |
| X1Y3              |      2 |      24 |    993 |   16320 |      0 |    4800 |      0 |      48 |      0 |       0 |     28 |     120 |      0 |       0 |      0 |       0 |
| X2Y3              |      2 |      24 |     33 |   22080 |      0 |    4800 |      0 |      48 |      0 |       0 |      0 |      96 |      0 |       0 |      0 |       0 |
| X3Y3              |      3 |      24 |     26 |   19200 |      0 |    5280 |      0 |      48 |      0 |       0 |      0 |      96 |      0 |       0 |      0 |       0 |
| X4Y3              |      4 |      24 |   3624 |   15360 |      1 |    4320 |      0 |      48 |      0 |       0 |      2 |     120 |      0 |       0 |      0 |       0 |
| X5Y3              |      3 |      24 |   1727 |   21120 |      0 |    5280 |      0 |      48 |      0 |       0 |      0 |      72 |      0 |       0 |      1 |       1 |
| X0Y4              |      2 |      24 |    256 |   20160 |      0 |    3840 |      0 |      48 |      0 |      16 |     18 |      48 |      0 |       4 |      0 |       1 |
| X1Y4              |      2 |      24 |   1792 |   16320 |      0 |    4800 |      0 |      48 |      0 |       0 |     48 |     120 |      0 |       0 |      0 |       0 |
| X2Y4              |      2 |      24 |   1312 |   22080 |      0 |    4800 |      0 |      48 |      0 |       0 |     39 |      96 |      0 |       0 |      0 |       0 |
| X3Y4              |      3 |      24 |    480 |   19200 |      0 |    5280 |      0 |      48 |      0 |       0 |     13 |      96 |      0 |       0 |      0 |       0 |
| X4Y4              |      4 |      24 |   1435 |   15360 |      0 |    4320 |      0 |      48 |      0 |       0 |      4 |     120 |      0 |       0 |      0 |       0 |
| X5Y4              |      3 |      24 |     72 |   21120 |      0 |    5280 |      0 |      48 |      0 |       0 |      0 |      72 |      0 |       0 |      1 |       1 |
| X0Y5              |      2 |      24 |    832 |   20160 |      0 |    3840 |      0 |      48 |      0 |      16 |     24 |      48 |      0 |       4 |      0 |       1 |
| X1Y5              |      2 |      24 |   1312 |   16320 |      0 |    4800 |      0 |      48 |      0 |       0 |     47 |     120 |      0 |       0 |      0 |       0 |
| X2Y5              |      2 |      24 |   1152 |   22080 |      0 |    4800 |      0 |      48 |      0 |       0 |     36 |      96 |      0 |       0 |      0 |       0 |
| X3Y5              |      3 |      24 |    384 |   19200 |      0 |    5280 |      0 |      48 |      0 |       0 |     10 |      96 |      0 |       0 |      0 |       0 |
| X4Y5              |      2 |      24 |      0 |   15360 |      0 |    4320 |      0 |      48 |      0 |       0 |      0 |     120 |      0 |       0 |      0 |       0 |
| X5Y5              |      1 |      24 |      0 |   21120 |      0 |    5280 |      0 |      48 |      0 |       0 |      0 |      72 |      0 |       0 |      1 |       1 |
| X0Y6              |      2 |      24 |    648 |   20160 |      0 |    3840 |      0 |      48 |      0 |      16 |     22 |      48 |      0 |       4 |      0 |       1 |
| X1Y6              |      2 |      24 |   1624 |   16320 |      0 |    4800 |      0 |      48 |      0 |       0 |     49 |     120 |      0 |       0 |      0 |       0 |
| X2Y6              |      2 |      24 |   1120 |   22080 |      0 |    4800 |      0 |      48 |      0 |       0 |     38 |      96 |      0 |       0 |      0 |       0 |
| X3Y6              |      3 |      24 |    992 |   19200 |      0 |    5280 |      0 |      48 |      0 |       0 |     23 |      96 |      0 |       0 |      0 |       0 |
| X4Y6              |      3 |      24 |      0 |   15360 |      0 |    4320 |      0 |      48 |      0 |       0 |      3 |     120 |      0 |       0 |      0 |       0 |
| X5Y6              |      1 |      24 |      0 |   21120 |      0 |    5280 |      0 |      48 |      0 |       0 |      0 |      72 |      0 |       0 |      1 |       1 |
| X0Y7              |      2 |      24 |    649 |   20160 |      0 |    3840 |      0 |      48 |      0 |      16 |     23 |      48 |      0 |       4 |      0 |       1 |
| X1Y7              |      2 |      24 |    616 |   16320 |      0 |    4800 |      0 |      48 |      0 |       0 |     34 |     120 |      0 |       0 |      0 |       0 |
| X2Y7              |      2 |      24 |   1408 |   22080 |      0 |    4800 |      0 |      48 |      0 |       0 |     33 |      96 |      0 |       0 |      0 |       0 |
| X3Y7              |      3 |      24 |    544 |   19200 |      0 |    5280 |      0 |      48 |      0 |       0 |     14 |      96 |      0 |       0 |      0 |       0 |
| X4Y7              |      2 |      24 |      0 |   15360 |      0 |    4320 |      0 |      48 |      0 |       0 |      0 |     120 |      0 |       0 |      0 |       0 |
| X5Y7              |      1 |      24 |      0 |   21120 |      0 |    5280 |      0 |      48 |      0 |       0 |      0 |      72 |      0 |       0 |      1 |       1 |
+-------------------+--------+---------+--------+---------+--------+---------+--------+---------+--------+---------+--------+---------+--------+---------+--------+---------+
* Global Clock column represents track count; while other columns represents cell counts


6. Clock Regions : Global Clock Summary
---------------------------------------

All Modules
+----+----+----+----+----+----+----+
|    | X0 | X1 | X2 | X3 | X4 | X5 |
+----+----+----+----+----+----+----+
| Y7 |  2 |  2 |  2 |  3 |  2 |  1 |
| Y6 |  2 |  2 |  2 |  3 |  3 |  1 |
| Y5 |  2 |  2 |  2 |  3 |  2 |  1 |
| Y4 |  2 |  2 |  2 |  3 |  4 |  3 |
| Y3 |  2 |  2 |  2 |  3 |  4 |  3 |
| Y2 |  0 |  1 |  2 |  2 |  2 |  2 |
| Y1 |  0 |  1 |  2 |  1 |  1 |  1 |
| Y0 |  0 |  2 |  2 |  1 |  1 |  1 |
+----+----+----+----+----+----+----+


7. Clock Regions : Routing Resource Utilization
-----------------------------------------------

All Modules
+-------------------+----------------------+----------------------+----------------------+----------------------+
|                   |        HROUTES       |        HDISTRS       |        VROUTES       |        VDISTRS       |
+-------------------+------+-------+-------+------+-------+-------+------+-------+-------+------+-------+-------+
| Clock Region Name | Used | Avail | Util% | Used | Avail | Util% | Used | Avail | Util% | Used | Avail | Util% |
+-------------------+------+-------+-------+------+-------+-------+------+-------+-------+------+-------+-------+
| X0Y0              |    0 |     0 |  0.00 |    0 |     0 |  0.00 |    0 |     0 |  0.00 |    0 |     0 |  0.00 |
| X1Y0              |    0 |    24 |  0.00 |    2 |    24 |  8.33 |    0 |    24 |  0.00 |    0 |    24 |  0.00 |
| X2Y0              |    0 |    24 |  0.00 |    2 |    24 |  8.33 |    0 |    24 |  0.00 |    1 |    24 |  4.17 |
| X3Y0              |    0 |    24 |  0.00 |    1 |    24 |  4.17 |    0 |    24 |  0.00 |    1 |    24 |  4.17 |
| X4Y0              |    0 |    24 |  0.00 |    1 |    24 |  4.17 |    0 |    24 |  0.00 |    0 |    24 |  0.00 |
| X5Y0              |    0 |    24 |  0.00 |    1 |    24 |  4.17 |    0 |    24 |  0.00 |    0 |    24 |  0.00 |
| X0Y1              |    0 |     0 |  0.00 |    0 |     0 |  0.00 |    0 |     0 |  0.00 |    0 |     0 |  0.00 |
| X1Y1              |    0 |    24 |  0.00 |    1 |    24 |  4.17 |    0 |    24 |  0.00 |    0 |    24 |  0.00 |
| X2Y1              |    0 |    24 |  0.00 |    1 |    24 |  4.17 |    0 |    24 |  0.00 |    1 |    24 |  4.17 |
| X3Y1              |    0 |    24 |  0.00 |    1 |    24 |  4.17 |    0 |    24 |  0.00 |    1 |    24 |  4.17 |
| X4Y1              |    0 |    24 |  0.00 |    1 |    24 |  4.17 |    0 |    24 |  0.00 |    0 |    24 |  0.00 |
| X5Y1              |    0 |    24 |  0.00 |    1 |    24 |  4.17 |    0 |    24 |  0.00 |    0 |    24 |  0.00 |
| X0Y2              |    0 |     0 |  0.00 |    0 |     0 |  0.00 |    0 |     0 |  0.00 |    0 |     0 |  0.00 |
| X1Y2              |    2 |    24 |  8.33 |    1 |    24 |  4.17 |    0 |    24 |  0.00 |    0 |    24 |  0.00 |
| X2Y2              |    5 |    24 | 20.83 |    2 |    24 |  8.33 |    0 |    24 |  0.00 |    1 |    24 |  4.17 |
| X3Y2              |    4 |    24 | 16.67 |    2 |    24 |  8.33 |    0 |    24 |  0.00 |    1 |    24 |  4.17 |
| X4Y2              |    3 |    24 | 12.50 |    2 |    24 |  8.33 |    0 |    24 |  0.00 |    0 |    24 |  0.00 |
| X5Y2              |    2 |    24 |  8.33 |    2 |    24 |  8.33 |    0 |    24 |  0.00 |    0 |    24 |  0.00 |
| X0Y3              |    0 |    24 |  0.00 |    2 |    24 |  8.33 |    0 |    24 |  0.00 |    0 |    24 |  0.00 |
| X1Y3              |    0 |    24 |  0.00 |    2 |    24 |  8.33 |    0 |    24 |  0.00 |    0 |    24 |  0.00 |
| X2Y3              |    0 |    24 |  0.00 |    2 |    24 |  8.33 |    1 |    24 |  4.17 |    1 |    24 |  4.17 |
| X3Y3              |    0 |    24 |  0.00 |    3 |    24 | 12.50 |    1 |    24 |  4.17 |    1 |    24 |  4.17 |
| X4Y3              |    0 |    24 |  0.00 |    4 |    24 | 16.67 |    0 |    24 |  0.00 |    2 |    24 |  8.33 |
| X5Y3              |    0 |    24 |  0.00 |    3 |    24 | 12.50 |    0 |    24 |  0.00 |    0 |    24 |  0.00 |
| X0Y4              |    0 |    24 |  0.00 |    2 |    24 |  8.33 |    0 |    24 |  0.00 |    0 |    24 |  0.00 |
| X1Y4              |    0 |    24 |  0.00 |    2 |    24 |  8.33 |    0 |    24 |  0.00 |    0 |    24 |  0.00 |
| X2Y4              |    0 |    24 |  0.00 |    2 |    24 |  8.33 |    0 |    24 |  0.00 |    1 |    24 |  4.17 |
| X3Y4              |    0 |    24 |  0.00 |    3 |    24 | 12.50 |    0 |    24 |  0.00 |    1 |    24 |  4.17 |
| X4Y4              |    0 |    24 |  0.00 |    4 |    24 | 16.67 |    0 |    24 |  0.00 |    1 |    24 |  4.17 |
| X5Y4              |    0 |    24 |  0.00 |    3 |    24 | 12.50 |    0 |    24 |  0.00 |    0 |    24 |  0.00 |
| X0Y5              |    0 |    24 |  0.00 |    2 |    24 |  8.33 |    0 |    24 |  0.00 |    0 |    24 |  0.00 |
| X1Y5              |    0 |    24 |  0.00 |    2 |    24 |  8.33 |    0 |    24 |  0.00 |    0 |    24 |  0.00 |
| X2Y5              |    0 |    24 |  0.00 |    2 |    24 |  8.33 |    0 |    24 |  0.00 |    1 |    24 |  4.17 |
| X3Y5              |    0 |    24 |  0.00 |    3 |    24 | 12.50 |    0 |    24 |  0.00 |    1 |    24 |  4.17 |
| X4Y5              |    0 |    24 |  0.00 |    2 |    24 |  8.33 |    0 |    24 |  0.00 |    1 |    24 |  4.17 |
| X5Y5              |    0 |    24 |  0.00 |    1 |    24 |  4.17 |    0 |    24 |  0.00 |    0 |    24 |  0.00 |
| X0Y6              |    0 |    24 |  0.00 |    2 |    24 |  8.33 |    0 |    24 |  0.00 |    0 |    24 |  0.00 |
| X1Y6              |    0 |    24 |  0.00 |    2 |    24 |  8.33 |    0 |    24 |  0.00 |    0 |    24 |  0.00 |
| X2Y6              |    0 |    24 |  0.00 |    2 |    24 |  8.33 |    0 |    24 |  0.00 |    1 |    24 |  4.17 |
| X3Y6              |    0 |    24 |  0.00 |    3 |    24 | 12.50 |    0 |    24 |  0.00 |    1 |    24 |  4.17 |
| X4Y6              |    0 |    24 |  0.00 |    3 |    24 | 12.50 |    0 |    24 |  0.00 |    1 |    24 |  4.17 |
| X5Y6              |    0 |    24 |  0.00 |    1 |    24 |  4.17 |    0 |    24 |  0.00 |    0 |    24 |  0.00 |
| X0Y7              |    0 |    24 |  0.00 |    2 |    24 |  8.33 |    0 |    24 |  0.00 |    0 |    24 |  0.00 |
| X1Y7              |    0 |    24 |  0.00 |    2 |    24 |  8.33 |    0 |    24 |  0.00 |    0 |    24 |  0.00 |
| X2Y7              |    0 |    24 |  0.00 |    2 |    24 |  8.33 |    0 |    24 |  0.00 |    0 |    24 |  0.00 |
| X3Y7              |    0 |    24 |  0.00 |    3 |    24 | 12.50 |    0 |    24 |  0.00 |    0 |    24 |  0.00 |
| X4Y7              |    0 |    24 |  0.00 |    2 |    24 |  8.33 |    0 |    24 |  0.00 |    0 |    24 |  0.00 |
| X5Y7              |    0 |    24 |  0.00 |    1 |    24 |  4.17 |    0 |    24 |  0.00 |    0 |    24 |  0.00 |
+-------------------+------+-------+-------+------+-------+-------+------+-------+-------+------+-------+-------+


8. Device Cell Placement Summary for Global Clock g0
----------------------------------------------------

+-----------+-----------------+-------------------+------------+-------------+---------------+----------+-------------+----------+----------------+----------+----------------------------------------------------------------------------------------------------+
| Global Id | Driver Type/Pin | Driver Region (D) | Clock      | Period (ns) | Waveform (ns) | Root (R) | Slice Loads | IO Loads | Clocking Loads | GT Loads | Net                                                                                                |
+-----------+-----------------+-------------------+------------+-------------+---------------+----------+-------------+----------+----------------+----------+----------------------------------------------------------------------------------------------------+
| g0        | BUFG_GT/O       | X5Y2              | RFADC2_CLK |      15.625 | {0.000 7.812} | X2Y3     |       22985 |        0 |              0 |        0 | design_1_i/usp_rf_data_converter_0/inst/i_design_1_usp_rf_data_converter_0_0_bufg_gt_ctrl/clk_adc2 |
+-----------+-----------------+-------------------+------------+-------------+---------------+----------+-------------+----------+----------------+----------+----------------------------------------------------------------------------------------------------+
* Slice Loads column represents load cell count of all cell types other than IO, GT and clock resources
** IO Loads column represents load cell count of IO types
*** Clocking Loads column represents load cell count that are clock resources (global clock buffer, MMCM, PLL, etc)
**** GT Loads column represents load cell count of GT types


+----+------+-------+--------+-------+-------+--------+-----------------------+
|    | X0   | X1    | X2     | X3    | X4    | X5     | HORIZONTAL PROG DELAY |
+----+------+-------+--------+-------+-------+--------+-----------------------+
| Y7 |  672 |   650 |   1441 |   558 |     0 |      0 |                     0 |
| Y6 |  670 |  1673 |   1158 |  1015 |     3 |      0 |                     1 |
| Y5 |  856 |  1359 |   1188 |   394 |     0 |      0 |                     2 |
| Y4 |  274 |  1840 |   1351 |   493 |  1439 |     72 |                     3 |
| Y3 |  331 |  1021 | (R) 33 |     0 |  3608 |    603 |                     3 |
| Y2 |    0 |     0 |      0 |     4 |    30 |  (D) 5 |                     2 |
| Y1 |    0 |     0 |      0 |     0 |     0 |      0 |                     - |
| Y0 |    0 |   244 |      0 |     0 |     0 |      0 |                     0 |
+----+------+-------+--------+-------+-------+--------+-----------------------+


9. Device Cell Placement Summary for Global Clock g1
----------------------------------------------------

+-----------+-----------------+-------------------+----------+-------------+---------------+----------+-------------+----------+----------------+----------+-------------------------------------------+
| Global Id | Driver Type/Pin | Driver Region (D) | Clock    | Period (ns) | Waveform (ns) | Root (R) | Slice Loads | IO Loads | Clocking Loads | GT Loads | Net                                       |
+-----------+-----------------+-------------------+----------+-------------+---------------+----------+-------------+----------+----------------+----------+-------------------------------------------+
| g1        | BUFG_PS/O       | X1Y2              | clk_pl_0 |       6.666 | {0.000 3.333} | X3Y3     |       11063 |        0 |              0 |        0 | design_1_i/zynq_ultra_ps_e_0/inst/pl_clk0 |
+-----------+-----------------+-------------------+----------+-------------+---------------+----------+-------------+----------+----------------+----------+-------------------------------------------+
* Slice Loads column represents load cell count of all cell types other than IO, GT and clock resources
** IO Loads column represents load cell count of IO types
*** Clocking Loads column represents load cell count that are clock resources (global clock buffer, MMCM, PLL, etc)
**** GT Loads column represents load cell count of GT types


+----+----+----------+------+--------+------+-------+-----------------------+
|    | X0 | X1       | X2   | X3     | X4   | X5    | HORIZONTAL PROG DELAY |
+----+----+----------+------+--------+------+-------+-----------------------+
| Y7 |  0 |        0 |    0 |      0 |    0 |     1 |                     0 |
| Y6 |  0 |        0 |    0 |      0 |    0 |     1 |                     1 |
| Y5 |  0 |        0 |    0 |      0 |    0 |     1 |                     2 |
| Y4 |  0 |        0 |    0 |      0 |    0 |     1 |                     3 |
| Y3 |  0 |        0 |    0 | (R) 26 |   19 |  1125 |                     3 |
| Y2 |  0 |  (D) 905 |    0 |      8 |  899 |  1966 |                     2 |
| Y1 |  0 |     1678 |  281 |      0 |    0 |     1 |                     1 |
| Y0 |  1 |     4128 |   21 |      0 |    0 |     1 |                     0 |
+----+----+----------+------+--------+------+-------+-----------------------+


10. Device Cell Placement Summary for Global Clock g2
-----------------------------------------------------

+-----------+-----------------+-------------------+-------+-------------+---------------+----------+-------------+----------+----------------+----------+----------------------------------------------+
| Global Id | Driver Type/Pin | Driver Region (D) | Clock | Period (ns) | Waveform (ns) | Root (R) | Slice Loads | IO Loads | Clocking Loads | GT Loads | Net                                          |
+-----------+-----------------+-------------------+-------+-------------+---------------+----------+-------------+----------+----------------+----------+----------------------------------------------+
| g2        | BUFGCE/O        | X4Y3              |       |             |               | X4Y3     |       16370 |        0 |              0 |        0 | design_1_i/adsb_0/inst/my_top/my_cordic/E[0] |
+-----------+-----------------+-------------------+-------+-------------+---------------+----------+-------------+----------+----------------+----------+----------------------------------------------+
* Slice Loads column represents load cell count of all cell types other than IO, GT and clock resources
** IO Loads column represents load cell count of IO types
*** Clocking Loads column represents load cell count that are clock resources (global clock buffer, MMCM, PLL, etc)
**** GT Loads column represents load cell count of GT types


+----+------+-------+-------+------+-----------+----+-----------------------+
|    | X0   | X1    | X2    | X3   | X4        | X5 | HORIZONTAL PROG DELAY |
+----+------+-------+-------+------+-----------+----+-----------------------+
| Y7 |  650 |   616 |  1408 |  544 |         0 |  0 |                     0 |
| Y6 |  648 |  1624 |  1120 |  992 |         0 |  0 |                     0 |
| Y5 |  832 |  1312 |  1152 |  384 |         0 |  0 |                     0 |
| Y4 |  256 |  1792 |  1312 |  480 |         0 |  0 |                     0 |
| Y3 |  320 |   896 |    32 |    0 | (R) (D) 0 |  0 |                     0 |
| Y2 |    0 |     0 |     0 |    0 |         0 |  0 |                     - |
| Y1 |    0 |     0 |     0 |    0 |         0 |  0 |                     - |
| Y0 |    0 |     0 |     0 |    0 |         0 |  0 |                     - |
+----+------+-------+-------+------+-----------+----+-----------------------+


11. Device Cell Placement Summary for Global Clock g3
-----------------------------------------------------

+-----------+-----------------+-------------------+-------+-------------+---------------+----------+-------------+----------+----------------+----------+--------------------------------------------------------------------------------------------------------------------------+
| Global Id | Driver Type/Pin | Driver Region (D) | Clock | Period (ns) | Waveform (ns) | Root (R) | Slice Loads | IO Loads | Clocking Loads | GT Loads | Net                                                                                                                      |
+-----------+-----------------+-------------------+-------+-------------+---------------+----------+-------------+----------+----------------+----------+--------------------------------------------------------------------------------------------------------------------------+
| g3        | BUFGCE/O        | X4Y3              |       |             |               | X4Y3     |        4776 |        0 |              0 |        0 | design_1_i/usp_rf_data_converter_0/inst/design_1_usp_rf_data_converter_0_0_rf_wrapper_i/cdc_adc2_done_i/syncstages_ff[3] |
+-----------+-----------------+-------------------+-------+-------------+---------------+----------+-------------+----------+----------------+----------+--------------------------------------------------------------------------------------------------------------------------+
* Slice Loads column represents load cell count of all cell types other than IO, GT and clock resources
** IO Loads column represents load cell count of IO types
*** Clocking Loads column represents load cell count that are clock resources (global clock buffer, MMCM, PLL, etc)
**** GT Loads column represents load cell count of GT types


+----+----+----+----+----+--------------+------+-----------------------+
|    | X0 | X1 | X2 | X3 | X4           | X5   | HORIZONTAL PROG DELAY |
+----+----+----+----+----+--------------+------+-----------------------+
| Y7 |  0 |  0 |  0 |  0 |            0 |    0 |                     - |
| Y6 |  0 |  0 |  0 |  0 |            0 |    0 |                     - |
| Y5 |  0 |  0 |  0 |  0 |            0 |    0 |                     - |
| Y4 |  0 |  0 |  0 |  0 |          496 |   72 |                     0 |
| Y3 |  0 |  0 |  0 |  0 | (R) (D) 3605 |  603 |                     0 |
| Y2 |  0 |  0 |  0 |  0 |            0 |    0 |                     - |
| Y1 |  0 |  0 |  0 |  0 |            0 |    0 |                     - |
| Y0 |  0 |  0 |  0 |  0 |            0 |    0 |                     - |
+----+----+----+----+----+--------------+------+-----------------------+


12. Clock Region Cell Placement per Global Clock: Region X1Y0
-------------------------------------------------------------

+-----------+-------+-----------------+------------+-------------+-----------------+------+-------------+------+------+-----+----+------+-----+---------+----------------------------------------------------------------------------------------------------+
| Global Id | Track | Driver Type/Pin | Constraint | Clock Loads | Non-Clock Loads | FF   | Memory LUTs | RAMB | URAM | DSP | GT | MMCM | PLL | Hard IP | Net                                                                                                |
+-----------+-------+-----------------+------------+-------------+-----------------+------+-------------+------+------+-----+----+------+-----+---------+----------------------------------------------------------------------------------------------------+
| g0        | 6     | BUFG_GT/O       | None       |         244 |               0 |  235 |           0 |    9 |    0 |   0 |  0 |    0 |   0 |       0 | design_1_i/usp_rf_data_converter_0/inst/i_design_1_usp_rf_data_converter_0_0_bufg_gt_ctrl/clk_adc2 |
| g1        | 18    | BUFG_PS/O       | None       |        4128 |               0 | 3808 |         308 |   12 |    0 |   0 |  0 |    0 |   0 |       0 | design_1_i/zynq_ultra_ps_e_0/inst/pl_clk0                                                          |
+-----------+-------+-----------------+------------+-------------+-----------------+------+-------------+------+------+-----+----+------+-----+---------+----------------------------------------------------------------------------------------------------+
* Clock Loads column represents cell count of net connects that connect to a clock pin. Internal cell leaf pins are not considered
** Non-Clock Loads column represents cell count of non-clock pin loads
*** Columns FF, LUTRAM, RAMB through 'Hard IP' represents load cell counts


13. Clock Region Cell Placement per Global Clock: Region X2Y0
-------------------------------------------------------------

+-----------+-------+-----------------+------------+-------------+-----------------+----+-------------+------+------+-----+----+------+-----+---------+----------------------------------------------------------------------------------------------------+
| Global Id | Track | Driver Type/Pin | Constraint | Clock Loads | Non-Clock Loads | FF | Memory LUTs | RAMB | URAM | DSP | GT | MMCM | PLL | Hard IP | Net                                                                                                |
+-----------+-------+-----------------+------------+-------------+-----------------+----+-------------+------+------+-----+----+------+-----+---------+----------------------------------------------------------------------------------------------------+
| g0+       | 6     | BUFG_GT/O       | None       |           0 |               0 |  0 |           0 |    0 |    0 |   0 |  0 |    0 |   0 |       0 | design_1_i/usp_rf_data_converter_0/inst/i_design_1_usp_rf_data_converter_0_0_bufg_gt_ctrl/clk_adc2 |
| g1        | 18    | BUFG_PS/O       | None       |          21 |               0 | 20 |           1 |    0 |    0 |   0 |  0 |    0 |   0 |       0 | design_1_i/zynq_ultra_ps_e_0/inst/pl_clk0                                                          |
+-----------+-------+-----------------+------------+-------------+-----------------+----+-------------+------+------+-----+----+------+-----+---------+----------------------------------------------------------------------------------------------------+
* Clock Loads column represents cell count of net connects that connect to a clock pin. Internal cell leaf pins are not considered
** Non-Clock Loads column represents cell count of non-clock pin loads
*** Columns FF, LUTRAM, RAMB through 'Hard IP' represents load cell counts
**** In Global Id column, sympbol '+' indicates that global clock was used only to route through the clock region.


14. Clock Region Cell Placement per Global Clock: Region X3Y0
-------------------------------------------------------------

+-----------+-------+-----------------+------------+-------------+-----------------+----+-------------+------+------+-----+----+------+-----+---------+-------------------------------------------+
| Global Id | Track | Driver Type/Pin | Constraint | Clock Loads | Non-Clock Loads | FF | Memory LUTs | RAMB | URAM | DSP | GT | MMCM | PLL | Hard IP | Net                                       |
+-----------+-------+-----------------+------------+-------------+-----------------+----+-------------+------+------+-----+----+------+-----+---------+-------------------------------------------+
| g1+       | 18    | BUFG_PS/O       | None       |           0 |               0 |  0 |           0 |    0 |    0 |   0 |  0 |    0 |   0 |       0 | design_1_i/zynq_ultra_ps_e_0/inst/pl_clk0 |
+-----------+-------+-----------------+------------+-------------+-----------------+----+-------------+------+------+-----+----+------+-----+---------+-------------------------------------------+
* Clock Loads column represents cell count of net connects that connect to a clock pin. Internal cell leaf pins are not considered
** Non-Clock Loads column represents cell count of non-clock pin loads
*** Columns FF, LUTRAM, RAMB through 'Hard IP' represents load cell counts
**** In Global Id column, sympbol '+' indicates that global clock was used only to route through the clock region.


15. Clock Region Cell Placement per Global Clock: Region X4Y0
-------------------------------------------------------------

+-----------+-------+-----------------+------------+-------------+-----------------+----+-------------+------+------+-----+----+------+-----+---------+-------------------------------------------+
| Global Id | Track | Driver Type/Pin | Constraint | Clock Loads | Non-Clock Loads | FF | Memory LUTs | RAMB | URAM | DSP | GT | MMCM | PLL | Hard IP | Net                                       |
+-----------+-------+-----------------+------------+-------------+-----------------+----+-------------+------+------+-----+----+------+-----+---------+-------------------------------------------+
| g1+       | 18    | BUFG_PS/O       | None       |           0 |               0 |  0 |           0 |    0 |    0 |   0 |  0 |    0 |   0 |       0 | design_1_i/zynq_ultra_ps_e_0/inst/pl_clk0 |
+-----------+-------+-----------------+------------+-------------+-----------------+----+-------------+------+------+-----+----+------+-----+---------+-------------------------------------------+
* Clock Loads column represents cell count of net connects that connect to a clock pin. Internal cell leaf pins are not considered
** Non-Clock Loads column represents cell count of non-clock pin loads
*** Columns FF, LUTRAM, RAMB through 'Hard IP' represents load cell counts
**** In Global Id column, sympbol '+' indicates that global clock was used only to route through the clock region.


16. Clock Region Cell Placement per Global Clock: Region X5Y0
-------------------------------------------------------------

+-----------+-------+-----------------+------------+-------------+-----------------+----+-------------+------+------+-----+----+------+-----+---------+-------------------------------------------+
| Global Id | Track | Driver Type/Pin | Constraint | Clock Loads | Non-Clock Loads | FF | Memory LUTs | RAMB | URAM | DSP | GT | MMCM | PLL | Hard IP | Net                                       |
+-----------+-------+-----------------+------------+-------------+-----------------+----+-------------+------+------+-----+----+------+-----+---------+-------------------------------------------+
| g1        | 18    | BUFG_PS/O       | None       |           1 |               0 |  0 |           0 |    0 |    0 |   0 |  0 |    0 |   0 |       0 | design_1_i/zynq_ultra_ps_e_0/inst/pl_clk0 |
+-----------+-------+-----------------+------------+-------------+-----------------+----+-------------+------+------+-----+----+------+-----+---------+-------------------------------------------+
* Clock Loads column represents cell count of net connects that connect to a clock pin. Internal cell leaf pins are not considered
** Non-Clock Loads column represents cell count of non-clock pin loads
*** Columns FF, LUTRAM, RAMB through 'Hard IP' represents load cell counts


17. Clock Region Cell Placement per Global Clock: Region X1Y1
-------------------------------------------------------------

+-----------+-------+-----------------+------------+-------------+-----------------+------+-------------+------+------+-----+----+------+-----+---------+-------------------------------------------+
| Global Id | Track | Driver Type/Pin | Constraint | Clock Loads | Non-Clock Loads | FF   | Memory LUTs | RAMB | URAM | DSP | GT | MMCM | PLL | Hard IP | Net                                       |
+-----------+-------+-----------------+------------+-------------+-----------------+------+-------------+------+------+-----+----+------+-----+---------+-------------------------------------------+
| g1        | 18    | BUFG_PS/O       | None       |        1678 |               0 | 1549 |         129 |    0 |    0 |   0 |  0 |    0 |   0 |       0 | design_1_i/zynq_ultra_ps_e_0/inst/pl_clk0 |
+-----------+-------+-----------------+------------+-------------+-----------------+------+-------------+------+------+-----+----+------+-----+---------+-------------------------------------------+
* Clock Loads column represents cell count of net connects that connect to a clock pin. Internal cell leaf pins are not considered
** Non-Clock Loads column represents cell count of non-clock pin loads
*** Columns FF, LUTRAM, RAMB through 'Hard IP' represents load cell counts


18. Clock Region Cell Placement per Global Clock: Region X2Y1
-------------------------------------------------------------

+-----------+-------+-----------------+------------+-------------+-----------------+-----+-------------+------+------+-----+----+------+-----+---------+----------------------------------------------------------------------------------------------------+
| Global Id | Track | Driver Type/Pin | Constraint | Clock Loads | Non-Clock Loads | FF  | Memory LUTs | RAMB | URAM | DSP | GT | MMCM | PLL | Hard IP | Net                                                                                                |
+-----------+-------+-----------------+------------+-------------+-----------------+-----+-------------+------+------+-----+----+------+-----+---------+----------------------------------------------------------------------------------------------------+
| g0+       | 6     | BUFG_GT/O       | None       |           0 |               0 |   0 |           0 |    0 |    0 |   0 |  0 |    0 |   0 |       0 | design_1_i/usp_rf_data_converter_0/inst/i_design_1_usp_rf_data_converter_0_0_bufg_gt_ctrl/clk_adc2 |
| g1        | 18    | BUFG_PS/O       | None       |         281 |               0 | 277 |           4 |    0 |    0 |   0 |  0 |    0 |   0 |       0 | design_1_i/zynq_ultra_ps_e_0/inst/pl_clk0                                                          |
+-----------+-------+-----------------+------------+-------------+-----------------+-----+-------------+------+------+-----+----+------+-----+---------+----------------------------------------------------------------------------------------------------+
* Clock Loads column represents cell count of net connects that connect to a clock pin. Internal cell leaf pins are not considered
** Non-Clock Loads column represents cell count of non-clock pin loads
*** Columns FF, LUTRAM, RAMB through 'Hard IP' represents load cell counts
**** In Global Id column, sympbol '+' indicates that global clock was used only to route through the clock region.


19. Clock Region Cell Placement per Global Clock: Region X3Y1
-------------------------------------------------------------

+-----------+-------+-----------------+------------+-------------+-----------------+----+-------------+------+------+-----+----+------+-----+---------+-------------------------------------------+
| Global Id | Track | Driver Type/Pin | Constraint | Clock Loads | Non-Clock Loads | FF | Memory LUTs | RAMB | URAM | DSP | GT | MMCM | PLL | Hard IP | Net                                       |
+-----------+-------+-----------------+------------+-------------+-----------------+----+-------------+------+------+-----+----+------+-----+---------+-------------------------------------------+
| g1+       | 18    | BUFG_PS/O       | None       |           0 |               0 |  0 |           0 |    0 |    0 |   0 |  0 |    0 |   0 |       0 | design_1_i/zynq_ultra_ps_e_0/inst/pl_clk0 |
+-----------+-------+-----------------+------------+-------------+-----------------+----+-------------+------+------+-----+----+------+-----+---------+-------------------------------------------+
* Clock Loads column represents cell count of net connects that connect to a clock pin. Internal cell leaf pins are not considered
** Non-Clock Loads column represents cell count of non-clock pin loads
*** Columns FF, LUTRAM, RAMB through 'Hard IP' represents load cell counts
**** In Global Id column, sympbol '+' indicates that global clock was used only to route through the clock region.


20. Clock Region Cell Placement per Global Clock: Region X4Y1
-------------------------------------------------------------

+-----------+-------+-----------------+------------+-------------+-----------------+----+-------------+------+------+-----+----+------+-----+---------+-------------------------------------------+
| Global Id | Track | Driver Type/Pin | Constraint | Clock Loads | Non-Clock Loads | FF | Memory LUTs | RAMB | URAM | DSP | GT | MMCM | PLL | Hard IP | Net                                       |
+-----------+-------+-----------------+------------+-------------+-----------------+----+-------------+------+------+-----+----+------+-----+---------+-------------------------------------------+
| g1+       | 18    | BUFG_PS/O       | None       |           0 |               0 |  0 |           0 |    0 |    0 |   0 |  0 |    0 |   0 |       0 | design_1_i/zynq_ultra_ps_e_0/inst/pl_clk0 |
+-----------+-------+-----------------+------------+-------------+-----------------+----+-------------+------+------+-----+----+------+-----+---------+-------------------------------------------+
* Clock Loads column represents cell count of net connects that connect to a clock pin. Internal cell leaf pins are not considered
** Non-Clock Loads column represents cell count of non-clock pin loads
*** Columns FF, LUTRAM, RAMB through 'Hard IP' represents load cell counts
**** In Global Id column, sympbol '+' indicates that global clock was used only to route through the clock region.


21. Clock Region Cell Placement per Global Clock: Region X5Y1
-------------------------------------------------------------

+-----------+-------+-----------------+------------+-------------+-----------------+----+-------------+------+------+-----+----+------+-----+---------+-------------------------------------------+
| Global Id | Track | Driver Type/Pin | Constraint | Clock Loads | Non-Clock Loads | FF | Memory LUTs | RAMB | URAM | DSP | GT | MMCM | PLL | Hard IP | Net                                       |
+-----------+-------+-----------------+------------+-------------+-----------------+----+-------------+------+------+-----+----+------+-----+---------+-------------------------------------------+
| g1        | 18    | BUFG_PS/O       | None       |           1 |               0 |  0 |           0 |    0 |    0 |   0 |  0 |    0 |   0 |       0 | design_1_i/zynq_ultra_ps_e_0/inst/pl_clk0 |
+-----------+-------+-----------------+------------+-------------+-----------------+----+-------------+------+------+-----+----+------+-----+---------+-------------------------------------------+
* Clock Loads column represents cell count of net connects that connect to a clock pin. Internal cell leaf pins are not considered
** Non-Clock Loads column represents cell count of non-clock pin loads
*** Columns FF, LUTRAM, RAMB through 'Hard IP' represents load cell counts


22. Clock Region Cell Placement per Global Clock: Region X1Y2
-------------------------------------------------------------

+-----------+-------+-----------------+------------+-------------+-----------------+-----+-------------+------+------+-----+----+------+-----+---------+-------------------------------------------+
| Global Id | Track | Driver Type/Pin | Constraint | Clock Loads | Non-Clock Loads | FF  | Memory LUTs | RAMB | URAM | DSP | GT | MMCM | PLL | Hard IP | Net                                       |
+-----------+-------+-----------------+------------+-------------+-----------------+-----+-------------+------+------+-----+----+------+-----+---------+-------------------------------------------+
| g1        | 18    | BUFG_PS/O       | None       |         905 |               0 | 675 |         230 |    0 |    0 |   0 |  0 |    0 |   0 |       0 | design_1_i/zynq_ultra_ps_e_0/inst/pl_clk0 |
+-----------+-------+-----------------+------------+-------------+-----------------+-----+-------------+------+------+-----+----+------+-----+---------+-------------------------------------------+
* Clock Loads column represents cell count of net connects that connect to a clock pin. Internal cell leaf pins are not considered
** Non-Clock Loads column represents cell count of non-clock pin loads
*** Columns FF, LUTRAM, RAMB through 'Hard IP' represents load cell counts


23. Clock Region Cell Placement per Global Clock: Region X2Y2
-------------------------------------------------------------

+-----------+-------+-----------------+------------+-------------+-----------------+----+-------------+------+------+-----+----+------+-----+---------+----------------------------------------------------------------------------------------------------+
| Global Id | Track | Driver Type/Pin | Constraint | Clock Loads | Non-Clock Loads | FF | Memory LUTs | RAMB | URAM | DSP | GT | MMCM | PLL | Hard IP | Net                                                                                                |
+-----------+-------+-----------------+------------+-------------+-----------------+----+-------------+------+------+-----+----+------+-----+---------+----------------------------------------------------------------------------------------------------+
| g0+       | 6     | BUFG_GT/O       | None       |           0 |               0 |  0 |           0 |    0 |    0 |   0 |  0 |    0 |   0 |       0 | design_1_i/usp_rf_data_converter_0/inst/i_design_1_usp_rf_data_converter_0_0_bufg_gt_ctrl/clk_adc2 |
| g1+       | 18    | BUFG_PS/O       | None       |           0 |               0 |  0 |           0 |    0 |    0 |   0 |  0 |    0 |   0 |       0 | design_1_i/zynq_ultra_ps_e_0/inst/pl_clk0                                                          |
+-----------+-------+-----------------+------------+-------------+-----------------+----+-------------+------+------+-----+----+------+-----+---------+----------------------------------------------------------------------------------------------------+
* Clock Loads column represents cell count of net connects that connect to a clock pin. Internal cell leaf pins are not considered
** Non-Clock Loads column represents cell count of non-clock pin loads
*** Columns FF, LUTRAM, RAMB through 'Hard IP' represents load cell counts
**** In Global Id column, sympbol '+' indicates that global clock was used only to route through the clock region.


24. Clock Region Cell Placement per Global Clock: Region X3Y2
-------------------------------------------------------------

+-----------+-------+-----------------+------------+-------------+-----------------+----+-------------+------+------+-----+----+------+-----+---------+----------------------------------------------------------------------------------------------------+
| Global Id | Track | Driver Type/Pin | Constraint | Clock Loads | Non-Clock Loads | FF | Memory LUTs | RAMB | URAM | DSP | GT | MMCM | PLL | Hard IP | Net                                                                                                |
+-----------+-------+-----------------+------------+-------------+-----------------+----+-------------+------+------+-----+----+------+-----+---------+----------------------------------------------------------------------------------------------------+
| g0        | 6     | BUFG_GT/O       | None       |           4 |               0 |  4 |           0 |    0 |    0 |   0 |  0 |    0 |   0 |       0 | design_1_i/usp_rf_data_converter_0/inst/i_design_1_usp_rf_data_converter_0_0_bufg_gt_ctrl/clk_adc2 |
| g1        | 18    | BUFG_PS/O       | None       |           8 |               0 |  8 |           0 |    0 |    0 |   0 |  0 |    0 |   0 |       0 | design_1_i/zynq_ultra_ps_e_0/inst/pl_clk0                                                          |
+-----------+-------+-----------------+------------+-------------+-----------------+----+-------------+------+------+-----+----+------+-----+---------+----------------------------------------------------------------------------------------------------+
* Clock Loads column represents cell count of net connects that connect to a clock pin. Internal cell leaf pins are not considered
** Non-Clock Loads column represents cell count of non-clock pin loads
*** Columns FF, LUTRAM, RAMB through 'Hard IP' represents load cell counts


25. Clock Region Cell Placement per Global Clock: Region X4Y2
-------------------------------------------------------------

+-----------+-------+-----------------+------------+-------------+-----------------+-----+-------------+------+------+-----+----+------+-----+---------+----------------------------------------------------------------------------------------------------+
| Global Id | Track | Driver Type/Pin | Constraint | Clock Loads | Non-Clock Loads | FF  | Memory LUTs | RAMB | URAM | DSP | GT | MMCM | PLL | Hard IP | Net                                                                                                |
+-----------+-------+-----------------+------------+-------------+-----------------+-----+-------------+------+------+-----+----+------+-----+---------+----------------------------------------------------------------------------------------------------+
| g0        | 6     | BUFG_GT/O       | None       |          30 |               0 |  29 |           1 |    0 |    0 |   0 |  0 |    0 |   0 |       0 | design_1_i/usp_rf_data_converter_0/inst/i_design_1_usp_rf_data_converter_0_0_bufg_gt_ctrl/clk_adc2 |
| g1        | 18    | BUFG_PS/O       | None       |         899 |               0 | 898 |           1 |    0 |    0 |   0 |  0 |    0 |   0 |       0 | design_1_i/zynq_ultra_ps_e_0/inst/pl_clk0                                                          |
+-----------+-------+-----------------+------------+-------------+-----------------+-----+-------------+------+------+-----+----+------+-----+---------+----------------------------------------------------------------------------------------------------+
* Clock Loads column represents cell count of net connects that connect to a clock pin. Internal cell leaf pins are not considered
** Non-Clock Loads column represents cell count of non-clock pin loads
*** Columns FF, LUTRAM, RAMB through 'Hard IP' represents load cell counts


26. Clock Region Cell Placement per Global Clock: Region X5Y2
-------------------------------------------------------------

+-----------+-------+-----------------+------------+-------------+-----------------+------+-------------+------+------+-----+----+------+-----+---------+----------------------------------------------------------------------------------------------------+
| Global Id | Track | Driver Type/Pin | Constraint | Clock Loads | Non-Clock Loads | FF   | Memory LUTs | RAMB | URAM | DSP | GT | MMCM | PLL | Hard IP | Net                                                                                                |
+-----------+-------+-----------------+------------+-------------+-----------------+------+-------------+------+------+-----+----+------+-----+---------+----------------------------------------------------------------------------------------------------+
| g0        | 6     | BUFG_GT/O       | None       |           5 |               0 |    4 |           0 |    0 |    0 |   0 |  0 |    0 |   0 |       0 | design_1_i/usp_rf_data_converter_0/inst/i_design_1_usp_rf_data_converter_0_0_bufg_gt_ctrl/clk_adc2 |
| g1        | 18    | BUFG_PS/O       | None       |        1966 |               0 | 1965 |           0 |    0 |    0 |   0 |  0 |    0 |   0 |       0 | design_1_i/zynq_ultra_ps_e_0/inst/pl_clk0                                                          |
+-----------+-------+-----------------+------------+-------------+-----------------+------+-------------+------+------+-----+----+------+-----+---------+----------------------------------------------------------------------------------------------------+
* Clock Loads column represents cell count of net connects that connect to a clock pin. Internal cell leaf pins are not considered
** Non-Clock Loads column represents cell count of non-clock pin loads
*** Columns FF, LUTRAM, RAMB through 'Hard IP' represents load cell counts


27. Clock Region Cell Placement per Global Clock: Region X0Y3
-------------------------------------------------------------

+-----------+-------+-----------------+------------+-------------+-----------------+-----+-------------+------+------+-----+----+------+-----+---------+----------------------------------------------------------------------------------------------------+
| Global Id | Track | Driver Type/Pin | Constraint | Clock Loads | Non-Clock Loads | FF  | Memory LUTs | RAMB | URAM | DSP | GT | MMCM | PLL | Hard IP | Net                                                                                                |
+-----------+-------+-----------------+------------+-------------+-----------------+-----+-------------+------+------+-----+----+------+-----+---------+----------------------------------------------------------------------------------------------------+
| g0        | 6     | BUFG_GT/O       | None       |         331 |               0 | 320 |           0 |    0 |    0 |  11 |  0 |    0 |   0 |       0 | design_1_i/usp_rf_data_converter_0/inst/i_design_1_usp_rf_data_converter_0_0_bufg_gt_ctrl/clk_adc2 |
| g2        | 20    | BUFGCE/O        | None       |           0 |             320 | 320 |           0 |    0 |    0 |   0 |  0 |    0 |   0 |       0 | design_1_i/adsb_0/inst/my_top/my_cordic/E[0]                                                       |
+-----------+-------+-----------------+------------+-------------+-----------------+-----+-------------+------+------+-----+----+------+-----+---------+----------------------------------------------------------------------------------------------------+
* Clock Loads column represents cell count of net connects that connect to a clock pin. Internal cell leaf pins are not considered
** Non-Clock Loads column represents cell count of non-clock pin loads
*** Columns FF, LUTRAM, RAMB through 'Hard IP' represents load cell counts


28. Clock Region Cell Placement per Global Clock: Region X1Y3
-------------------------------------------------------------

+-----------+-------+-----------------+------------+-------------+-----------------+-----+-------------+------+------+-----+----+------+-----+---------+----------------------------------------------------------------------------------------------------+
| Global Id | Track | Driver Type/Pin | Constraint | Clock Loads | Non-Clock Loads | FF  | Memory LUTs | RAMB | URAM | DSP | GT | MMCM | PLL | Hard IP | Net                                                                                                |
+-----------+-------+-----------------+------------+-------------+-----------------+-----+-------------+------+------+-----+----+------+-----+---------+----------------------------------------------------------------------------------------------------+
| g0        | 6     | BUFG_GT/O       | None       |        1021 |               0 | 993 |           0 |    0 |    0 |  28 |  0 |    0 |   0 |       0 | design_1_i/usp_rf_data_converter_0/inst/i_design_1_usp_rf_data_converter_0_0_bufg_gt_ctrl/clk_adc2 |
| g2        | 20    | BUFGCE/O        | None       |           0 |             896 | 896 |           0 |    0 |    0 |   0 |  0 |    0 |   0 |       0 | design_1_i/adsb_0/inst/my_top/my_cordic/E[0]                                                       |
+-----------+-------+-----------------+------------+-------------+-----------------+-----+-------------+------+------+-----+----+------+-----+---------+----------------------------------------------------------------------------------------------------+
* Clock Loads column represents cell count of net connects that connect to a clock pin. Internal cell leaf pins are not considered
** Non-Clock Loads column represents cell count of non-clock pin loads
*** Columns FF, LUTRAM, RAMB through 'Hard IP' represents load cell counts


29. Clock Region Cell Placement per Global Clock: Region X2Y3
-------------------------------------------------------------

+-----------+-------+-----------------+------------+-------------+-----------------+----+-------------+------+------+-----+----+------+-----+---------+----------------------------------------------------------------------------------------------------+
| Global Id | Track | Driver Type/Pin | Constraint | Clock Loads | Non-Clock Loads | FF | Memory LUTs | RAMB | URAM | DSP | GT | MMCM | PLL | Hard IP | Net                                                                                                |
+-----------+-------+-----------------+------------+-------------+-----------------+----+-------------+------+------+-----+----+------+-----+---------+----------------------------------------------------------------------------------------------------+
| g0        | 6     | BUFG_GT/O       | None       |          33 |               0 | 33 |           0 |    0 |    0 |   0 |  0 |    0 |   0 |       0 | design_1_i/usp_rf_data_converter_0/inst/i_design_1_usp_rf_data_converter_0_0_bufg_gt_ctrl/clk_adc2 |
| g2        | 20    | BUFGCE/O        | None       |           0 |              32 | 32 |           0 |    0 |    0 |   0 |  0 |    0 |   0 |       0 | design_1_i/adsb_0/inst/my_top/my_cordic/E[0]                                                       |
+-----------+-------+-----------------+------------+-------------+-----------------+----+-------------+------+------+-----+----+------+-----+---------+----------------------------------------------------------------------------------------------------+
* Clock Loads column represents cell count of net connects that connect to a clock pin. Internal cell leaf pins are not considered
** Non-Clock Loads column represents cell count of non-clock pin loads
*** Columns FF, LUTRAM, RAMB through 'Hard IP' represents load cell counts


30. Clock Region Cell Placement per Global Clock: Region X3Y3
-------------------------------------------------------------

+-----------+-------+-----------------+------------+-------------+-----------------+----+-------------+------+------+-----+----+------+-----+---------+----------------------------------------------------------------------------------------------------+
| Global Id | Track | Driver Type/Pin | Constraint | Clock Loads | Non-Clock Loads | FF | Memory LUTs | RAMB | URAM | DSP | GT | MMCM | PLL | Hard IP | Net                                                                                                |
+-----------+-------+-----------------+------------+-------------+-----------------+----+-------------+------+------+-----+----+------+-----+---------+----------------------------------------------------------------------------------------------------+
| g0+       | 6     | BUFG_GT/O       | None       |           0 |               0 |  0 |           0 |    0 |    0 |   0 |  0 |    0 |   0 |       0 | design_1_i/usp_rf_data_converter_0/inst/i_design_1_usp_rf_data_converter_0_0_bufg_gt_ctrl/clk_adc2 |
| g1        | 18    | BUFG_PS/O       | None       |          26 |               0 | 26 |           0 |    0 |    0 |   0 |  0 |    0 |   0 |       0 | design_1_i/zynq_ultra_ps_e_0/inst/pl_clk0                                                          |
| g2+       | 20    | BUFGCE/O        | None       |           0 |               0 |  0 |           0 |    0 |    0 |   0 |  0 |    0 |   0 |       0 | design_1_i/adsb_0/inst/my_top/my_cordic/E[0]                                                       |
+-----------+-------+-----------------+------------+-------------+-----------------+----+-------------+------+------+-----+----+------+-----+---------+----------------------------------------------------------------------------------------------------+
* Clock Loads column represents cell count of net connects that connect to a clock pin. Internal cell leaf pins are not considered
** Non-Clock Loads column represents cell count of non-clock pin loads
*** Columns FF, LUTRAM, RAMB through 'Hard IP' represents load cell counts
**** In Global Id column, sympbol '+' indicates that global clock was used only to route through the clock region.


31. Clock Region Cell Placement per Global Clock: Region X4Y3
-------------------------------------------------------------

+-----------+-------+-----------------+------------+-------------+-----------------+------+-------------+------+------+-----+----+------+-----+---------+--------------------------------------------------------------------------------------------------------------------------+
| Global Id | Track | Driver Type/Pin | Constraint | Clock Loads | Non-Clock Loads | FF   | Memory LUTs | RAMB | URAM | DSP | GT | MMCM | PLL | Hard IP | Net                                                                                                                      |
+-----------+-------+-----------------+------------+-------------+-----------------+------+-------------+------+------+-----+----+------+-----+---------+--------------------------------------------------------------------------------------------------------------------------+
| g0        | 6     | BUFG_GT/O       | None       |        3608 |               0 | 3605 |           1 |    0 |    0 |   2 |  0 |    0 |   0 |       0 | design_1_i/usp_rf_data_converter_0/inst/i_design_1_usp_rf_data_converter_0_0_bufg_gt_ctrl/clk_adc2                       |
| g1        | 18    | BUFG_PS/O       | None       |          19 |               0 |   19 |           0 |    0 |    0 |   0 |  0 |    0 |   0 |       0 | design_1_i/zynq_ultra_ps_e_0/inst/pl_clk0                                                                                |
| g2+       | 20    | BUFGCE/O        | None       |           0 |               0 |    0 |           0 |    0 |    0 |   0 |  0 |    0 |   0 |       0 | design_1_i/adsb_0/inst/my_top/my_cordic/E[0]                                                                             |
| g3        | 14    | BUFGCE/O        | None       |           0 |            3605 | 3603 |           0 |    0 |    0 |   2 |  0 |    0 |   0 |       0 | design_1_i/usp_rf_data_converter_0/inst/design_1_usp_rf_data_converter_0_0_rf_wrapper_i/cdc_adc2_done_i/syncstages_ff[3] |
+-----------+-------+-----------------+------------+-------------+-----------------+------+-------------+------+------+-----+----+------+-----+---------+--------------------------------------------------------------------------------------------------------------------------+
* Clock Loads column represents cell count of net connects that connect to a clock pin. Internal cell leaf pins are not considered
** Non-Clock Loads column represents cell count of non-clock pin loads
*** Columns FF, LUTRAM, RAMB through 'Hard IP' represents load cell counts
**** In Global Id column, sympbol '+' indicates that global clock was used only to route through the clock region.


32. Clock Region Cell Placement per Global Clock: Region X5Y3
-------------------------------------------------------------

+-----------+-------+-----------------+------------+-------------+-----------------+------+-------------+------+------+-----+----+------+-----+---------+--------------------------------------------------------------------------------------------------------------------------+
| Global Id | Track | Driver Type/Pin | Constraint | Clock Loads | Non-Clock Loads | FF   | Memory LUTs | RAMB | URAM | DSP | GT | MMCM | PLL | Hard IP | Net                                                                                                                      |
+-----------+-------+-----------------+------------+-------------+-----------------+------+-------------+------+------+-----+----+------+-----+---------+--------------------------------------------------------------------------------------------------------------------------+
| g0        | 6     | BUFG_GT/O       | None       |         603 |               0 |  603 |           0 |    0 |    0 |   0 |  0 |    0 |   0 |       0 | design_1_i/usp_rf_data_converter_0/inst/i_design_1_usp_rf_data_converter_0_0_bufg_gt_ctrl/clk_adc2                       |
| g1        | 18    | BUFG_PS/O       | None       |        1125 |               0 | 1124 |           0 |    0 |    0 |   0 |  0 |    0 |   0 |       0 | design_1_i/zynq_ultra_ps_e_0/inst/pl_clk0                                                                                |
| g3        | 14    | BUFGCE/O        | None       |           0 |             603 |  603 |           0 |    0 |    0 |   0 |  0 |    0 |   0 |       0 | design_1_i/usp_rf_data_converter_0/inst/design_1_usp_rf_data_converter_0_0_rf_wrapper_i/cdc_adc2_done_i/syncstages_ff[3] |
+-----------+-------+-----------------+------------+-------------+-----------------+------+-------------+------+------+-----+----+------+-----+---------+--------------------------------------------------------------------------------------------------------------------------+
* Clock Loads column represents cell count of net connects that connect to a clock pin. Internal cell leaf pins are not considered
** Non-Clock Loads column represents cell count of non-clock pin loads
*** Columns FF, LUTRAM, RAMB through 'Hard IP' represents load cell counts


33. Clock Region Cell Placement per Global Clock: Region X0Y4
-------------------------------------------------------------

+-----------+-------+-----------------+------------+-------------+-----------------+-----+-------------+------+------+-----+----+------+-----+---------+----------------------------------------------------------------------------------------------------+
| Global Id | Track | Driver Type/Pin | Constraint | Clock Loads | Non-Clock Loads | FF  | Memory LUTs | RAMB | URAM | DSP | GT | MMCM | PLL | Hard IP | Net                                                                                                |
+-----------+-------+-----------------+------------+-------------+-----------------+-----+-------------+------+------+-----+----+------+-----+---------+----------------------------------------------------------------------------------------------------+
| g0        | 6     | BUFG_GT/O       | None       |         274 |               0 | 256 |           0 |    0 |    0 |  18 |  0 |    0 |   0 |       0 | design_1_i/usp_rf_data_converter_0/inst/i_design_1_usp_rf_data_converter_0_0_bufg_gt_ctrl/clk_adc2 |
| g2        | 20    | BUFGCE/O        | None       |           0 |             256 | 256 |           0 |    0 |    0 |   0 |  0 |    0 |   0 |       0 | design_1_i/adsb_0/inst/my_top/my_cordic/E[0]                                                       |
+-----------+-------+-----------------+------------+-------------+-----------------+-----+-------------+------+------+-----+----+------+-----+---------+----------------------------------------------------------------------------------------------------+
* Clock Loads column represents cell count of net connects that connect to a clock pin. Internal cell leaf pins are not considered
** Non-Clock Loads column represents cell count of non-clock pin loads
*** Columns FF, LUTRAM, RAMB through 'Hard IP' represents load cell counts


34. Clock Region Cell Placement per Global Clock: Region X1Y4
-------------------------------------------------------------

+-----------+-------+-----------------+------------+-------------+-----------------+------+-------------+------+------+-----+----+------+-----+---------+----------------------------------------------------------------------------------------------------+
| Global Id | Track | Driver Type/Pin | Constraint | Clock Loads | Non-Clock Loads | FF   | Memory LUTs | RAMB | URAM | DSP | GT | MMCM | PLL | Hard IP | Net                                                                                                |
+-----------+-------+-----------------+------------+-------------+-----------------+------+-------------+------+------+-----+----+------+-----+---------+----------------------------------------------------------------------------------------------------+
| g0        | 6     | BUFG_GT/O       | None       |        1840 |               0 | 1792 |           0 |    0 |    0 |  48 |  0 |    0 |   0 |       0 | design_1_i/usp_rf_data_converter_0/inst/i_design_1_usp_rf_data_converter_0_0_bufg_gt_ctrl/clk_adc2 |
| g2        | 20    | BUFGCE/O        | None       |           0 |            1792 | 1792 |           0 |    0 |    0 |   0 |  0 |    0 |   0 |       0 | design_1_i/adsb_0/inst/my_top/my_cordic/E[0]                                                       |
+-----------+-------+-----------------+------------+-------------+-----------------+------+-------------+------+------+-----+----+------+-----+---------+----------------------------------------------------------------------------------------------------+
* Clock Loads column represents cell count of net connects that connect to a clock pin. Internal cell leaf pins are not considered
** Non-Clock Loads column represents cell count of non-clock pin loads
*** Columns FF, LUTRAM, RAMB through 'Hard IP' represents load cell counts


35. Clock Region Cell Placement per Global Clock: Region X2Y4
-------------------------------------------------------------

+-----------+-------+-----------------+------------+-------------+-----------------+------+-------------+------+------+-----+----+------+-----+---------+----------------------------------------------------------------------------------------------------+
| Global Id | Track | Driver Type/Pin | Constraint | Clock Loads | Non-Clock Loads | FF   | Memory LUTs | RAMB | URAM | DSP | GT | MMCM | PLL | Hard IP | Net                                                                                                |
+-----------+-------+-----------------+------------+-------------+-----------------+------+-------------+------+------+-----+----+------+-----+---------+----------------------------------------------------------------------------------------------------+
| g0        | 6     | BUFG_GT/O       | None       |        1351 |               0 | 1312 |           0 |    0 |    0 |  39 |  0 |    0 |   0 |       0 | design_1_i/usp_rf_data_converter_0/inst/i_design_1_usp_rf_data_converter_0_0_bufg_gt_ctrl/clk_adc2 |
| g2        | 20    | BUFGCE/O        | None       |           0 |            1312 | 1312 |           0 |    0 |    0 |   0 |  0 |    0 |   0 |       0 | design_1_i/adsb_0/inst/my_top/my_cordic/E[0]                                                       |
+-----------+-------+-----------------+------------+-------------+-----------------+------+-------------+------+------+-----+----+------+-----+---------+----------------------------------------------------------------------------------------------------+
* Clock Loads column represents cell count of net connects that connect to a clock pin. Internal cell leaf pins are not considered
** Non-Clock Loads column represents cell count of non-clock pin loads
*** Columns FF, LUTRAM, RAMB through 'Hard IP' represents load cell counts


36. Clock Region Cell Placement per Global Clock: Region X3Y4
-------------------------------------------------------------

+-----------+-------+-----------------+------------+-------------+-----------------+-----+-------------+------+------+-----+----+------+-----+---------+----------------------------------------------------------------------------------------------------+
| Global Id | Track | Driver Type/Pin | Constraint | Clock Loads | Non-Clock Loads | FF  | Memory LUTs | RAMB | URAM | DSP | GT | MMCM | PLL | Hard IP | Net                                                                                                |
+-----------+-------+-----------------+------------+-------------+-----------------+-----+-------------+------+------+-----+----+------+-----+---------+----------------------------------------------------------------------------------------------------+
| g0        | 6     | BUFG_GT/O       | None       |         493 |               0 | 480 |           0 |    0 |    0 |  13 |  0 |    0 |   0 |       0 | design_1_i/usp_rf_data_converter_0/inst/i_design_1_usp_rf_data_converter_0_0_bufg_gt_ctrl/clk_adc2 |
| g1+       | 18    | BUFG_PS/O       | None       |           0 |               0 |   0 |           0 |    0 |    0 |   0 |  0 |    0 |   0 |       0 | design_1_i/zynq_ultra_ps_e_0/inst/pl_clk0                                                          |
| g2        | 20    | BUFGCE/O        | None       |           0 |             480 | 480 |           0 |    0 |    0 |   0 |  0 |    0 |   0 |       0 | design_1_i/adsb_0/inst/my_top/my_cordic/E[0]                                                       |
+-----------+-------+-----------------+------------+-------------+-----------------+-----+-------------+------+------+-----+----+------+-----+---------+----------------------------------------------------------------------------------------------------+
* Clock Loads column represents cell count of net connects that connect to a clock pin. Internal cell leaf pins are not considered
** Non-Clock Loads column represents cell count of non-clock pin loads
*** Columns FF, LUTRAM, RAMB through 'Hard IP' represents load cell counts
**** In Global Id column, sympbol '+' indicates that global clock was used only to route through the clock region.


37. Clock Region Cell Placement per Global Clock: Region X4Y4
-------------------------------------------------------------

+-----------+-------+-----------------+------------+-------------+-----------------+------+-------------+------+------+-----+----+------+-----+---------+--------------------------------------------------------------------------------------------------------------------------+
| Global Id | Track | Driver Type/Pin | Constraint | Clock Loads | Non-Clock Loads | FF   | Memory LUTs | RAMB | URAM | DSP | GT | MMCM | PLL | Hard IP | Net                                                                                                                      |
+-----------+-------+-----------------+------------+-------------+-----------------+------+-------------+------+------+-----+----+------+-----+---------+--------------------------------------------------------------------------------------------------------------------------+
| g0        | 6     | BUFG_GT/O       | None       |        1439 |               0 | 1435 |           0 |    0 |    0 |   4 |  0 |    0 |   0 |       0 | design_1_i/usp_rf_data_converter_0/inst/i_design_1_usp_rf_data_converter_0_0_bufg_gt_ctrl/clk_adc2                       |
| g1+       | 18    | BUFG_PS/O       | None       |           0 |               0 |    0 |           0 |    0 |    0 |   0 |  0 |    0 |   0 |       0 | design_1_i/zynq_ultra_ps_e_0/inst/pl_clk0                                                                                |
| g2+       | 20    | BUFGCE/O        | None       |           0 |               0 |    0 |           0 |    0 |    0 |   0 |  0 |    0 |   0 |       0 | design_1_i/adsb_0/inst/my_top/my_cordic/E[0]                                                                             |
| g3        | 14    | BUFGCE/O        | None       |           0 |             496 |  496 |           0 |    0 |    0 |   0 |  0 |    0 |   0 |       0 | design_1_i/usp_rf_data_converter_0/inst/design_1_usp_rf_data_converter_0_0_rf_wrapper_i/cdc_adc2_done_i/syncstages_ff[3] |
+-----------+-------+-----------------+------------+-------------+-----------------+------+-------------+------+------+-----+----+------+-----+---------+--------------------------------------------------------------------------------------------------------------------------+
* Clock Loads column represents cell count of net connects that connect to a clock pin. Internal cell leaf pins are not considered
** Non-Clock Loads column represents cell count of non-clock pin loads
*** Columns FF, LUTRAM, RAMB through 'Hard IP' represents load cell counts
**** In Global Id column, sympbol '+' indicates that global clock was used only to route through the clock region.


38. Clock Region Cell Placement per Global Clock: Region X5Y4
-------------------------------------------------------------

+-----------+-------+-----------------+------------+-------------+-----------------+----+-------------+------+------+-----+----+------+-----+---------+--------------------------------------------------------------------------------------------------------------------------+
| Global Id | Track | Driver Type/Pin | Constraint | Clock Loads | Non-Clock Loads | FF | Memory LUTs | RAMB | URAM | DSP | GT | MMCM | PLL | Hard IP | Net                                                                                                                      |
+-----------+-------+-----------------+------------+-------------+-----------------+----+-------------+------+------+-----+----+------+-----+---------+--------------------------------------------------------------------------------------------------------------------------+
| g0        | 6     | BUFG_GT/O       | None       |          72 |               0 | 72 |           0 |    0 |    0 |   0 |  0 |    0 |   0 |       0 | design_1_i/usp_rf_data_converter_0/inst/i_design_1_usp_rf_data_converter_0_0_bufg_gt_ctrl/clk_adc2                       |
| g1        | 18    | BUFG_PS/O       | None       |           1 |               0 |  0 |           0 |    0 |    0 |   0 |  0 |    0 |   0 |       0 | design_1_i/zynq_ultra_ps_e_0/inst/pl_clk0                                                                                |
| g3        | 14    | BUFGCE/O        | None       |           0 |              72 | 72 |           0 |    0 |    0 |   0 |  0 |    0 |   0 |       0 | design_1_i/usp_rf_data_converter_0/inst/design_1_usp_rf_data_converter_0_0_rf_wrapper_i/cdc_adc2_done_i/syncstages_ff[3] |
+-----------+-------+-----------------+------------+-------------+-----------------+----+-------------+------+------+-----+----+------+-----+---------+--------------------------------------------------------------------------------------------------------------------------+
* Clock Loads column represents cell count of net connects that connect to a clock pin. Internal cell leaf pins are not considered
** Non-Clock Loads column represents cell count of non-clock pin loads
*** Columns FF, LUTRAM, RAMB through 'Hard IP' represents load cell counts


39. Clock Region Cell Placement per Global Clock: Region X0Y5
-------------------------------------------------------------

+-----------+-------+-----------------+------------+-------------+-----------------+-----+-------------+------+------+-----+----+------+-----+---------+----------------------------------------------------------------------------------------------------+
| Global Id | Track | Driver Type/Pin | Constraint | Clock Loads | Non-Clock Loads | FF  | Memory LUTs | RAMB | URAM | DSP | GT | MMCM | PLL | Hard IP | Net                                                                                                |
+-----------+-------+-----------------+------------+-------------+-----------------+-----+-------------+------+------+-----+----+------+-----+---------+----------------------------------------------------------------------------------------------------+
| g0        | 6     | BUFG_GT/O       | None       |         856 |               0 | 832 |           0 |    0 |    0 |  24 |  0 |    0 |   0 |       0 | design_1_i/usp_rf_data_converter_0/inst/i_design_1_usp_rf_data_converter_0_0_bufg_gt_ctrl/clk_adc2 |
| g2        | 20    | BUFGCE/O        | None       |           0 |             832 | 832 |           0 |    0 |    0 |   0 |  0 |    0 |   0 |       0 | design_1_i/adsb_0/inst/my_top/my_cordic/E[0]                                                       |
+-----------+-------+-----------------+------------+-------------+-----------------+-----+-------------+------+------+-----+----+------+-----+---------+----------------------------------------------------------------------------------------------------+
* Clock Loads column represents cell count of net connects that connect to a clock pin. Internal cell leaf pins are not considered
** Non-Clock Loads column represents cell count of non-clock pin loads
*** Columns FF, LUTRAM, RAMB through 'Hard IP' represents load cell counts


40. Clock Region Cell Placement per Global Clock: Region X1Y5
-------------------------------------------------------------

+-----------+-------+-----------------+------------+-------------+-----------------+------+-------------+------+------+-----+----+------+-----+---------+----------------------------------------------------------------------------------------------------+
| Global Id | Track | Driver Type/Pin | Constraint | Clock Loads | Non-Clock Loads | FF   | Memory LUTs | RAMB | URAM | DSP | GT | MMCM | PLL | Hard IP | Net                                                                                                |
+-----------+-------+-----------------+------------+-------------+-----------------+------+-------------+------+------+-----+----+------+-----+---------+----------------------------------------------------------------------------------------------------+
| g0        | 6     | BUFG_GT/O       | None       |        1359 |               0 | 1312 |           0 |    0 |    0 |  47 |  0 |    0 |   0 |       0 | design_1_i/usp_rf_data_converter_0/inst/i_design_1_usp_rf_data_converter_0_0_bufg_gt_ctrl/clk_adc2 |
| g2        | 20    | BUFGCE/O        | None       |           0 |            1312 | 1312 |           0 |    0 |    0 |   0 |  0 |    0 |   0 |       0 | design_1_i/adsb_0/inst/my_top/my_cordic/E[0]                                                       |
+-----------+-------+-----------------+------------+-------------+-----------------+------+-------------+------+------+-----+----+------+-----+---------+----------------------------------------------------------------------------------------------------+
* Clock Loads column represents cell count of net connects that connect to a clock pin. Internal cell leaf pins are not considered
** Non-Clock Loads column represents cell count of non-clock pin loads
*** Columns FF, LUTRAM, RAMB through 'Hard IP' represents load cell counts


41. Clock Region Cell Placement per Global Clock: Region X2Y5
-------------------------------------------------------------

+-----------+-------+-----------------+------------+-------------+-----------------+------+-------------+------+------+-----+----+------+-----+---------+----------------------------------------------------------------------------------------------------+
| Global Id | Track | Driver Type/Pin | Constraint | Clock Loads | Non-Clock Loads | FF   | Memory LUTs | RAMB | URAM | DSP | GT | MMCM | PLL | Hard IP | Net                                                                                                |
+-----------+-------+-----------------+------------+-------------+-----------------+------+-------------+------+------+-----+----+------+-----+---------+----------------------------------------------------------------------------------------------------+
| g0        | 6     | BUFG_GT/O       | None       |        1188 |               0 | 1152 |           0 |    0 |    0 |  36 |  0 |    0 |   0 |       0 | design_1_i/usp_rf_data_converter_0/inst/i_design_1_usp_rf_data_converter_0_0_bufg_gt_ctrl/clk_adc2 |
| g2        | 20    | BUFGCE/O        | None       |           0 |            1152 | 1152 |           0 |    0 |    0 |   0 |  0 |    0 |   0 |       0 | design_1_i/adsb_0/inst/my_top/my_cordic/E[0]                                                       |
+-----------+-------+-----------------+------------+-------------+-----------------+------+-------------+------+------+-----+----+------+-----+---------+----------------------------------------------------------------------------------------------------+
* Clock Loads column represents cell count of net connects that connect to a clock pin. Internal cell leaf pins are not considered
** Non-Clock Loads column represents cell count of non-clock pin loads
*** Columns FF, LUTRAM, RAMB through 'Hard IP' represents load cell counts


42. Clock Region Cell Placement per Global Clock: Region X3Y5
-------------------------------------------------------------

+-----------+-------+-----------------+------------+-------------+-----------------+-----+-------------+------+------+-----+----+------+-----+---------+----------------------------------------------------------------------------------------------------+
| Global Id | Track | Driver Type/Pin | Constraint | Clock Loads | Non-Clock Loads | FF  | Memory LUTs | RAMB | URAM | DSP | GT | MMCM | PLL | Hard IP | Net                                                                                                |
+-----------+-------+-----------------+------------+-------------+-----------------+-----+-------------+------+------+-----+----+------+-----+---------+----------------------------------------------------------------------------------------------------+
| g0        | 6     | BUFG_GT/O       | None       |         394 |               0 | 384 |           0 |    0 |    0 |  10 |  0 |    0 |   0 |       0 | design_1_i/usp_rf_data_converter_0/inst/i_design_1_usp_rf_data_converter_0_0_bufg_gt_ctrl/clk_adc2 |
| g1+       | 18    | BUFG_PS/O       | None       |           0 |               0 |   0 |           0 |    0 |    0 |   0 |  0 |    0 |   0 |       0 | design_1_i/zynq_ultra_ps_e_0/inst/pl_clk0                                                          |
| g2        | 20    | BUFGCE/O        | None       |           0 |             384 | 384 |           0 |    0 |    0 |   0 |  0 |    0 |   0 |       0 | design_1_i/adsb_0/inst/my_top/my_cordic/E[0]                                                       |
+-----------+-------+-----------------+------------+-------------+-----------------+-----+-------------+------+------+-----+----+------+-----+---------+----------------------------------------------------------------------------------------------------+
* Clock Loads column represents cell count of net connects that connect to a clock pin. Internal cell leaf pins are not considered
** Non-Clock Loads column represents cell count of non-clock pin loads
*** Columns FF, LUTRAM, RAMB through 'Hard IP' represents load cell counts
**** In Global Id column, sympbol '+' indicates that global clock was used only to route through the clock region.


43. Clock Region Cell Placement per Global Clock: Region X4Y5
-------------------------------------------------------------

+-----------+-------+-----------------+------------+-------------+-----------------+----+-------------+------+------+-----+----+------+-----+---------+----------------------------------------------+
| Global Id | Track | Driver Type/Pin | Constraint | Clock Loads | Non-Clock Loads | FF | Memory LUTs | RAMB | URAM | DSP | GT | MMCM | PLL | Hard IP | Net                                          |
+-----------+-------+-----------------+------------+-------------+-----------------+----+-------------+------+------+-----+----+------+-----+---------+----------------------------------------------+
| g1+       | 18    | BUFG_PS/O       | None       |           0 |               0 |  0 |           0 |    0 |    0 |   0 |  0 |    0 |   0 |       0 | design_1_i/zynq_ultra_ps_e_0/inst/pl_clk0    |
| g2+       | 20    | BUFGCE/O        | None       |           0 |               0 |  0 |           0 |    0 |    0 |   0 |  0 |    0 |   0 |       0 | design_1_i/adsb_0/inst/my_top/my_cordic/E[0] |
+-----------+-------+-----------------+------------+-------------+-----------------+----+-------------+------+------+-----+----+------+-----+---------+----------------------------------------------+
* Clock Loads column represents cell count of net connects that connect to a clock pin. Internal cell leaf pins are not considered
** Non-Clock Loads column represents cell count of non-clock pin loads
*** Columns FF, LUTRAM, RAMB through 'Hard IP' represents load cell counts
**** In Global Id column, sympbol '+' indicates that global clock was used only to route through the clock region.


44. Clock Region Cell Placement per Global Clock: Region X5Y5
-------------------------------------------------------------

+-----------+-------+-----------------+------------+-------------+-----------------+----+-------------+------+------+-----+----+------+-----+---------+-------------------------------------------+
| Global Id | Track | Driver Type/Pin | Constraint | Clock Loads | Non-Clock Loads | FF | Memory LUTs | RAMB | URAM | DSP | GT | MMCM | PLL | Hard IP | Net                                       |
+-----------+-------+-----------------+------------+-------------+-----------------+----+-------------+------+------+-----+----+------+-----+---------+-------------------------------------------+
| g1        | 18    | BUFG_PS/O       | None       |           1 |               0 |  0 |           0 |    0 |    0 |   0 |  0 |    0 |   0 |       0 | design_1_i/zynq_ultra_ps_e_0/inst/pl_clk0 |
+-----------+-------+-----------------+------------+-------------+-----------------+----+-------------+------+------+-----+----+------+-----+---------+-------------------------------------------+
* Clock Loads column represents cell count of net connects that connect to a clock pin. Internal cell leaf pins are not considered
** Non-Clock Loads column represents cell count of non-clock pin loads
*** Columns FF, LUTRAM, RAMB through 'Hard IP' represents load cell counts


45. Clock Region Cell Placement per Global Clock: Region X0Y6
-------------------------------------------------------------

+-----------+-------+-----------------+------------+-------------+-----------------+-----+-------------+------+------+-----+----+------+-----+---------+----------------------------------------------------------------------------------------------------+
| Global Id | Track | Driver Type/Pin | Constraint | Clock Loads | Non-Clock Loads | FF  | Memory LUTs | RAMB | URAM | DSP | GT | MMCM | PLL | Hard IP | Net                                                                                                |
+-----------+-------+-----------------+------------+-------------+-----------------+-----+-------------+------+------+-----+----+------+-----+---------+----------------------------------------------------------------------------------------------------+
| g0        | 6     | BUFG_GT/O       | None       |         670 |               0 | 648 |           0 |    0 |    0 |  22 |  0 |    0 |   0 |       0 | design_1_i/usp_rf_data_converter_0/inst/i_design_1_usp_rf_data_converter_0_0_bufg_gt_ctrl/clk_adc2 |
| g2        | 20    | BUFGCE/O        | None       |           0 |             648 | 648 |           0 |    0 |    0 |   0 |  0 |    0 |   0 |       0 | design_1_i/adsb_0/inst/my_top/my_cordic/E[0]                                                       |
+-----------+-------+-----------------+------------+-------------+-----------------+-----+-------------+------+------+-----+----+------+-----+---------+----------------------------------------------------------------------------------------------------+
* Clock Loads column represents cell count of net connects that connect to a clock pin. Internal cell leaf pins are not considered
** Non-Clock Loads column represents cell count of non-clock pin loads
*** Columns FF, LUTRAM, RAMB through 'Hard IP' represents load cell counts


46. Clock Region Cell Placement per Global Clock: Region X1Y6
-------------------------------------------------------------

+-----------+-------+-----------------+------------+-------------+-----------------+------+-------------+------+------+-----+----+------+-----+---------+----------------------------------------------------------------------------------------------------+
| Global Id | Track | Driver Type/Pin | Constraint | Clock Loads | Non-Clock Loads | FF   | Memory LUTs | RAMB | URAM | DSP | GT | MMCM | PLL | Hard IP | Net                                                                                                |
+-----------+-------+-----------------+------------+-------------+-----------------+------+-------------+------+------+-----+----+------+-----+---------+----------------------------------------------------------------------------------------------------+
| g0        | 6     | BUFG_GT/O       | None       |        1673 |               0 | 1624 |           0 |    0 |    0 |  49 |  0 |    0 |   0 |       0 | design_1_i/usp_rf_data_converter_0/inst/i_design_1_usp_rf_data_converter_0_0_bufg_gt_ctrl/clk_adc2 |
| g2        | 20    | BUFGCE/O        | None       |           0 |            1624 | 1624 |           0 |    0 |    0 |   0 |  0 |    0 |   0 |       0 | design_1_i/adsb_0/inst/my_top/my_cordic/E[0]                                                       |
+-----------+-------+-----------------+------------+-------------+-----------------+------+-------------+------+------+-----+----+------+-----+---------+----------------------------------------------------------------------------------------------------+
* Clock Loads column represents cell count of net connects that connect to a clock pin. Internal cell leaf pins are not considered
** Non-Clock Loads column represents cell count of non-clock pin loads
*** Columns FF, LUTRAM, RAMB through 'Hard IP' represents load cell counts


47. Clock Region Cell Placement per Global Clock: Region X2Y6
-------------------------------------------------------------

+-----------+-------+-----------------+------------+-------------+-----------------+------+-------------+------+------+-----+----+------+-----+---------+----------------------------------------------------------------------------------------------------+
| Global Id | Track | Driver Type/Pin | Constraint | Clock Loads | Non-Clock Loads | FF   | Memory LUTs | RAMB | URAM | DSP | GT | MMCM | PLL | Hard IP | Net                                                                                                |
+-----------+-------+-----------------+------------+-------------+-----------------+------+-------------+------+------+-----+----+------+-----+---------+----------------------------------------------------------------------------------------------------+
| g0        | 6     | BUFG_GT/O       | None       |        1158 |               0 | 1120 |           0 |    0 |    0 |  38 |  0 |    0 |   0 |       0 | design_1_i/usp_rf_data_converter_0/inst/i_design_1_usp_rf_data_converter_0_0_bufg_gt_ctrl/clk_adc2 |
| g2        | 20    | BUFGCE/O        | None       |           0 |            1120 | 1120 |           0 |    0 |    0 |   0 |  0 |    0 |   0 |       0 | design_1_i/adsb_0/inst/my_top/my_cordic/E[0]                                                       |
+-----------+-------+-----------------+------------+-------------+-----------------+------+-------------+------+------+-----+----+------+-----+---------+----------------------------------------------------------------------------------------------------+
* Clock Loads column represents cell count of net connects that connect to a clock pin. Internal cell leaf pins are not considered
** Non-Clock Loads column represents cell count of non-clock pin loads
*** Columns FF, LUTRAM, RAMB through 'Hard IP' represents load cell counts


48. Clock Region Cell Placement per Global Clock: Region X3Y6
-------------------------------------------------------------

+-----------+-------+-----------------+------------+-------------+-----------------+-----+-------------+------+------+-----+----+------+-----+---------+----------------------------------------------------------------------------------------------------+
| Global Id | Track | Driver Type/Pin | Constraint | Clock Loads | Non-Clock Loads | FF  | Memory LUTs | RAMB | URAM | DSP | GT | MMCM | PLL | Hard IP | Net                                                                                                |
+-----------+-------+-----------------+------------+-------------+-----------------+-----+-------------+------+------+-----+----+------+-----+---------+----------------------------------------------------------------------------------------------------+
| g0        | 6     | BUFG_GT/O       | None       |        1015 |               0 | 992 |           0 |    0 |    0 |  23 |  0 |    0 |   0 |       0 | design_1_i/usp_rf_data_converter_0/inst/i_design_1_usp_rf_data_converter_0_0_bufg_gt_ctrl/clk_adc2 |
| g1+       | 18    | BUFG_PS/O       | None       |           0 |               0 |   0 |           0 |    0 |    0 |   0 |  0 |    0 |   0 |       0 | design_1_i/zynq_ultra_ps_e_0/inst/pl_clk0                                                          |
| g2        | 20    | BUFGCE/O        | None       |           0 |             992 | 992 |           0 |    0 |    0 |   0 |  0 |    0 |   0 |       0 | design_1_i/adsb_0/inst/my_top/my_cordic/E[0]                                                       |
+-----------+-------+-----------------+------------+-------------+-----------------+-----+-------------+------+------+-----+----+------+-----+---------+----------------------------------------------------------------------------------------------------+
* Clock Loads column represents cell count of net connects that connect to a clock pin. Internal cell leaf pins are not considered
** Non-Clock Loads column represents cell count of non-clock pin loads
*** Columns FF, LUTRAM, RAMB through 'Hard IP' represents load cell counts
**** In Global Id column, sympbol '+' indicates that global clock was used only to route through the clock region.


49. Clock Region Cell Placement per Global Clock: Region X4Y6
-------------------------------------------------------------

+-----------+-------+-----------------+------------+-------------+-----------------+----+-------------+------+------+-----+----+------+-----+---------+----------------------------------------------------------------------------------------------------+
| Global Id | Track | Driver Type/Pin | Constraint | Clock Loads | Non-Clock Loads | FF | Memory LUTs | RAMB | URAM | DSP | GT | MMCM | PLL | Hard IP | Net                                                                                                |
+-----------+-------+-----------------+------------+-------------+-----------------+----+-------------+------+------+-----+----+------+-----+---------+----------------------------------------------------------------------------------------------------+
| g0        | 6     | BUFG_GT/O       | None       |           3 |               0 |  0 |           0 |    0 |    0 |   3 |  0 |    0 |   0 |       0 | design_1_i/usp_rf_data_converter_0/inst/i_design_1_usp_rf_data_converter_0_0_bufg_gt_ctrl/clk_adc2 |
| g1+       | 18    | BUFG_PS/O       | None       |           0 |               0 |  0 |           0 |    0 |    0 |   0 |  0 |    0 |   0 |       0 | design_1_i/zynq_ultra_ps_e_0/inst/pl_clk0                                                          |
| g2+       | 20    | BUFGCE/O        | None       |           0 |               0 |  0 |           0 |    0 |    0 |   0 |  0 |    0 |   0 |       0 | design_1_i/adsb_0/inst/my_top/my_cordic/E[0]                                                       |
+-----------+-------+-----------------+------------+-------------+-----------------+----+-------------+------+------+-----+----+------+-----+---------+----------------------------------------------------------------------------------------------------+
* Clock Loads column represents cell count of net connects that connect to a clock pin. Internal cell leaf pins are not considered
** Non-Clock Loads column represents cell count of non-clock pin loads
*** Columns FF, LUTRAM, RAMB through 'Hard IP' represents load cell counts
**** In Global Id column, sympbol '+' indicates that global clock was used only to route through the clock region.


50. Clock Region Cell Placement per Global Clock: Region X5Y6
-------------------------------------------------------------

+-----------+-------+-----------------+------------+-------------+-----------------+----+-------------+------+------+-----+----+------+-----+---------+-------------------------------------------+
| Global Id | Track | Driver Type/Pin | Constraint | Clock Loads | Non-Clock Loads | FF | Memory LUTs | RAMB | URAM | DSP | GT | MMCM | PLL | Hard IP | Net                                       |
+-----------+-------+-----------------+------------+-------------+-----------------+----+-------------+------+------+-----+----+------+-----+---------+-------------------------------------------+
| g1        | 18    | BUFG_PS/O       | None       |           1 |               0 |  0 |           0 |    0 |    0 |   0 |  0 |    0 |   0 |       0 | design_1_i/zynq_ultra_ps_e_0/inst/pl_clk0 |
+-----------+-------+-----------------+------------+-------------+-----------------+----+-------------+------+------+-----+----+------+-----+---------+-------------------------------------------+
* Clock Loads column represents cell count of net connects that connect to a clock pin. Internal cell leaf pins are not considered
** Non-Clock Loads column represents cell count of non-clock pin loads
*** Columns FF, LUTRAM, RAMB through 'Hard IP' represents load cell counts


51. Clock Region Cell Placement per Global Clock: Region X0Y7
-------------------------------------------------------------

+-----------+-------+-----------------+------------+-------------+-----------------+-----+-------------+------+------+-----+----+------+-----+---------+----------------------------------------------------------------------------------------------------+
| Global Id | Track | Driver Type/Pin | Constraint | Clock Loads | Non-Clock Loads | FF  | Memory LUTs | RAMB | URAM | DSP | GT | MMCM | PLL | Hard IP | Net                                                                                                |
+-----------+-------+-----------------+------------+-------------+-----------------+-----+-------------+------+------+-----+----+------+-----+---------+----------------------------------------------------------------------------------------------------+
| g0        | 6     | BUFG_GT/O       | None       |         672 |               0 | 649 |           0 |    0 |    0 |  23 |  0 |    0 |   0 |       0 | design_1_i/usp_rf_data_converter_0/inst/i_design_1_usp_rf_data_converter_0_0_bufg_gt_ctrl/clk_adc2 |
| g2        | 20    | BUFGCE/O        | None       |           0 |             650 | 649 |           0 |    0 |    0 |   1 |  0 |    0 |   0 |       0 | design_1_i/adsb_0/inst/my_top/my_cordic/E[0]                                                       |
+-----------+-------+-----------------+------------+-------------+-----------------+-----+-------------+------+------+-----+----+------+-----+---------+----------------------------------------------------------------------------------------------------+
* Clock Loads column represents cell count of net connects that connect to a clock pin. Internal cell leaf pins are not considered
** Non-Clock Loads column represents cell count of non-clock pin loads
*** Columns FF, LUTRAM, RAMB through 'Hard IP' represents load cell counts


52. Clock Region Cell Placement per Global Clock: Region X1Y7
-------------------------------------------------------------

+-----------+-------+-----------------+------------+-------------+-----------------+-----+-------------+------+------+-----+----+------+-----+---------+----------------------------------------------------------------------------------------------------+
| Global Id | Track | Driver Type/Pin | Constraint | Clock Loads | Non-Clock Loads | FF  | Memory LUTs | RAMB | URAM | DSP | GT | MMCM | PLL | Hard IP | Net                                                                                                |
+-----------+-------+-----------------+------------+-------------+-----------------+-----+-------------+------+------+-----+----+------+-----+---------+----------------------------------------------------------------------------------------------------+
| g0        | 6     | BUFG_GT/O       | None       |         650 |               0 | 616 |           0 |    0 |    0 |  34 |  0 |    0 |   0 |       0 | design_1_i/usp_rf_data_converter_0/inst/i_design_1_usp_rf_data_converter_0_0_bufg_gt_ctrl/clk_adc2 |
| g2        | 20    | BUFGCE/O        | None       |           0 |             616 | 616 |           0 |    0 |    0 |   0 |  0 |    0 |   0 |       0 | design_1_i/adsb_0/inst/my_top/my_cordic/E[0]                                                       |
+-----------+-------+-----------------+------------+-------------+-----------------+-----+-------------+------+------+-----+----+------+-----+---------+----------------------------------------------------------------------------------------------------+
* Clock Loads column represents cell count of net connects that connect to a clock pin. Internal cell leaf pins are not considered
** Non-Clock Loads column represents cell count of non-clock pin loads
*** Columns FF, LUTRAM, RAMB through 'Hard IP' represents load cell counts


53. Clock Region Cell Placement per Global Clock: Region X2Y7
-------------------------------------------------------------

+-----------+-------+-----------------+------------+-------------+-----------------+------+-------------+------+------+-----+----+------+-----+---------+----------------------------------------------------------------------------------------------------+
| Global Id | Track | Driver Type/Pin | Constraint | Clock Loads | Non-Clock Loads | FF   | Memory LUTs | RAMB | URAM | DSP | GT | MMCM | PLL | Hard IP | Net                                                                                                |
+-----------+-------+-----------------+------------+-------------+-----------------+------+-------------+------+------+-----+----+------+-----+---------+----------------------------------------------------------------------------------------------------+
| g0        | 6     | BUFG_GT/O       | None       |        1441 |               0 | 1408 |           0 |    0 |    0 |  33 |  0 |    0 |   0 |       0 | design_1_i/usp_rf_data_converter_0/inst/i_design_1_usp_rf_data_converter_0_0_bufg_gt_ctrl/clk_adc2 |
| g2        | 20    | BUFGCE/O        | None       |           0 |            1408 | 1408 |           0 |    0 |    0 |   0 |  0 |    0 |   0 |       0 | design_1_i/adsb_0/inst/my_top/my_cordic/E[0]                                                       |
+-----------+-------+-----------------+------------+-------------+-----------------+------+-------------+------+------+-----+----+------+-----+---------+----------------------------------------------------------------------------------------------------+
* Clock Loads column represents cell count of net connects that connect to a clock pin. Internal cell leaf pins are not considered
** Non-Clock Loads column represents cell count of non-clock pin loads
*** Columns FF, LUTRAM, RAMB through 'Hard IP' represents load cell counts


54. Clock Region Cell Placement per Global Clock: Region X3Y7
-------------------------------------------------------------

+-----------+-------+-----------------+------------+-------------+-----------------+-----+-------------+------+------+-----+----+------+-----+---------+----------------------------------------------------------------------------------------------------+
| Global Id | Track | Driver Type/Pin | Constraint | Clock Loads | Non-Clock Loads | FF  | Memory LUTs | RAMB | URAM | DSP | GT | MMCM | PLL | Hard IP | Net                                                                                                |
+-----------+-------+-----------------+------------+-------------+-----------------+-----+-------------+------+------+-----+----+------+-----+---------+----------------------------------------------------------------------------------------------------+
| g0        | 6     | BUFG_GT/O       | None       |         558 |               0 | 544 |           0 |    0 |    0 |  14 |  0 |    0 |   0 |       0 | design_1_i/usp_rf_data_converter_0/inst/i_design_1_usp_rf_data_converter_0_0_bufg_gt_ctrl/clk_adc2 |
| g1+       | 18    | BUFG_PS/O       | None       |           0 |               0 |   0 |           0 |    0 |    0 |   0 |  0 |    0 |   0 |       0 | design_1_i/zynq_ultra_ps_e_0/inst/pl_clk0                                                          |
| g2        | 20    | BUFGCE/O        | None       |           0 |             544 | 544 |           0 |    0 |    0 |   0 |  0 |    0 |   0 |       0 | design_1_i/adsb_0/inst/my_top/my_cordic/E[0]                                                       |
+-----------+-------+-----------------+------------+-------------+-----------------+-----+-------------+------+------+-----+----+------+-----+---------+----------------------------------------------------------------------------------------------------+
* Clock Loads column represents cell count of net connects that connect to a clock pin. Internal cell leaf pins are not considered
** Non-Clock Loads column represents cell count of non-clock pin loads
*** Columns FF, LUTRAM, RAMB through 'Hard IP' represents load cell counts
**** In Global Id column, sympbol '+' indicates that global clock was used only to route through the clock region.


55. Clock Region Cell Placement per Global Clock: Region X4Y7
-------------------------------------------------------------

+-----------+-------+-----------------+------------+-------------+-----------------+----+-------------+------+------+-----+----+------+-----+---------+----------------------------------------------+
| Global Id | Track | Driver Type/Pin | Constraint | Clock Loads | Non-Clock Loads | FF | Memory LUTs | RAMB | URAM | DSP | GT | MMCM | PLL | Hard IP | Net                                          |
+-----------+-------+-----------------+------------+-------------+-----------------+----+-------------+------+------+-----+----+------+-----+---------+----------------------------------------------+
| g1+       | 18    | BUFG_PS/O       | None       |           0 |               0 |  0 |           0 |    0 |    0 |   0 |  0 |    0 |   0 |       0 | design_1_i/zynq_ultra_ps_e_0/inst/pl_clk0    |
| g2+       | 20    | BUFGCE/O        | None       |           0 |               0 |  0 |           0 |    0 |    0 |   0 |  0 |    0 |   0 |       0 | design_1_i/adsb_0/inst/my_top/my_cordic/E[0] |
+-----------+-------+-----------------+------------+-------------+-----------------+----+-------------+------+------+-----+----+------+-----+---------+----------------------------------------------+
* Clock Loads column represents cell count of net connects that connect to a clock pin. Internal cell leaf pins are not considered
** Non-Clock Loads column represents cell count of non-clock pin loads
*** Columns FF, LUTRAM, RAMB through 'Hard IP' represents load cell counts
**** In Global Id column, sympbol '+' indicates that global clock was used only to route through the clock region.


56. Clock Region Cell Placement per Global Clock: Region X5Y7
-------------------------------------------------------------

+-----------+-------+-----------------+------------+-------------+-----------------+----+-------------+------+------+-----+----+------+-----+---------+-------------------------------------------+
| Global Id | Track | Driver Type/Pin | Constraint | Clock Loads | Non-Clock Loads | FF | Memory LUTs | RAMB | URAM | DSP | GT | MMCM | PLL | Hard IP | Net                                       |
+-----------+-------+-----------------+------------+-------------+-----------------+----+-------------+------+------+-----+----+------+-----+---------+-------------------------------------------+
| g1        | 18    | BUFG_PS/O       | None       |           1 |               0 |  0 |           0 |    0 |    0 |   0 |  0 |    0 |   0 |       0 | design_1_i/zynq_ultra_ps_e_0/inst/pl_clk0 |
+-----------+-------+-----------------+------------+-------------+-----------------+----+-------------+------+------+-----+----+------+-----+---------+-------------------------------------------+
* Clock Loads column represents cell count of net connects that connect to a clock pin. Internal cell leaf pins are not considered
** Non-Clock Loads column represents cell count of non-clock pin loads
*** Columns FF, LUTRAM, RAMB through 'Hard IP' represents load cell counts


