#-----------------------------------------------------------
# Vivado v2025.1 (64-bit)
# SW Build 6140274 on Wed May 21 22:58:25 MDT 2025
# IP Build 6138677 on Thu May 22 03:10:11 MDT 2025
# SharedData Build 6139179 on Tue May 20 17:58:58 MDT 2025
# Start of session at: Fri Oct 17 13:59:26 2025
# Process ID         : 257555
# Current directory  : /home/cathyhu3/s965/pz2
# Command line       : vivado
# Log file           : /home/cathyhu3/s965/pz2/vivado.log
# Journal file       : /home/cathyhu3/s965/pz2/vivado.jou
# Running On         : eecs-digital-40
# Platform           : Ubuntu
# Operating System   : Ubuntu 24.04.3 LTS
# Processor Detail   : AMD Ryzen 7 5825U with Radeon Graphics
# CPU Frequency      : 4416.298 MHz
# CPU Physical cores : 8
# CPU Logical cores  : 16
# Host memory        : 29342 MB
# Swap memory        : 8589 MB
# Total Virtual      : 37932 MB
# Available Virtual  : 36341 MB
#-----------------------------------------------------------
start_gui
WARNING: [Board 49-26] cannot add Board Part xilinx.com:emb-plus-vpr-4616:part0:1.0 available at /tools/Xilinx/2025.1/data/xhub/boards/XilinxBoardStore/boards/Xilinx/emb-plus-vpr-4616/1.0/board.xml as part xcve2302-sfva784-2mp-e-s specified in board_part file is either invalid or not available
WARNING: [Board 49-26] cannot add Board Part xilinx.com:emb-plus-vpr-4616:part0:1.1 available at /tools/Xilinx/2025.1/data/xhub/boards/XilinxBoardStore/boards/Xilinx/emb-plus-vpr-4616/1.1/board.xml as part xcve2302-sfva784-2mp-e-s specified in board_part file is either invalid or not available
WARNING: [Board 49-26] cannot add Board Part xilinx.com:v80:part0:1.0 available at /tools/Xilinx/2025.1/data/xhub/boards/XilinxBoardStore/boards/Xilinx/v80/1.0/board.xml as part xcv80-lsva4737-2mhp-e-s specified in board_part file is either invalid or not available
WARNING: [Board 49-26] cannot add Board Part xilinx.com:vck190:part0:2.2 available at /tools/Xilinx/2025.1/data/xhub/boards/XilinxBoardStore/boards/Xilinx/vck190/production/2.2/board.xml as part xcvc1902-vsva2197-2mp-e-s specified in board_part file is either invalid or not available
WARNING: [Board 49-26] cannot add Board Part xilinx.com:vck190:part0:3.0 available at /tools/Xilinx/2025.1/data/xhub/boards/XilinxBoardStore/boards/Xilinx/vck190/production/3.0/board.xml as part xcvc1902-vsva2197-2mp-e-s specified in board_part file is either invalid or not available
WARNING: [Board 49-26] cannot add Board Part xilinx.com:vck190:part0:3.1 available at /tools/Xilinx/2025.1/data/xhub/boards/XilinxBoardStore/boards/Xilinx/vck190/production/3.1/board.xml as part xcvc1902-vsva2197-2mp-e-s specified in board_part file is either invalid or not available
WARNING: [Board 49-26] cannot add Board Part xilinx.com:vck190:part0:3.2 available at /tools/Xilinx/2025.1/data/xhub/boards/XilinxBoardStore/boards/Xilinx/vck190/production/3.2/board.xml as part xcvc1902-vsva2197-2mp-e-s specified in board_part file is either invalid or not available
WARNING: [Board 49-26] cannot add Board Part xilinx.com:vck190:part0:3.3 available at /tools/Xilinx/2025.1/data/xhub/boards/XilinxBoardStore/boards/Xilinx/vck190/production/3.3/board.xml as part xcvc1902-vsva2197-2mp-e-s specified in board_part file is either invalid or not available
WARNING: [Board 49-26] cannot add Board Part xilinx.com:vck190:part0:3.4 available at /tools/Xilinx/2025.1/data/xhub/boards/XilinxBoardStore/boards/Xilinx/vck190/production/3.4/board.xml as part xcvc1902-vsva2197-2mp-e-s specified in board_part file is either invalid or not available
WARNING: [Board 49-26] cannot add Board Part xilinx.com:vck190_newl:part0:1.0 available at /tools/Xilinx/2025.1/data/xhub/boards/XilinxBoardStore/boards/Xilinx/vck190_newl/production/1.0/board.xml as part xcvc1902-vsva2197-2mp-e-s specified in board_part file is either invalid or not available
WARNING: [Board 49-26] cannot add Board Part xilinx.com:vck190_newl:part0:1.1 available at /tools/Xilinx/2025.1/data/xhub/boards/XilinxBoardStore/boards/Xilinx/vck190_newl/production/1.1/board.xml as part xcvc1902-vsva2197-2mp-e-s specified in board_part file is either invalid or not available
WARNING: [Board 49-26] cannot add Board Part xilinx.com:vck190_newl:part0:1.2 available at /tools/Xilinx/2025.1/data/xhub/boards/XilinxBoardStore/boards/Xilinx/vck190_newl/production/1.2/board.xml as part xcvc1902-vsva2197-2mp-e-s specified in board_part file is either invalid or not available
WARNING: [Board 49-26] cannot add Board Part xilinx.com:vck190_newl:part0:1.3 available at /tools/Xilinx/2025.1/data/xhub/boards/XilinxBoardStore/boards/Xilinx/vck190_newl/production/1.3/board.xml as part xcvc1902-vsva2197-2mp-e-s specified in board_part file is either invalid or not available
WARNING: [Board 49-26] cannot add Board Part xilinx.com:vek280:part0:1.0 available at /tools/Xilinx/2025.1/data/xhub/boards/XilinxBoardStore/boards/Xilinx/vek280/production/1.0/board.xml as part xcve2802-vsvh1760-2mp-e-s specified in board_part file is either invalid or not available
WARNING: [Board 49-26] cannot add Board Part xilinx.com:vek280:part0:1.1 available at /tools/Xilinx/2025.1/data/xhub/boards/XilinxBoardStore/boards/Xilinx/vek280/production/1.1/board.xml as part xcve2802-vsvh1760-2mp-e-s specified in board_part file is either invalid or not available
WARNING: [Board 49-26] cannot add Board Part xilinx.com:vek280:part0:1.2 available at /tools/Xilinx/2025.1/data/xhub/boards/XilinxBoardStore/boards/Xilinx/vek280/production/1.2/board.xml as part xcve2802-vsvh1760-2mp-e-s specified in board_part file is either invalid or not available
WARNING: [Board 49-26] cannot add Board Part xilinx.com:vek385:part0:1.0 available at /tools/Xilinx/2025.1/data/xhub/boards/XilinxBoardStore/boards/Xilinx/vek385/1.0/board.xml as part xc2ve3858-ssva2112-2mp-e-s specified in board_part file is either invalid or not available
WARNING: [Board 49-26] cannot add Board Part xilinx.com:vhk158:part0:1.0 available at /tools/Xilinx/2025.1/data/xhub/boards/XilinxBoardStore/boards/Xilinx/vhk158/production/1.0/board.xml as part xcvh1582-vsva3697-2mp-e-s specified in board_part file is either invalid or not available
WARNING: [Board 49-26] cannot add Board Part xilinx.com:vhk158:part0:1.1 available at /tools/Xilinx/2025.1/data/xhub/boards/XilinxBoardStore/boards/Xilinx/vhk158/production/1.1/board.xml as part xcvh1582-vsva3697-2mp-e-s specified in board_part file is either invalid or not available
WARNING: [Board 49-26] cannot add Board Part xilinx.com:vhk158:part0:1.2 available at /tools/Xilinx/2025.1/data/xhub/boards/XilinxBoardStore/boards/Xilinx/vhk158/production/1.2/board.xml as part xcvh1582-vsva3697-2mp-e-s specified in board_part file is either invalid or not available
WARNING: [Board 49-26] cannot add Board Part xilinx.com:vmk180:part0:2.2 available at /tools/Xilinx/2025.1/data/xhub/boards/XilinxBoardStore/boards/Xilinx/vmk180/production/2.2/board.xml as part xcvm1802-vsva2197-2mp-e-s specified in board_part file is either invalid or not available
WARNING: [Board 49-26] cannot add Board Part xilinx.com:vmk180:part0:3.0 available at /tools/Xilinx/2025.1/data/xhub/boards/XilinxBoardStore/boards/Xilinx/vmk180/production/3.0/board.xml as part xcvm1802-vsva2197-2mp-e-s specified in board_part file is either invalid or not available
WARNING: [Board 49-26] cannot add Board Part xilinx.com:vmk180:part0:3.1 available at /tools/Xilinx/2025.1/data/xhub/boards/XilinxBoardStore/boards/Xilinx/vmk180/production/3.1/board.xml as part xcvm1802-vsva2197-2mp-e-s specified in board_part file is either invalid or not available
WARNING: [Board 49-26] cannot add Board Part xilinx.com:vmk180:part0:3.2 available at /tools/Xilinx/2025.1/data/xhub/boards/XilinxBoardStore/boards/Xilinx/vmk180/production/3.2/board.xml as part xcvm1802-vsva2197-2mp-e-s specified in board_part file is either invalid or not available
WARNING: [Board 49-26] cannot add Board Part xilinx.com:vmk180:part0:3.3 available at /tools/Xilinx/2025.1/data/xhub/boards/XilinxBoardStore/boards/Xilinx/vmk180/production/3.3/board.xml as part xcvm1802-vsva2197-2mp-e-s specified in board_part file is either invalid or not available
WARNING: [Board 49-26] cannot add Board Part xilinx.com:vmk180_newl:part0:1.0 available at /tools/Xilinx/2025.1/data/xhub/boards/XilinxBoardStore/boards/Xilinx/vmk180_newl/production/1.0/board.xml as part xcvm1802-vsva2197-2mp-e-s specified in board_part file is either invalid or not available
WARNING: [Board 49-26] cannot add Board Part xilinx.com:vmk180_newl:part0:1.1 available at /tools/Xilinx/2025.1/data/xhub/boards/XilinxBoardStore/boards/Xilinx/vmk180_newl/production/1.1/board.xml as part xcvm1802-vsva2197-2mp-e-s specified in board_part file is either invalid or not available
WARNING: [Board 49-26] cannot add Board Part xilinx.com:vpk120:part0:1.0 available at /tools/Xilinx/2025.1/data/xhub/boards/XilinxBoardStore/boards/Xilinx/vpk120/production/1.0/board.xml as part xcvp1202-vsva2785-2mp-e-s specified in board_part file is either invalid or not available
WARNING: [Board 49-26] cannot add Board Part xilinx.com:vpk120:part0:1.1 available at /tools/Xilinx/2025.1/data/xhub/boards/XilinxBoardStore/boards/Xilinx/vpk120/production/1.1/board.xml as part xcvp1202-vsva2785-2mp-e-s specified in board_part file is either invalid or not available
WARNING: [Board 49-26] cannot add Board Part xilinx.com:vpk120:part0:1.2 available at /tools/Xilinx/2025.1/data/xhub/boards/XilinxBoardStore/boards/Xilinx/vpk120/production/1.2/board.xml as part xcvp1202-vsva2785-2mp-e-s specified in board_part file is either invalid or not available
WARNING: [Board 49-26] cannot add Board Part xilinx.com:vpk180:part0:1.0 available at /tools/Xilinx/2025.1/data/xhub/boards/XilinxBoardStore/boards/Xilinx/vpk180/production/1.0/board.xml as part xcvp1802-lsvc4072-2mp-e-s specified in board_part file is either invalid or not available
WARNING: [Board 49-26] cannot add Board Part xilinx.com:vpk180:part0:1.1 available at /tools/Xilinx/2025.1/data/xhub/boards/XilinxBoardStore/boards/Xilinx/vpk180/production/1.1/board.xml as part xcvp1802-lsvc4072-2mp-e-s specified in board_part file is either invalid or not available
WARNING: [Board 49-26] cannot add Board Part xilinx.com:vpk180:part0:1.2 available at /tools/Xilinx/2025.1/data/xhub/boards/XilinxBoardStore/boards/Xilinx/vpk180/production/1.2/board.xml as part xcvp1802-lsvc4072-2mp-e-s specified in board_part file is either invalid or not available
WARNING: [Board 49-26] cannot add Board Part xilinx.com:zcu208ld:part0:2.0 available at /tools/Xilinx/2025.1/data/xhub/boards/XilinxBoardStore/boards/Xilinx/zcu208ld/production/2.0/board.xml as part xczu58dr-fsvg1517-2-i specified in board_part file is either invalid or not available
WARNING: [Board 49-26] cannot add Board Part xilinx.com:zcu216ld:part0:2.0 available at /tools/Xilinx/2025.1/data/xhub/boards/XilinxBoardStore/boards/Xilinx/zcu216ld/production/2.0/board.xml as part xczu59dr-ffvf1760-2-i specified in board_part file is either invalid or not available
WARNING: [Board 49-26] cannot add Board Part xilinx.com:zcu670ld:part0:1.0 available at /tools/Xilinx/2025.1/data/xhub/boards/XilinxBoardStore/boards/Xilinx/zcu670ld/1.0/board.xml as part xczu57dr-fsve1156-2-i specified in board_part file is either invalid or not available
open_project /home/cathyhu3/s965/pz2/rfsoc/lab6_skid/lab6_skid.xpr
INFO: [Project 1-313] Project file moved from '/home/cathyhu3/pz2/rfsoc/lab6_skid' since last save.
WARNING: [filemgmt 56-3] IPUserFilesDir: Could not find the directory '/home/cathyhu3/s965/pz2/rfsoc/lab6_skid/lab6_skid.ip_user_files'.
Scanning sources...
Finished scanning sources
WARNING: [Board 49-26] cannot add Board Part xilinx.com:emb-plus-vpr-4616:part0:1.0 available at /tools/Xilinx/2025.1/data/xhub/boards/XilinxBoardStore/boards/Xilinx/emb-plus-vpr-4616/1.0/board.xml as part xcve2302-sfva784-2mp-e-s specified in board_part file is either invalid or not available
WARNING: [Board 49-26] cannot add Board Part xilinx.com:emb-plus-vpr-4616:part0:1.1 available at /tools/Xilinx/2025.1/data/xhub/boards/XilinxBoardStore/boards/Xilinx/emb-plus-vpr-4616/1.1/board.xml as part xcve2302-sfva784-2mp-e-s specified in board_part file is either invalid or not available
WARNING: [Board 49-26] cannot add Board Part xilinx.com:v80:part0:1.0 available at /tools/Xilinx/2025.1/data/xhub/boards/XilinxBoardStore/boards/Xilinx/v80/1.0/board.xml as part xcv80-lsva4737-2mhp-e-s specified in board_part file is either invalid or not available
WARNING: [Board 49-26] cannot add Board Part xilinx.com:vck190:part0:2.2 available at /tools/Xilinx/2025.1/data/xhub/boards/XilinxBoardStore/boards/Xilinx/vck190/production/2.2/board.xml as part xcvc1902-vsva2197-2mp-e-s specified in board_part file is either invalid or not available
WARNING: [Board 49-26] cannot add Board Part xilinx.com:vck190:part0:3.0 available at /tools/Xilinx/2025.1/data/xhub/boards/XilinxBoardStore/boards/Xilinx/vck190/production/3.0/board.xml as part xcvc1902-vsva2197-2mp-e-s specified in board_part file is either invalid or not available
WARNING: [Board 49-26] cannot add Board Part xilinx.com:vck190:part0:3.1 available at /tools/Xilinx/2025.1/data/xhub/boards/XilinxBoardStore/boards/Xilinx/vck190/production/3.1/board.xml as part xcvc1902-vsva2197-2mp-e-s specified in board_part file is either invalid or not available
WARNING: [Board 49-26] cannot add Board Part xilinx.com:vck190:part0:3.2 available at /tools/Xilinx/2025.1/data/xhub/boards/XilinxBoardStore/boards/Xilinx/vck190/production/3.2/board.xml as part xcvc1902-vsva2197-2mp-e-s specified in board_part file is either invalid or not available
WARNING: [Board 49-26] cannot add Board Part xilinx.com:vck190:part0:3.3 available at /tools/Xilinx/2025.1/data/xhub/boards/XilinxBoardStore/boards/Xilinx/vck190/production/3.3/board.xml as part xcvc1902-vsva2197-2mp-e-s specified in board_part file is either invalid or not available
WARNING: [Board 49-26] cannot add Board Part xilinx.com:vck190:part0:3.4 available at /tools/Xilinx/2025.1/data/xhub/boards/XilinxBoardStore/boards/Xilinx/vck190/production/3.4/board.xml as part xcvc1902-vsva2197-2mp-e-s specified in board_part file is either invalid or not available
WARNING: [Board 49-26] cannot add Board Part xilinx.com:vck190_newl:part0:1.0 available at /tools/Xilinx/2025.1/data/xhub/boards/XilinxBoardStore/boards/Xilinx/vck190_newl/production/1.0/board.xml as part xcvc1902-vsva2197-2mp-e-s specified in board_part file is either invalid or not available
WARNING: [Board 49-26] cannot add Board Part xilinx.com:vck190_newl:part0:1.1 available at /tools/Xilinx/2025.1/data/xhub/boards/XilinxBoardStore/boards/Xilinx/vck190_newl/production/1.1/board.xml as part xcvc1902-vsva2197-2mp-e-s specified in board_part file is either invalid or not available
WARNING: [Board 49-26] cannot add Board Part xilinx.com:vck190_newl:part0:1.2 available at /tools/Xilinx/2025.1/data/xhub/boards/XilinxBoardStore/boards/Xilinx/vck190_newl/production/1.2/board.xml as part xcvc1902-vsva2197-2mp-e-s specified in board_part file is either invalid or not available
WARNING: [Board 49-26] cannot add Board Part xilinx.com:vck190_newl:part0:1.3 available at /tools/Xilinx/2025.1/data/xhub/boards/XilinxBoardStore/boards/Xilinx/vck190_newl/production/1.3/board.xml as part xcvc1902-vsva2197-2mp-e-s specified in board_part file is either invalid or not available
WARNING: [Board 49-26] cannot add Board Part xilinx.com:vek280:part0:1.0 available at /tools/Xilinx/2025.1/data/xhub/boards/XilinxBoardStore/boards/Xilinx/vek280/production/1.0/board.xml as part xcve2802-vsvh1760-2mp-e-s specified in board_part file is either invalid or not available
WARNING: [Board 49-26] cannot add Board Part xilinx.com:vek280:part0:1.1 available at /tools/Xilinx/2025.1/data/xhub/boards/XilinxBoardStore/boards/Xilinx/vek280/production/1.1/board.xml as part xcve2802-vsvh1760-2mp-e-s specified in board_part file is either invalid or not available
WARNING: [Board 49-26] cannot add Board Part xilinx.com:vek280:part0:1.2 available at /tools/Xilinx/2025.1/data/xhub/boards/XilinxBoardStore/boards/Xilinx/vek280/production/1.2/board.xml as part xcve2802-vsvh1760-2mp-e-s specified in board_part file is either invalid or not available
WARNING: [Board 49-26] cannot add Board Part xilinx.com:vek385:part0:1.0 available at /tools/Xilinx/2025.1/data/xhub/boards/XilinxBoardStore/boards/Xilinx/vek385/1.0/board.xml as part xc2ve3858-ssva2112-2mp-e-s specified in board_part file is either invalid or not available
WARNING: [Board 49-26] cannot add Board Part xilinx.com:vhk158:part0:1.0 available at /tools/Xilinx/2025.1/data/xhub/boards/XilinxBoardStore/boards/Xilinx/vhk158/production/1.0/board.xml as part xcvh1582-vsva3697-2mp-e-s specified in board_part file is either invalid or not available
WARNING: [Board 49-26] cannot add Board Part xilinx.com:vhk158:part0:1.1 available at /tools/Xilinx/2025.1/data/xhub/boards/XilinxBoardStore/boards/Xilinx/vhk158/production/1.1/board.xml as part xcvh1582-vsva3697-2mp-e-s specified in board_part file is either invalid or not available
WARNING: [Board 49-26] cannot add Board Part xilinx.com:vhk158:part0:1.2 available at /tools/Xilinx/2025.1/data/xhub/boards/XilinxBoardStore/boards/Xilinx/vhk158/production/1.2/board.xml as part xcvh1582-vsva3697-2mp-e-s specified in board_part file is either invalid or not available
WARNING: [Board 49-26] cannot add Board Part xilinx.com:vmk180:part0:2.2 available at /tools/Xilinx/2025.1/data/xhub/boards/XilinxBoardStore/boards/Xilinx/vmk180/production/2.2/board.xml as part xcvm1802-vsva2197-2mp-e-s specified in board_part file is either invalid or not available
WARNING: [Board 49-26] cannot add Board Part xilinx.com:vmk180:part0:3.0 available at /tools/Xilinx/2025.1/data/xhub/boards/XilinxBoardStore/boards/Xilinx/vmk180/production/3.0/board.xml as part xcvm1802-vsva2197-2mp-e-s specified in board_part file is either invalid or not available
WARNING: [Board 49-26] cannot add Board Part xilinx.com:vmk180:part0:3.1 available at /tools/Xilinx/2025.1/data/xhub/boards/XilinxBoardStore/boards/Xilinx/vmk180/production/3.1/board.xml as part xcvm1802-vsva2197-2mp-e-s specified in board_part file is either invalid or not available
WARNING: [Board 49-26] cannot add Board Part xilinx.com:vmk180:part0:3.2 available at /tools/Xilinx/2025.1/data/xhub/boards/XilinxBoardStore/boards/Xilinx/vmk180/production/3.2/board.xml as part xcvm1802-vsva2197-2mp-e-s specified in board_part file is either invalid or not available
WARNING: [Board 49-26] cannot add Board Part xilinx.com:vmk180:part0:3.3 available at /tools/Xilinx/2025.1/data/xhub/boards/XilinxBoardStore/boards/Xilinx/vmk180/production/3.3/board.xml as part xcvm1802-vsva2197-2mp-e-s specified in board_part file is either invalid or not available
WARNING: [Board 49-26] cannot add Board Part xilinx.com:vmk180_newl:part0:1.0 available at /tools/Xilinx/2025.1/data/xhub/boards/XilinxBoardStore/boards/Xilinx/vmk180_newl/production/1.0/board.xml as part xcvm1802-vsva2197-2mp-e-s specified in board_part file is either invalid or not available
WARNING: [Board 49-26] cannot add Board Part xilinx.com:vmk180_newl:part0:1.1 available at /tools/Xilinx/2025.1/data/xhub/boards/XilinxBoardStore/boards/Xilinx/vmk180_newl/production/1.1/board.xml as part xcvm1802-vsva2197-2mp-e-s specified in board_part file is either invalid or not available
WARNING: [Board 49-26] cannot add Board Part xilinx.com:vpk120:part0:1.0 available at /tools/Xilinx/2025.1/data/xhub/boards/XilinxBoardStore/boards/Xilinx/vpk120/production/1.0/board.xml as part xcvp1202-vsva2785-2mp-e-s specified in board_part file is either invalid or not available
WARNING: [Board 49-26] cannot add Board Part xilinx.com:vpk120:part0:1.1 available at /tools/Xilinx/2025.1/data/xhub/boards/XilinxBoardStore/boards/Xilinx/vpk120/production/1.1/board.xml as part xcvp1202-vsva2785-2mp-e-s specified in board_part file is either invalid or not available
WARNING: [Board 49-26] cannot add Board Part xilinx.com:vpk120:part0:1.2 available at /tools/Xilinx/2025.1/data/xhub/boards/XilinxBoardStore/boards/Xilinx/vpk120/production/1.2/board.xml as part xcvp1202-vsva2785-2mp-e-s specified in board_part file is either invalid or not available
WARNING: [Board 49-26] cannot add Board Part xilinx.com:vpk180:part0:1.0 available at /tools/Xilinx/2025.1/data/xhub/boards/XilinxBoardStore/boards/Xilinx/vpk180/production/1.0/board.xml as part xcvp1802-lsvc4072-2mp-e-s specified in board_part file is either invalid or not available
WARNING: [Board 49-26] cannot add Board Part xilinx.com:vpk180:part0:1.1 available at /tools/Xilinx/2025.1/data/xhub/boards/XilinxBoardStore/boards/Xilinx/vpk180/production/1.1/board.xml as part xcvp1802-lsvc4072-2mp-e-s specified in board_part file is either invalid or not available
WARNING: [Board 49-26] cannot add Board Part xilinx.com:vpk180:part0:1.2 available at /tools/Xilinx/2025.1/data/xhub/boards/XilinxBoardStore/boards/Xilinx/vpk180/production/1.2/board.xml as part xcvp1802-lsvc4072-2mp-e-s specified in board_part file is either invalid or not available
WARNING: [Board 49-26] cannot add Board Part xilinx.com:zcu208ld:part0:2.0 available at /tools/Xilinx/2025.1/data/xhub/boards/XilinxBoardStore/boards/Xilinx/zcu208ld/production/2.0/board.xml as part xczu58dr-fsvg1517-2-i specified in board_part file is either invalid or not available
WARNING: [Board 49-26] cannot add Board Part xilinx.com:zcu216ld:part0:2.0 available at /tools/Xilinx/2025.1/data/xhub/boards/XilinxBoardStore/boards/Xilinx/zcu216ld/production/2.0/board.xml as part xczu59dr-ffvf1760-2-i specified in board_part file is either invalid or not available
WARNING: [Board 49-26] cannot add Board Part xilinx.com:zcu670ld:part0:1.0 available at /tools/Xilinx/2025.1/data/xhub/boards/XilinxBoardStore/boards/Xilinx/zcu670ld/1.0/board.xml as part xczu57dr-fsve1156-2-i specified in board_part file is either invalid or not available
INFO: [IP_Flow 19-234] Refreshing IP repositories
INFO: [IP_Flow 19-1700] Loaded user IP repository '/home/cathyhu3/s965/pz2/rfsoc/ip_repo/iq_packager_1_0'.
INFO: [IP_Flow 19-2313] Loaded Vivado IP repository '/tools/Xilinx/2025.1/Vivado/data/ip'.
update_compile_order -fileset sources_1
open_bd_design {/home/cathyhu3/s965/pz2/rfsoc/lab6_skid/lab6_skid.srcs/sources_1/bd/design_1/design_1.bd}
Reading block design file </home/cathyhu3/s965/pz2/rfsoc/lab6_skid/lab6_skid.srcs/sources_1/bd/design_1/design_1.bd>...
Adding component instance block -- xilinx.com:ip:zynq_ultra_ps_e:3.5 - zynq_ultra_ps_e_0
Adding component instance block -- xilinx.com:ip:axi_dma:7.1 - axi_dma_0
Adding component instance block -- xilinx.com:ip:usp_rf_data_converter:2.6 - usp_rf_data_converter_0
INFO: Ultrascale+ RF Data Converter instance: Clock port 'adc2_clk' frequency is set to 11520000
Adding component instance block -- xilinx.com:ip:clk_wiz:6.0 - clk_wiz_0
Adding component instance block -- xilinx.com:ip:axis_data_fifo:2.0 - axis_data_fifo_0
Adding component instance block -- xilinx.com:ip:proc_sys_reset:5.0 - proc_sys_reset_0
Adding component instance block -- xilinx.com:ip:proc_sys_reset:5.0 - proc_sys_reset_1
Adding component instance block -- user.org:user:iq_packager:1.0 - iq_packager_0
Adding component instance block -- xilinx.com:ip:smartconnect:1.0 - axi_smc
Adding component instance block -- xilinx.com:ip:smartconnect:1.0 - axi_smc_1
Excluding slave segment /zynq_ultra_ps_e_0/SAXIGP2/HP0_LPS_OCM from address space /axi_dma_0/Data_S2MM.
Successfully read diagram <design_1> from block design file </home/cathyhu3/s965/pz2/rfsoc/lab6_skid/lab6_skid.srcs/sources_1/bd/design_1/design_1.bd>
launch_runs impl_1 -to_step write_bitstream -jobs 8
CRITICAL WARNING: [filemgmt 20-730] Could not find a top module in the fileset sources_1.
Resolution: With the gui up, review the source files in the Sources window. Use Add Sources to add any needed sources. If the files are disabled, enable them. You can also select the file and choose Set Used In from the pop-up menu. Review if they are being used at the proper points of the flow.
WARNING: [BD 41-1629] Slave segment </zynq_ultra_ps_e_0/SAXIGP2/HP0_LPS_OCM> is excluded from all addressing paths.
WARNING: [BD 41-3281] Instance '/zynq_ultra_ps_e_0' is connected on both sides by SmartConnects and cannot automatically configure itself to match the endpoints. Please manually configure its AXI interfaces as required for the design.
WARNING: [BD 41-3281] Instance '/axi_dma_0' is connected on both sides by SmartConnects and cannot automatically configure itself to match the endpoints. Please manually configure its AXI interfaces as required for the design.
Excluding slave segment /zynq_ultra_ps_e_0/SAXIGP2/HP0_LPS_OCM from address space /axi_dma_0/Data_S2MM.
Excluding slave segment /zynq_ultra_ps_e_0/SAXIGP2/HP0_LPS_OCM from address space /axi_dma_0/Data_S2MM.
Excluding slave segment /zynq_ultra_ps_e_0/SAXIGP2/HP0_LPS_OCM from address space /axi_dma_0/Data_S2MM.
Excluding slave segment /zynq_ultra_ps_e_0/SAXIGP2/HP0_LPS_OCM from address space /axi_dma_0/Data_S2MM.
Excluding slave segment /zynq_ultra_ps_e_0/SAXIGP2/HP0_LPS_OCM from address space /axi_dma_0/Data_S2MM.
INFO: [BD 5-943] Reserving offset range <0xA000_0000 [ 64K ]> from slave interface '/axi_smc/S00_AXI' to master interface '/axi_smc/M00_AXI'. This will be used by smartconnect on path for routing.
INFO: [BD 5-943] Reserving offset range <0xA004_0000 [ 256K ]> from slave interface '/axi_smc/S00_AXI' to master interface '/axi_smc/M01_AXI'. This will be used by smartconnect on path for routing.
INFO: [xilinx.com:ip:smartconnect:1.0-1] design_1_axi_smc_0: SmartConnect design_1_axi_smc_0 is in Low-Area Mode.
INFO: [BD 5-943] Reserving offset range <0x0000_0000 [ 2G ]> from slave interface '/axi_smc_1/S00_AXI' to master interface '/axi_smc_1/M00_AXI'. This will be used by smartconnect on path for routing.
INFO: [xilinx.com:ip:smartconnect:1.0-1] design_1_axi_smc_1_0: SmartConnect design_1_axi_smc_1_0 is in High-performance Mode.
Excluding slave segment /zynq_ultra_ps_e_0/SAXIGP2/HP0_LPS_OCM from address space /axi_dma_0/Data_S2MM.
Excluding slave segment /zynq_ultra_ps_e_0/SAXIGP2/HP0_LPS_OCM from address space /axi_dma_0/Data_S2MM.
CRITICAL WARNING: [BD 41-1344] Reset pin /axis_data_fifo_0/s_axis_aresetn (associated clock /axis_data_fifo_0/s_axis_aclk) is connected to reset source /proc_sys_reset_0/mb_reset (synchronous to clock source /zynq_ultra_ps_e_0/pl_clk0).
This may prevent design from meeting timing. Instead it should be connected to reset source /proc_sys_reset_1/interconnect_aresetn.
INFO: [xilinx.com:ip:clk_wiz:6.0-1] /clk_wiz_0 clk_wiz propagate
ERROR: [BD 41-238] Port/Pin property POLARITY does not match between /axi_dma_0/axi_resetn(ACTIVE_LOW) and /proc_sys_reset_0/mb_reset(ACTIVE_HIGH)
ERROR: [BD 41-238] Port/Pin property POLARITY does not match between /axis_data_fifo_0/s_axis_aresetn(ACTIVE_LOW) and /proc_sys_reset_0/mb_reset(ACTIVE_HIGH)
ERROR: [BD 41-238] Port/Pin property POLARITY does not match between /usp_rf_data_converter_0/s_axi_aresetn(ACTIVE_LOW) and /proc_sys_reset_0/mb_reset(ACTIVE_HIGH)
ERROR: [BD 41-238] Port/Pin property POLARITY does not match between /usp_rf_data_converter_0/m2_axis_aresetn(ACTIVE_LOW) and /proc_sys_reset_1/mb_reset(ACTIVE_HIGH)
ERROR: [BD 41-238] Port/Pin property POLARITY does not match between /iq_packager_0/s00_axis_aresetn(ACTIVE_LOW) and /proc_sys_reset_1/mb_reset(ACTIVE_HIGH)
ERROR: [BD 41-238] Port/Pin property POLARITY does not match between /iq_packager_0/s01_axis_aresetn(ACTIVE_LOW) and /proc_sys_reset_1/mb_reset(ACTIVE_HIGH)
ERROR: [BD 41-238] Port/Pin property POLARITY does not match between /iq_packager_0/m00_axis_aresetn(ACTIVE_LOW) and /proc_sys_reset_1/mb_reset(ACTIVE_HIGH)
WARNING: [BD 41-237] Bus Interface property AWUSER_WIDTH does not match between /zynq_ultra_ps_e_0/S_AXI_HP0_FPD(1) and /axi_smc_1/M00_AXI(0)
WARNING: [BD 41-237] Bus Interface property ARUSER_WIDTH does not match between /zynq_ultra_ps_e_0/S_AXI_HP0_FPD(1) and /axi_smc_1/M00_AXI(0)
ERROR: [BD 41-1031] Hdl Generation failed for the IP Integrator design /home/cathyhu3/s965/pz2/rfsoc/lab6_skid/lab6_skid.srcs/sources_1/bd/design_1/design_1.bd 
ERROR: [Vivado 12-4756] Launch of runs aborted due to earlier errors while preparing sub-designs for run execution.
ERROR: [Common 17-243] Documentation data file not found.
INFO: [Common 17-1272] Unable to find docnav in current product installation, located docnav in $PATH at '/tools/Xilinx/DocNav/docnav'
ERROR: [Common 17-243] Documentation data file not found.
delete_bd_objs [get_bd_nets proc_sys_reset_0_mb_reset]
connect_bd_net [get_bd_pins proc_sys_reset_0/peripheral_aresetn] [get_bd_pins axi_dma_0/axi_resetn]
connect_bd_net [get_bd_pins usp_rf_data_converter_0/s_axi_aresetn] [get_bd_pins proc_sys_reset_0/peripheral_aresetn]
connect_bd_net [get_bd_pins proc_sys_reset_0/peripheral_aresetn] [get_bd_pins axis_data_fifo_0/s_axis_aresetn]
delete_bd_objs [get_bd_nets proc_sys_reset_1_mb_reset]
connect_bd_net [get_bd_pins proc_sys_reset_1/peripheral_aresetn] [get_bd_pins usp_rf_data_converter_0/m2_axis_aresetn]
connect_bd_net [get_bd_pins proc_sys_reset_1/peripheral_aresetn] [get_bd_pins iq_packager_0/s00_axis_aresetn]
connect_bd_net [get_bd_pins iq_packager_0/s01_axis_aresetn] [get_bd_pins iq_packager_0/m00_axis_aresetn]
delete_bd_objs [get_bd_nets Net]
connect_bd_net [get_bd_pins proc_sys_reset_1/interconnect_aresetn] [get_bd_pins iq_packager_0/s01_axis_aresetn]
delete_bd_objs [get_bd_nets proc_sys_reset_1_interconnect_aresetn]
connect_bd_net [get_bd_pins proc_sys_reset_1/peripheral_aresetn] [get_bd_pins iq_packager_0/m00_axis_aresetn]
connect_bd_net [get_bd_pins proc_sys_reset_1/peripheral_aresetn] [get_bd_pins iq_packager_0/s01_axis_aresetn]
save_bd_design
WARNING: [BD 41-2671] The dangling interface net <m00_aw_node_M_AXIS_ARB> will not be written out to the BD file.
WARNING: [BD 41-2671] The dangling interface net <m01_aw_node_M_AXIS_ARB> will not be written out to the BD file.
Wrote  : </home/cathyhu3/s965/pz2/rfsoc/lab6_skid/lab6_skid.srcs/sources_1/bd/design_1/design_1.bd> 
Wrote  : </home/cathyhu3/s965/pz2/rfsoc/lab6_skid/lab6_skid.srcs/sources_1/bd/design_1/ui/bd_1f5defd0.ui> 
launch_runs impl_1 -to_step write_bitstream -jobs 8
CRITICAL WARNING: [filemgmt 20-730] Could not find a top module in the fileset sources_1.
Resolution: With the gui up, review the source files in the Sources window. Use Add Sources to add any needed sources. If the files are disabled, enable them. You can also select the file and choose Set Used In from the pop-up menu. Review if they are being used at the proper points of the flow.
WARNING: [BD 41-1629] Slave segment </zynq_ultra_ps_e_0/SAXIGP2/HP0_LPS_OCM> is excluded from all addressing paths.
WARNING: [BD 41-3281] Instance '/zynq_ultra_ps_e_0' is connected on both sides by SmartConnects and cannot automatically configure itself to match the endpoints. Please manually configure its AXI interfaces as required for the design.
WARNING: [BD 41-3281] Instance '/axi_dma_0' is connected on both sides by SmartConnects and cannot automatically configure itself to match the endpoints. Please manually configure its AXI interfaces as required for the design.
Excluding slave segment /zynq_ultra_ps_e_0/SAXIGP2/HP0_LPS_OCM from address space /axi_dma_0/Data_S2MM.
Excluding slave segment /zynq_ultra_ps_e_0/SAXIGP2/HP0_LPS_OCM from address space /axi_dma_0/Data_S2MM.
Excluding slave segment /zynq_ultra_ps_e_0/SAXIGP2/HP0_LPS_OCM from address space /axi_dma_0/Data_S2MM.
Excluding slave segment /zynq_ultra_ps_e_0/SAXIGP2/HP0_LPS_OCM from address space /axi_dma_0/Data_S2MM.
INFO: [BD 5-943] Reserving offset range <0xA000_0000 [ 64K ]> from slave interface '/axi_smc/S00_AXI' to master interface '/axi_smc/M00_AXI'. This will be used by smartconnect on path for routing.
INFO: [BD 5-943] Reserving offset range <0xA004_0000 [ 256K ]> from slave interface '/axi_smc/S00_AXI' to master interface '/axi_smc/M01_AXI'. This will be used by smartconnect on path for routing.
INFO: [xilinx.com:ip:smartconnect:1.0-1] design_1_axi_smc_0: SmartConnect design_1_axi_smc_0 is in Low-Area Mode.
INFO: [BD 5-943] Reserving offset range <0x0000_0000 [ 2G ]> from slave interface '/axi_smc_1/S00_AXI' to master interface '/axi_smc_1/M00_AXI'. This will be used by smartconnect on path for routing.
INFO: [xilinx.com:ip:smartconnect:1.0-1] design_1_axi_smc_1_0: SmartConnect design_1_axi_smc_1_0 is in High-performance Mode.
Excluding slave segment /zynq_ultra_ps_e_0/SAXIGP2/HP0_LPS_OCM from address space /axi_dma_0/Data_S2MM.
Excluding slave segment /zynq_ultra_ps_e_0/SAXIGP2/HP0_LPS_OCM from address space /axi_dma_0/Data_S2MM.
CRITICAL WARNING: [BD 41-1344] Reset pin /axis_data_fifo_0/s_axis_aresetn (associated clock /axis_data_fifo_0/s_axis_aclk) is connected to reset source /proc_sys_reset_0/peripheral_aresetn (synchronous to clock source /zynq_ultra_ps_e_0/pl_clk0).
This may prevent design from meeting timing. Instead it should be connected to reset source /proc_sys_reset_1/interconnect_aresetn.
INFO: [xilinx.com:ip:clk_wiz:6.0-1] /clk_wiz_0 clk_wiz propagate
WARNING: [BD 41-237] Bus Interface property AWUSER_WIDTH does not match between /zynq_ultra_ps_e_0/S_AXI_HP0_FPD(1) and /axi_smc_1/M00_AXI(0)
WARNING: [BD 41-237] Bus Interface property ARUSER_WIDTH does not match between /zynq_ultra_ps_e_0/S_AXI_HP0_FPD(1) and /axi_smc_1/M00_AXI(0)
WARNING: [BD 41-2671] The dangling interface net <m00_aw_node_M_AXIS_ARB> will not be written out to the BD file.
WARNING: [BD 41-2671] The dangling interface net <m01_aw_node_M_AXIS_ARB> will not be written out to the BD file.
Wrote  : </home/cathyhu3/s965/pz2/rfsoc/lab6_skid/lab6_skid.srcs/sources_1/bd/design_1/design_1.bd> 
Verilog Output written to : /home/cathyhu3/s965/pz2/rfsoc/lab6_skid/lab6_skid.gen/sources_1/bd/design_1/synth/design_1.v
Verilog Output written to : /home/cathyhu3/s965/pz2/rfsoc/lab6_skid/lab6_skid.gen/sources_1/bd/design_1/sim/design_1.v
Verilog Output written to : /home/cathyhu3/s965/pz2/rfsoc/lab6_skid/lab6_skid.gen/sources_1/bd/design_1/hdl/design_1_wrapper.v
INFO: [xilinx.com:ip:zynq_ultra_ps_e:3.5-0] design_1_zynq_ultra_ps_e_0_0: 
Changes in your design (including the PCW configuration settings) are not automatically exported from Vivado to Amd's SDK, Petalinux or Yocto.
This is by design to avoid disrupting existing embedded development efforts. To have any changes of your design taking effect in the embedded software flow please export your
design by going through Vivado's main menu, click on File, then Export finally select Export Hardware, please ensure you click on the Include BitStream option.
The auto-generated HDF file is all you need to import in Amd's SDK, Petalinux or Yocto for your changes to be reflected in the Embedded Software Flow.
For more information, please consult PG201, section: Exporting PCW Settings to Embedded Software Flows
INFO: [PSU-0] Address Range of DDR (0x7ff00000 to 0x7fffffff) is reserved by PMU for internal purpose.
INFO: [IP_Flow 19-5611] Unable to find an associated reset port for the interface 'M_AXI_HPM0_FPD'. A default connection has been created.
INFO: [IP_Flow 19-5611] Unable to find an associated reset port for the interface 'M_AXI_HPM1_FPD'. A default connection has been created.
INFO: [IP_Flow 19-5611] Unable to find an associated reset port for the interface 'S_AXI_HP0_FPD'. A default connection has been created.
INFO: [BD 41-1029] Generation completed for the IP Integrator block zynq_ultra_ps_e_0 .
INFO: [BD 41-1029] Generation completed for the IP Integrator block axi_dma_0 .
INFO: [BD 41-1029] Generation completed for the IP Integrator block usp_rf_data_converter_0 .
INFO: [BD 41-1029] Generation completed for the IP Integrator block clk_wiz_0 .
INFO: [BD 41-1029] Generation completed for the IP Integrator block axis_data_fifo_0 .
INFO: [BD 41-1029] Generation completed for the IP Integrator block proc_sys_reset_0 .
INFO: [BD 41-1029] Generation completed for the IP Integrator block proc_sys_reset_1 .
INFO: [BD 41-1029] Generation completed for the IP Integrator block iq_packager_0 .
WARNING: [BD 41-2384] Width mismatch when connecting pin: '/s00_nodes/s00_ar_node/s_sc_payld'(170) to pin: '/s00_nodes/S_SC_AR_payld'(166) - Only lower order bits will be connected.
WARNING: [BD 41-2384] Width mismatch when connecting pin: '/s00_nodes/s00_aw_node/s_sc_payld'(170) to pin: '/s00_nodes/S_SC_AW_payld'(166) - Only lower order bits will be connected.
WARNING: [BD 41-2384] Width mismatch when connecting pin: '/s01_nodes/s01_ar_node/s_sc_payld'(170) to pin: '/s01_nodes/S_SC_AR_payld'(166) - Only lower order bits will be connected.
WARNING: [BD 41-2384] Width mismatch when connecting pin: '/s01_nodes/s01_aw_node/s_sc_payld'(170) to pin: '/s01_nodes/S_SC_AW_payld'(166) - Only lower order bits will be connected.
WARNING: [BD 41-2384] Width mismatch when connecting pin: '/m00_nodes/m00_r_node/s_sc_payld'(153) to pin: '/m00_nodes/S_SC_R_payld'(151) - Only lower order bits will be connected.
WARNING: [BD 41-2384] Width mismatch when connecting pin: '/m00_nodes/m00_b_node/s_sc_payld'(11) to pin: '/m00_nodes/S_SC_B_payld'(9) - Only lower order bits will be connected.
WARNING: [BD 41-2384] Width mismatch when connecting pin: '/m01_nodes/m01_r_node/s_sc_payld'(153) to pin: '/m01_nodes/S_SC_R_payld'(151) - Only lower order bits will be connected.
WARNING: [BD 41-2384] Width mismatch when connecting pin: '/m01_nodes/m01_b_node/s_sc_payld'(11) to pin: '/m01_nodes/S_SC_B_payld'(9) - Only lower order bits will be connected.
WARNING: [BD 41-2384] Width mismatch when connecting pin: '/s00_axi2sc/s_sc_r_payld'(151) to pin: '/s00_nodes/M_SC_R_payld'(153) - Only lower order bits will be connected.
WARNING: [BD 41-2384] Width mismatch when connecting pin: '/s00_axi2sc/s_sc_b_payld'(9) to pin: '/s00_nodes/M_SC_B_payld'(11) - Only lower order bits will be connected.
WARNING: [BD 41-2384] Width mismatch when connecting pin: '/s01_axi2sc/s_sc_r_payld'(151) to pin: '/s01_nodes/M_SC_R_payld'(153) - Only lower order bits will be connected.
WARNING: [BD 41-2384] Width mismatch when connecting pin: '/s01_axi2sc/s_sc_b_payld'(9) to pin: '/s01_nodes/M_SC_B_payld'(11) - Only lower order bits will be connected.
WARNING: [BD 41-2384] Width mismatch when connecting pin: '/m00_sc2axi/s_sc_ar_payld'(166) to pin: '/m00_nodes/M_SC_AR_payld'(170) - Only lower order bits will be connected.
WARNING: [BD 41-2384] Width mismatch when connecting pin: '/m00_sc2axi/s_sc_aw_payld'(166) to pin: '/m00_nodes/M_SC_AW_payld'(170) - Only lower order bits will be connected.
WARNING: [BD 41-2384] Width mismatch when connecting pin: '/m01_sc2axi/s_sc_ar_payld'(166) to pin: '/m01_nodes/M_SC_AR_payld'(170) - Only lower order bits will be connected.
WARNING: [BD 41-2384] Width mismatch when connecting pin: '/m01_sc2axi/s_sc_aw_payld'(166) to pin: '/m01_nodes/M_SC_AW_payld'(170) - Only lower order bits will be connected.
WARNING: [BD 41-2384] Width mismatch when connecting pin: '/s00_nodes/s00_ar_node/s_sc_payld'(170) to pin: '/s00_nodes/S_SC_AR_payld'(166) - Only lower order bits will be connected.
WARNING: [BD 41-2384] Width mismatch when connecting pin: '/s00_nodes/s00_aw_node/s_sc_payld'(170) to pin: '/s00_nodes/S_SC_AW_payld'(166) - Only lower order bits will be connected.
WARNING: [BD 41-2384] Width mismatch when connecting pin: '/s01_nodes/s01_ar_node/s_sc_payld'(170) to pin: '/s01_nodes/S_SC_AR_payld'(166) - Only lower order bits will be connected.
WARNING: [BD 41-2384] Width mismatch when connecting pin: '/s01_nodes/s01_aw_node/s_sc_payld'(170) to pin: '/s01_nodes/S_SC_AW_payld'(166) - Only lower order bits will be connected.
WARNING: [BD 41-2384] Width mismatch when connecting pin: '/m00_nodes/m00_r_node/s_sc_payld'(153) to pin: '/m00_nodes/S_SC_R_payld'(151) - Only lower order bits will be connected.
WARNING: [BD 41-2384] Width mismatch when connecting pin: '/m00_nodes/m00_b_node/s_sc_payld'(11) to pin: '/m00_nodes/S_SC_B_payld'(9) - Only lower order bits will be connected.
WARNING: [BD 41-2384] Width mismatch when connecting pin: '/m01_nodes/m01_r_node/s_sc_payld'(153) to pin: '/m01_nodes/S_SC_R_payld'(151) - Only lower order bits will be connected.
WARNING: [BD 41-2384] Width mismatch when connecting pin: '/m01_nodes/m01_b_node/s_sc_payld'(11) to pin: '/m01_nodes/S_SC_B_payld'(9) - Only lower order bits will be connected.
WARNING: [BD 41-2384] Width mismatch when connecting pin: '/s00_axi2sc/s_sc_r_payld'(151) to pin: '/s00_nodes/M_SC_R_payld'(153) - Only lower order bits will be connected.
WARNING: [BD 41-2384] Width mismatch when connecting pin: '/s00_axi2sc/s_sc_b_payld'(9) to pin: '/s00_nodes/M_SC_B_payld'(11) - Only lower order bits will be connected.
WARNING: [BD 41-2384] Width mismatch when connecting pin: '/s01_axi2sc/s_sc_r_payld'(151) to pin: '/s01_nodes/M_SC_R_payld'(153) - Only lower order bits will be connected.
WARNING: [BD 41-2384] Width mismatch when connecting pin: '/s01_axi2sc/s_sc_b_payld'(9) to pin: '/s01_nodes/M_SC_B_payld'(11) - Only lower order bits will be connected.
WARNING: [BD 41-2384] Width mismatch when connecting pin: '/m00_sc2axi/s_sc_ar_payld'(166) to pin: '/m00_nodes/M_SC_AR_payld'(170) - Only lower order bits will be connected.
WARNING: [BD 41-2384] Width mismatch when connecting pin: '/m00_sc2axi/s_sc_aw_payld'(166) to pin: '/m00_nodes/M_SC_AW_payld'(170) - Only lower order bits will be connected.
WARNING: [BD 41-2384] Width mismatch when connecting pin: '/m01_sc2axi/s_sc_ar_payld'(166) to pin: '/m01_nodes/M_SC_AR_payld'(170) - Only lower order bits will be connected.
WARNING: [BD 41-2384] Width mismatch when connecting pin: '/m01_sc2axi/s_sc_aw_payld'(166) to pin: '/m01_nodes/M_SC_AW_payld'(170) - Only lower order bits will be connected.
Exporting to file /home/cathyhu3/s965/pz2/rfsoc/lab6_skid/lab6_skid.gen/sources_1/bd/design_1/ip/design_1_axi_smc_0/bd_0/hw_handoff/design_1_axi_smc_0.hwh
Generated Hardware Definition File /home/cathyhu3/s965/pz2/rfsoc/lab6_skid/lab6_skid.gen/sources_1/bd/design_1/ip/design_1_axi_smc_0/bd_0/synth/design_1_axi_smc_0.hwdef
INFO: [BD 41-1029] Generation completed for the IP Integrator block axi_smc .
Exporting to file /home/cathyhu3/s965/pz2/rfsoc/lab6_skid/lab6_skid.gen/sources_1/bd/design_1/ip/design_1_axi_smc_1_0/bd_0/hw_handoff/design_1_axi_smc_1_0.hwh
Generated Hardware Definition File /home/cathyhu3/s965/pz2/rfsoc/lab6_skid/lab6_skid.gen/sources_1/bd/design_1/ip/design_1_axi_smc_1_0/bd_0/synth/design_1_axi_smc_1_0.hwdef
INFO: [BD 41-1029] Generation completed for the IP Integrator block axi_smc_1 .
Exporting to file /home/cathyhu3/s965/pz2/rfsoc/lab6_skid/lab6_skid.gen/sources_1/bd/design_1/hw_handoff/design_1.hwh
Generated Hardware Definition File /home/cathyhu3/s965/pz2/rfsoc/lab6_skid/lab6_skid.gen/sources_1/bd/design_1/synth/design_1.hwdef
ERROR: [Common 17-70] Application Exception: Top module not set for fileset 'sources_1'. Please ensure that a valid value is provided for 'top'. The value for 'top' can be set/changed using the 'Top Module Name' field under 'Project Settings', or using the 'set_property top' Tcl command (e.g. set_property top <name> [current_fileset]).
make_wrapper -files [get_files /home/cathyhu3/s965/pz2/rfsoc/lab6_skid/lab6_skid.srcs/sources_1/bd/design_1/design_1.bd] -top
add_files -norecurse /home/cathyhu3/s965/pz2/rfsoc/lab6_skid/lab6_skid.gen/sources_1/bd/design_1/hdl/design_1_wrapper.v
launch_runs impl_1 -to_step write_bitstream -jobs 8
[Fri Oct 17 14:11:50 2025] Launched design_1_proc_sys_reset_0_1_synth_1, design_1_proc_sys_reset_0_0_synth_1, design_1_axis_data_fifo_0_0_synth_1, design_1_clk_wiz_0_0_synth_1, design_1_usp_rf_data_converter_0_0_synth_1, design_1_axi_smc_1_0_synth_1, design_1_zynq_ultra_ps_e_0_0_synth_1, design_1_axi_dma_0_0_synth_1, design_1_iq_packager_0_0_synth_1, design_1_axi_smc_0_synth_1, synth_1...
Run output will be captured here:
design_1_proc_sys_reset_0_1_synth_1: /home/cathyhu3/s965/pz2/rfsoc/lab6_skid/lab6_skid.runs/design_1_proc_sys_reset_0_1_synth_1/runme.log
design_1_proc_sys_reset_0_0_synth_1: /home/cathyhu3/s965/pz2/rfsoc/lab6_skid/lab6_skid.runs/design_1_proc_sys_reset_0_0_synth_1/runme.log
design_1_axis_data_fifo_0_0_synth_1: /home/cathyhu3/s965/pz2/rfsoc/lab6_skid/lab6_skid.runs/design_1_axis_data_fifo_0_0_synth_1/runme.log
design_1_clk_wiz_0_0_synth_1: /home/cathyhu3/s965/pz2/rfsoc/lab6_skid/lab6_skid.runs/design_1_clk_wiz_0_0_synth_1/runme.log
design_1_usp_rf_data_converter_0_0_synth_1: /home/cathyhu3/s965/pz2/rfsoc/lab6_skid/lab6_skid.runs/design_1_usp_rf_data_converter_0_0_synth_1/runme.log
design_1_axi_smc_1_0_synth_1: /home/cathyhu3/s965/pz2/rfsoc/lab6_skid/lab6_skid.runs/design_1_axi_smc_1_0_synth_1/runme.log
design_1_zynq_ultra_ps_e_0_0_synth_1: /home/cathyhu3/s965/pz2/rfsoc/lab6_skid/lab6_skid.runs/design_1_zynq_ultra_ps_e_0_0_synth_1/runme.log
design_1_axi_dma_0_0_synth_1: /home/cathyhu3/s965/pz2/rfsoc/lab6_skid/lab6_skid.runs/design_1_axi_dma_0_0_synth_1/runme.log
design_1_iq_packager_0_0_synth_1: /home/cathyhu3/s965/pz2/rfsoc/lab6_skid/lab6_skid.runs/design_1_iq_packager_0_0_synth_1/runme.log
design_1_axi_smc_0_synth_1: /home/cathyhu3/s965/pz2/rfsoc/lab6_skid/lab6_skid.runs/design_1_axi_smc_0_synth_1/runme.log
synth_1: /home/cathyhu3/s965/pz2/rfsoc/lab6_skid/lab6_skid.runs/synth_1/runme.log
[Fri Oct 17 14:11:50 2025] Launched impl_1...
Run output will be captured here: /home/cathyhu3/s965/pz2/rfsoc/lab6_skid/lab6_skid.runs/impl_1/runme.log
reset_run synth_1
reset_run design_1_proc_sys_reset_0_1_synth_1
reset_run design_1_proc_sys_reset_0_0_synth_1
reset_run design_1_axis_data_fifo_0_0_synth_1
reset_run design_1_clk_wiz_0_0_synth_1
reset_run design_1_usp_rf_data_converter_0_0_synth_1
reset_run design_1_axi_smc_1_0_synth_1
reset_run design_1_zynq_ultra_ps_e_0_0_synth_1
reset_run design_1_axi_dma_0_0_synth_1
reset_run design_1_iq_packager_0_0_synth_1
reset_run design_1_axi_smc_0_synth_1
launch_runs impl_1 -to_step write_bitstream -jobs 8
[Fri Oct 17 14:18:51 2025] Launched design_1_proc_sys_reset_0_1_synth_1, design_1_proc_sys_reset_0_0_synth_1, design_1_axis_data_fifo_0_0_synth_1, design_1_clk_wiz_0_0_synth_1, design_1_usp_rf_data_converter_0_0_synth_1, design_1_axi_smc_1_0_synth_1, design_1_zynq_ultra_ps_e_0_0_synth_1, design_1_axi_dma_0_0_synth_1, design_1_iq_packager_0_0_synth_1, design_1_axi_smc_0_synth_1, synth_1...
Run output will be captured here:
design_1_proc_sys_reset_0_1_synth_1: /home/cathyhu3/s965/pz2/rfsoc/lab6_skid/lab6_skid.runs/design_1_proc_sys_reset_0_1_synth_1/runme.log
design_1_proc_sys_reset_0_0_synth_1: /home/cathyhu3/s965/pz2/rfsoc/lab6_skid/lab6_skid.runs/design_1_proc_sys_reset_0_0_synth_1/runme.log
design_1_axis_data_fifo_0_0_synth_1: /home/cathyhu3/s965/pz2/rfsoc/lab6_skid/lab6_skid.runs/design_1_axis_data_fifo_0_0_synth_1/runme.log
design_1_clk_wiz_0_0_synth_1: /home/cathyhu3/s965/pz2/rfsoc/lab6_skid/lab6_skid.runs/design_1_clk_wiz_0_0_synth_1/runme.log
design_1_usp_rf_data_converter_0_0_synth_1: /home/cathyhu3/s965/pz2/rfsoc/lab6_skid/lab6_skid.runs/design_1_usp_rf_data_converter_0_0_synth_1/runme.log
design_1_axi_smc_1_0_synth_1: /home/cathyhu3/s965/pz2/rfsoc/lab6_skid/lab6_skid.runs/design_1_axi_smc_1_0_synth_1/runme.log
design_1_zynq_ultra_ps_e_0_0_synth_1: /home/cathyhu3/s965/pz2/rfsoc/lab6_skid/lab6_skid.runs/design_1_zynq_ultra_ps_e_0_0_synth_1/runme.log
design_1_axi_dma_0_0_synth_1: /home/cathyhu3/s965/pz2/rfsoc/lab6_skid/lab6_skid.runs/design_1_axi_dma_0_0_synth_1/runme.log
design_1_iq_packager_0_0_synth_1: /home/cathyhu3/s965/pz2/rfsoc/lab6_skid/lab6_skid.runs/design_1_iq_packager_0_0_synth_1/runme.log
design_1_axi_smc_0_synth_1: /home/cathyhu3/s965/pz2/rfsoc/lab6_skid/lab6_skid.runs/design_1_axi_smc_0_synth_1/runme.log
synth_1: /home/cathyhu3/s965/pz2/rfsoc/lab6_skid/lab6_skid.runs/synth_1/runme.log
[Fri Oct 17 14:18:51 2025] Launched impl_1...
Run output will be captured here: /home/cathyhu3/s965/pz2/rfsoc/lab6_skid/lab6_skid.runs/impl_1/runme.log
disconnect_bd_net /proc_sys_reset_0_peripheral_aresetn [get_bd_pins axis_data_fifo_0/s_axis_aresetn]
connect_bd_net [get_bd_pins proc_sys_reset_1/peripheral_aresetn] [get_bd_pins axis_data_fifo_0/s_axis_aresetn]
save_bd_design
Wrote  : </home/cathyhu3/s965/pz2/rfsoc/lab6_skid/lab6_skid.srcs/sources_1/bd/design_1/design_1.bd> 
Wrote  : </home/cathyhu3/s965/pz2/rfsoc/lab6_skid/lab6_skid.srcs/sources_1/bd/design_1/ui/bd_1f5defd0.ui> 
reset_run synth_1
INFO: [Project 1-1160] Copying file /home/cathyhu3/s965/pz2/rfsoc/lab6_skid/lab6_skid.runs/synth_1/design_1_wrapper.dcp to /home/cathyhu3/s965/pz2/rfsoc/lab6_skid/lab6_skid.srcs/utils_1/imports/synth_1 and adding it to utils fileset
launch_runs impl_1 -to_step write_bitstream -jobs 8
WARNING: [BD 41-1629] Slave segment </zynq_ultra_ps_e_0/SAXIGP2/HP0_LPS_OCM> is excluded from all addressing paths.
WARNING: [BD 41-3281] Instance '/zynq_ultra_ps_e_0' is connected on both sides by SmartConnects and cannot automatically configure itself to match the endpoints. Please manually configure its AXI interfaces as required for the design.
WARNING: [BD 41-3281] Instance '/axi_dma_0' is connected on both sides by SmartConnects and cannot automatically configure itself to match the endpoints. Please manually configure its AXI interfaces as required for the design.
Excluding slave segment /zynq_ultra_ps_e_0/SAXIGP2/HP0_LPS_OCM from address space /axi_dma_0/Data_S2MM.
Excluding slave segment /zynq_ultra_ps_e_0/SAXIGP2/HP0_LPS_OCM from address space /axi_dma_0/Data_S2MM.
Excluding slave segment /zynq_ultra_ps_e_0/SAXIGP2/HP0_LPS_OCM from address space /axi_dma_0/Data_S2MM.
Excluding slave segment /zynq_ultra_ps_e_0/SAXIGP2/HP0_LPS_OCM from address space /axi_dma_0/Data_S2MM.
INFO: [BD 5-943] Reserving offset range <0xA000_0000 [ 64K ]> from slave interface '/axi_smc/S00_AXI' to master interface '/axi_smc/M00_AXI'. This will be used by smartconnect on path for routing.
INFO: [BD 5-943] Reserving offset range <0xA004_0000 [ 256K ]> from slave interface '/axi_smc/S00_AXI' to master interface '/axi_smc/M01_AXI'. This will be used by smartconnect on path for routing.
INFO: [xilinx.com:ip:smartconnect:1.0-1] design_1_axi_smc_0: SmartConnect design_1_axi_smc_0 is in Low-Area Mode.
INFO: [BD 5-943] Reserving offset range <0x0000_0000 [ 2G ]> from slave interface '/axi_smc_1/S00_AXI' to master interface '/axi_smc_1/M00_AXI'. This will be used by smartconnect on path for routing.
INFO: [xilinx.com:ip:smartconnect:1.0-1] design_1_axi_smc_1_0: SmartConnect design_1_axi_smc_1_0 is in High-performance Mode.
Excluding slave segment /zynq_ultra_ps_e_0/SAXIGP2/HP0_LPS_OCM from address space /axi_dma_0/Data_S2MM.
Excluding slave segment /zynq_ultra_ps_e_0/SAXIGP2/HP0_LPS_OCM from address space /axi_dma_0/Data_S2MM.
INFO: [xilinx.com:ip:clk_wiz:6.0-1] /clk_wiz_0 clk_wiz propagate
WARNING: [BD 41-237] Bus Interface property AWUSER_WIDTH does not match between /zynq_ultra_ps_e_0/S_AXI_HP0_FPD(1) and /axi_smc_1/M00_AXI(0)
WARNING: [BD 41-237] Bus Interface property ARUSER_WIDTH does not match between /zynq_ultra_ps_e_0/S_AXI_HP0_FPD(1) and /axi_smc_1/M00_AXI(0)
WARNING: [BD 41-2671] The dangling interface net <m00_aw_node_M_AXIS_ARB> will not be written out to the BD file.
WARNING: [BD 41-2671] The dangling interface net <m01_aw_node_M_AXIS_ARB> will not be written out to the BD file.
Wrote  : </home/cathyhu3/s965/pz2/rfsoc/lab6_skid/lab6_skid.srcs/sources_1/bd/design_1/design_1.bd> 
Verilog Output written to : /home/cathyhu3/s965/pz2/rfsoc/lab6_skid/lab6_skid.gen/sources_1/bd/design_1/synth/design_1.v
Verilog Output written to : /home/cathyhu3/s965/pz2/rfsoc/lab6_skid/lab6_skid.gen/sources_1/bd/design_1/sim/design_1.v
Verilog Output written to : /home/cathyhu3/s965/pz2/rfsoc/lab6_skid/lab6_skid.gen/sources_1/bd/design_1/hdl/design_1_wrapper.v
Exporting to file /home/cathyhu3/s965/pz2/rfsoc/lab6_skid/lab6_skid.gen/sources_1/bd/design_1/ip/design_1_axi_smc_0/bd_0/hw_handoff/design_1_axi_smc_0.hwh
Generated Hardware Definition File /home/cathyhu3/s965/pz2/rfsoc/lab6_skid/lab6_skid.gen/sources_1/bd/design_1/ip/design_1_axi_smc_0/bd_0/synth/design_1_axi_smc_0.hwdef
INFO: [BD 41-1029] Generation completed for the IP Integrator block axi_smc .
Exporting to file /home/cathyhu3/s965/pz2/rfsoc/lab6_skid/lab6_skid.gen/sources_1/bd/design_1/ip/design_1_axi_smc_1_0/bd_0/hw_handoff/design_1_axi_smc_1_0.hwh
Generated Hardware Definition File /home/cathyhu3/s965/pz2/rfsoc/lab6_skid/lab6_skid.gen/sources_1/bd/design_1/ip/design_1_axi_smc_1_0/bd_0/synth/design_1_axi_smc_1_0.hwdef
INFO: [BD 41-1029] Generation completed for the IP Integrator block axi_smc_1 .
Exporting to file /home/cathyhu3/s965/pz2/rfsoc/lab6_skid/lab6_skid.gen/sources_1/bd/design_1/hw_handoff/design_1.hwh
Generated Hardware Definition File /home/cathyhu3/s965/pz2/rfsoc/lab6_skid/lab6_skid.gen/sources_1/bd/design_1/synth/design_1.hwdef
INFO: [IP_Flow 19-4993] Using cached IP synthesis design for IP design_1_axi_smc_0, cache-ID = bb136323144d6483; cache size = 39.093 MB.
INFO: [IP_Flow 19-4993] Using cached IP synthesis design for IP design_1_axi_smc_1_0, cache-ID = b18ad00fb7007875; cache size = 39.093 MB.
[Fri Oct 17 14:31:02 2025] Launched synth_1...
Run output will be captured here: /home/cathyhu3/s965/pz2/rfsoc/lab6_skid/lab6_skid.runs/synth_1/runme.log
[Fri Oct 17 14:31:02 2025] Launched impl_1...
Run output will be captured here: /home/cathyhu3/s965/pz2/rfsoc/lab6_skid/lab6_skid.runs/impl_1/runme.log
launch_runs: Time (s): cpu = 00:00:17 ; elapsed = 00:00:17 . Memory (MB): peak = 11363.547 ; gain = 163.898 ; free physical = 20893 ; free virtual = 32069
update_ip_catalog -rebuild
INFO: [IP_Flow 19-234] Refreshing IP repositories
INFO: [IP_Flow 19-1700] Loaded user IP repository '/home/cathyhu3/s965/pz2/rfsoc/ip_repo/iq_packager_1_0'.
ipx::edit_ip_in_project -upgrade true -name iq_packager_v1_0_project -directory /home/cathyhu3/s965/pz2/rfsoc/lab6_skid/lab6_skid.tmp/iq_packager_v1_0_project /home/cathyhu3/s965/pz2/rfsoc/ip_repo/iq_packager_1_0/component.xml
INFO: [IP_Flow 19-234] Refreshing IP repositories
INFO: [IP_Flow 19-1704] No user IP repositories specified
INFO: [IP_Flow 19-2313] Loaded Vivado IP repository '/tools/Xilinx/2025.1/Vivado/data/ip'.
WARNING: [Board 49-26] cannot add Board Part xilinx.com:emb-plus-vpr-4616:part0:1.0 available at /tools/Xilinx/2025.1/data/xhub/boards/XilinxBoardStore/boards/Xilinx/emb-plus-vpr-4616/1.0/board.xml as part xcve2302-sfva784-2mp-e-s specified in board_part file is either invalid or not available
WARNING: [Board 49-26] cannot add Board Part xilinx.com:emb-plus-vpr-4616:part0:1.1 available at /tools/Xilinx/2025.1/data/xhub/boards/XilinxBoardStore/boards/Xilinx/emb-plus-vpr-4616/1.1/board.xml as part xcve2302-sfva784-2mp-e-s specified in board_part file is either invalid or not available
WARNING: [Board 49-26] cannot add Board Part xilinx.com:v80:part0:1.0 available at /tools/Xilinx/2025.1/data/xhub/boards/XilinxBoardStore/boards/Xilinx/v80/1.0/board.xml as part xcv80-lsva4737-2mhp-e-s specified in board_part file is either invalid or not available
WARNING: [Board 49-26] cannot add Board Part xilinx.com:vck190:part0:2.2 available at /tools/Xilinx/2025.1/data/xhub/boards/XilinxBoardStore/boards/Xilinx/vck190/production/2.2/board.xml as part xcvc1902-vsva2197-2mp-e-s specified in board_part file is either invalid or not available
WARNING: [Board 49-26] cannot add Board Part xilinx.com:vck190:part0:3.0 available at /tools/Xilinx/2025.1/data/xhub/boards/XilinxBoardStore/boards/Xilinx/vck190/production/3.0/board.xml as part xcvc1902-vsva2197-2mp-e-s specified in board_part file is either invalid or not available
WARNING: [Board 49-26] cannot add Board Part xilinx.com:vck190:part0:3.1 available at /tools/Xilinx/2025.1/data/xhub/boards/XilinxBoardStore/boards/Xilinx/vck190/production/3.1/board.xml as part xcvc1902-vsva2197-2mp-e-s specified in board_part file is either invalid or not available
WARNING: [Board 49-26] cannot add Board Part xilinx.com:vck190:part0:3.2 available at /tools/Xilinx/2025.1/data/xhub/boards/XilinxBoardStore/boards/Xilinx/vck190/production/3.2/board.xml as part xcvc1902-vsva2197-2mp-e-s specified in board_part file is either invalid or not available
WARNING: [Board 49-26] cannot add Board Part xilinx.com:vck190:part0:3.3 available at /tools/Xilinx/2025.1/data/xhub/boards/XilinxBoardStore/boards/Xilinx/vck190/production/3.3/board.xml as part xcvc1902-vsva2197-2mp-e-s specified in board_part file is either invalid or not available
WARNING: [Board 49-26] cannot add Board Part xilinx.com:vck190:part0:3.4 available at /tools/Xilinx/2025.1/data/xhub/boards/XilinxBoardStore/boards/Xilinx/vck190/production/3.4/board.xml as part xcvc1902-vsva2197-2mp-e-s specified in board_part file is either invalid or not available
WARNING: [Board 49-26] cannot add Board Part xilinx.com:vck190_newl:part0:1.0 available at /tools/Xilinx/2025.1/data/xhub/boards/XilinxBoardStore/boards/Xilinx/vck190_newl/production/1.0/board.xml as part xcvc1902-vsva2197-2mp-e-s specified in board_part file is either invalid or not available
WARNING: [Board 49-26] cannot add Board Part xilinx.com:vck190_newl:part0:1.1 available at /tools/Xilinx/2025.1/data/xhub/boards/XilinxBoardStore/boards/Xilinx/vck190_newl/production/1.1/board.xml as part xcvc1902-vsva2197-2mp-e-s specified in board_part file is either invalid or not available
WARNING: [Board 49-26] cannot add Board Part xilinx.com:vck190_newl:part0:1.2 available at /tools/Xilinx/2025.1/data/xhub/boards/XilinxBoardStore/boards/Xilinx/vck190_newl/production/1.2/board.xml as part xcvc1902-vsva2197-2mp-e-s specified in board_part file is either invalid or not available
WARNING: [Board 49-26] cannot add Board Part xilinx.com:vck190_newl:part0:1.3 available at /tools/Xilinx/2025.1/data/xhub/boards/XilinxBoardStore/boards/Xilinx/vck190_newl/production/1.3/board.xml as part xcvc1902-vsva2197-2mp-e-s specified in board_part file is either invalid or not available
WARNING: [Board 49-26] cannot add Board Part xilinx.com:vek280:part0:1.0 available at /tools/Xilinx/2025.1/data/xhub/boards/XilinxBoardStore/boards/Xilinx/vek280/production/1.0/board.xml as part xcve2802-vsvh1760-2mp-e-s specified in board_part file is either invalid or not available
WARNING: [Board 49-26] cannot add Board Part xilinx.com:vek280:part0:1.1 available at /tools/Xilinx/2025.1/data/xhub/boards/XilinxBoardStore/boards/Xilinx/vek280/production/1.1/board.xml as part xcve2802-vsvh1760-2mp-e-s specified in board_part file is either invalid or not available
WARNING: [Board 49-26] cannot add Board Part xilinx.com:vek280:part0:1.2 available at /tools/Xilinx/2025.1/data/xhub/boards/XilinxBoardStore/boards/Xilinx/vek280/production/1.2/board.xml as part xcve2802-vsvh1760-2mp-e-s specified in board_part file is either invalid or not available
WARNING: [Board 49-26] cannot add Board Part xilinx.com:vek385:part0:1.0 available at /tools/Xilinx/2025.1/data/xhub/boards/XilinxBoardStore/boards/Xilinx/vek385/1.0/board.xml as part xc2ve3858-ssva2112-2mp-e-s specified in board_part file is either invalid or not available
WARNING: [Board 49-26] cannot add Board Part xilinx.com:vhk158:part0:1.0 available at /tools/Xilinx/2025.1/data/xhub/boards/XilinxBoardStore/boards/Xilinx/vhk158/production/1.0/board.xml as part xcvh1582-vsva3697-2mp-e-s specified in board_part file is either invalid or not available
WARNING: [Board 49-26] cannot add Board Part xilinx.com:vhk158:part0:1.1 available at /tools/Xilinx/2025.1/data/xhub/boards/XilinxBoardStore/boards/Xilinx/vhk158/production/1.1/board.xml as part xcvh1582-vsva3697-2mp-e-s specified in board_part file is either invalid or not available
WARNING: [Board 49-26] cannot add Board Part xilinx.com:vhk158:part0:1.2 available at /tools/Xilinx/2025.1/data/xhub/boards/XilinxBoardStore/boards/Xilinx/vhk158/production/1.2/board.xml as part xcvh1582-vsva3697-2mp-e-s specified in board_part file is either invalid or not available
WARNING: [Board 49-26] cannot add Board Part xilinx.com:vmk180:part0:2.2 available at /tools/Xilinx/2025.1/data/xhub/boards/XilinxBoardStore/boards/Xilinx/vmk180/production/2.2/board.xml as part xcvm1802-vsva2197-2mp-e-s specified in board_part file is either invalid or not available
WARNING: [Board 49-26] cannot add Board Part xilinx.com:vmk180:part0:3.0 available at /tools/Xilinx/2025.1/data/xhub/boards/XilinxBoardStore/boards/Xilinx/vmk180/production/3.0/board.xml as part xcvm1802-vsva2197-2mp-e-s specified in board_part file is either invalid or not available
WARNING: [Board 49-26] cannot add Board Part xilinx.com:vmk180:part0:3.1 available at /tools/Xilinx/2025.1/data/xhub/boards/XilinxBoardStore/boards/Xilinx/vmk180/production/3.1/board.xml as part xcvm1802-vsva2197-2mp-e-s specified in board_part file is either invalid or not available
WARNING: [Board 49-26] cannot add Board Part xilinx.com:vmk180:part0:3.2 available at /tools/Xilinx/2025.1/data/xhub/boards/XilinxBoardStore/boards/Xilinx/vmk180/production/3.2/board.xml as part xcvm1802-vsva2197-2mp-e-s specified in board_part file is either invalid or not available
WARNING: [Board 49-26] cannot add Board Part xilinx.com:vmk180:part0:3.3 available at /tools/Xilinx/2025.1/data/xhub/boards/XilinxBoardStore/boards/Xilinx/vmk180/production/3.3/board.xml as part xcvm1802-vsva2197-2mp-e-s specified in board_part file is either invalid or not available
WARNING: [Board 49-26] cannot add Board Part xilinx.com:vmk180_newl:part0:1.0 available at /tools/Xilinx/2025.1/data/xhub/boards/XilinxBoardStore/boards/Xilinx/vmk180_newl/production/1.0/board.xml as part xcvm1802-vsva2197-2mp-e-s specified in board_part file is either invalid or not available
WARNING: [Board 49-26] cannot add Board Part xilinx.com:vmk180_newl:part0:1.1 available at /tools/Xilinx/2025.1/data/xhub/boards/XilinxBoardStore/boards/Xilinx/vmk180_newl/production/1.1/board.xml as part xcvm1802-vsva2197-2mp-e-s specified in board_part file is either invalid or not available
WARNING: [Board 49-26] cannot add Board Part xilinx.com:vpk120:part0:1.0 available at /tools/Xilinx/2025.1/data/xhub/boards/XilinxBoardStore/boards/Xilinx/vpk120/production/1.0/board.xml as part xcvp1202-vsva2785-2mp-e-s specified in board_part file is either invalid or not available
WARNING: [Board 49-26] cannot add Board Part xilinx.com:vpk120:part0:1.1 available at /tools/Xilinx/2025.1/data/xhub/boards/XilinxBoardStore/boards/Xilinx/vpk120/production/1.1/board.xml as part xcvp1202-vsva2785-2mp-e-s specified in board_part file is either invalid or not available
WARNING: [Board 49-26] cannot add Board Part xilinx.com:vpk120:part0:1.2 available at /tools/Xilinx/2025.1/data/xhub/boards/XilinxBoardStore/boards/Xilinx/vpk120/production/1.2/board.xml as part xcvp1202-vsva2785-2mp-e-s specified in board_part file is either invalid or not available
WARNING: [Board 49-26] cannot add Board Part xilinx.com:vpk180:part0:1.0 available at /tools/Xilinx/2025.1/data/xhub/boards/XilinxBoardStore/boards/Xilinx/vpk180/production/1.0/board.xml as part xcvp1802-lsvc4072-2mp-e-s specified in board_part file is either invalid or not available
WARNING: [Board 49-26] cannot add Board Part xilinx.com:vpk180:part0:1.1 available at /tools/Xilinx/2025.1/data/xhub/boards/XilinxBoardStore/boards/Xilinx/vpk180/production/1.1/board.xml as part xcvp1802-lsvc4072-2mp-e-s specified in board_part file is either invalid or not available
WARNING: [Board 49-26] cannot add Board Part xilinx.com:vpk180:part0:1.2 available at /tools/Xilinx/2025.1/data/xhub/boards/XilinxBoardStore/boards/Xilinx/vpk180/production/1.2/board.xml as part xcvp1802-lsvc4072-2mp-e-s specified in board_part file is either invalid or not available
WARNING: [Board 49-26] cannot add Board Part xilinx.com:zcu208ld:part0:2.0 available at /tools/Xilinx/2025.1/data/xhub/boards/XilinxBoardStore/boards/Xilinx/zcu208ld/production/2.0/board.xml as part xczu58dr-fsvg1517-2-i specified in board_part file is either invalid or not available
WARNING: [Board 49-26] cannot add Board Part xilinx.com:zcu216ld:part0:2.0 available at /tools/Xilinx/2025.1/data/xhub/boards/XilinxBoardStore/boards/Xilinx/zcu216ld/production/2.0/board.xml as part xczu59dr-ffvf1760-2-i specified in board_part file is either invalid or not available
WARNING: [Board 49-26] cannot add Board Part xilinx.com:zcu670ld:part0:1.0 available at /tools/Xilinx/2025.1/data/xhub/boards/XilinxBoardStore/boards/Xilinx/zcu670ld/1.0/board.xml as part xczu57dr-fsve1156-2-i specified in board_part file is either invalid or not available
INFO: [IP_Flow 19-234] Refreshing IP repositories
INFO: [IP_Flow 19-1700] Loaded user IP repository '/home/cathyhu3/s965/pz2/rfsoc/ip_repo/iq_packager_1_0'.
INFO: [IP_Flow 19-795] Syncing license key meta-data
update_compile_order -fileset sources_1
WARNING: [filemgmt 56-199] Attempt to get parsing info during refresh. "On-the-fly" syntax checking information may be incorrect. [/home/cathyhu3/s965/pz2/rfsoc/ip_repo/iq_packager_1_0/hdl/iq_packager_master_stream_v1_0_M00_AXIS.v:]
WARNING: [filemgmt 56-199] Attempt to get parsing info during refresh. "On-the-fly" syntax checking information may be incorrect. [/home/cathyhu3/s965/pz2/rfsoc/ip_repo/iq_packager_1_0/hdl/iq_packager.v:]
WARNING: [filemgmt 56-199] Attempt to get parsing info during refresh. "On-the-fly" syntax checking information may be incorrect. [/home/cathyhu3/s965/pz2/rfsoc/ip_repo/iq_packager_1_0/hdl/iq_packager_slave_stream_v1_0_S00_AXIS.v:]
WARNING: [filemgmt 56-199] Attempt to get parsing info during refresh. "On-the-fly" syntax checking information may be incorrect. [/home/cathyhu3/s965/pz2/rfsoc/ip_repo/iq_packager_1_0/hdl/iq_packager_slave_stream_v1_0_S00_AXIS.v:]
WARNING: [filemgmt 56-199] Attempt to get parsing info during refresh. "On-the-fly" syntax checking information may be incorrect. [/home/cathyhu3/s965/pz2/rfsoc/ip_repo/iq_packager_1_0/hdl/iq_packager_slave_stream_v1_0_S00_AXIS.v:]
WARNING: [filemgmt 56-199] Attempt to get parsing info during refresh. "On-the-fly" syntax checking information may be incorrect. [/home/cathyhu3/s965/pz2/rfsoc/ip_repo/iq_packager_1_0/hdl/iq_packager_master_stream_v1_0_M00_AXIS.v:]
WARNING: [filemgmt 56-199] Attempt to get parsing info during refresh. "On-the-fly" syntax checking information may be incorrect. [/home/cathyhu3/s965/pz2/rfsoc/ip_repo/iq_packager_1_0/hdl/iq_packager.v:]
WARNING: [filemgmt 56-199] Attempt to get parsing info during refresh. "On-the-fly" syntax checking information may be incorrect. [/home/cathyhu3/s965/pz2/rfsoc/ip_repo/iq_packager_1_0/hdl/iq_packager_slave_stream_v1_0_S00_AXIS.v:]
WARNING: [filemgmt 56-199] Attempt to get parsing info during refresh. "On-the-fly" syntax checking information may be incorrect. [/home/cathyhu3/s965/pz2/rfsoc/ip_repo/iq_packager_1_0/hdl/iq_packager_master_stream_v1_0_M00_AXIS.v:]
WARNING: [filemgmt 56-199] Attempt to get parsing info during refresh. "On-the-fly" syntax checking information may be incorrect. [/home/cathyhu3/s965/pz2/rfsoc/ip_repo/iq_packager_1_0/hdl/iq_packager_master_stream_v1_0_M00_AXIS.v:]
WARNING: [filemgmt 56-199] Attempt to get parsing info during refresh. "On-the-fly" syntax checking information may be incorrect. [/home/cathyhu3/s965/pz2/rfsoc/ip_repo/iq_packager_1_0/hdl/iq_packager_master_stream_v1_0_M00_AXIS.v:]
WARNING: [filemgmt 56-199] Attempt to get parsing info during refresh. "On-the-fly" syntax checking information may be incorrect. [/home/cathyhu3/s965/pz2/rfsoc/ip_repo/iq_packager_1_0/hdl/iq_packager.v:]
WARNING: [filemgmt 56-199] Attempt to get parsing info during refresh. "On-the-fly" syntax checking information may be incorrect. [/home/cathyhu3/s965/pz2/rfsoc/ip_repo/iq_packager_1_0/hdl/iq_packager_slave_stream_v1_0_S00_AXIS.v:]
WARNING: [filemgmt 56-199] Attempt to get parsing info during refresh. "On-the-fly" syntax checking information may be incorrect. [/home/cathyhu3/s965/pz2/rfsoc/ip_repo/iq_packager_1_0/hdl/iq_packager.v:]
WARNING: [filemgmt 56-199] Attempt to get parsing info during refresh. "On-the-fly" syntax checking information may be incorrect. [/home/cathyhu3/s965/pz2/rfsoc/ip_repo/iq_packager_1_0/hdl/iq_packager.v:]
WARNING: [filemgmt 56-199] Attempt to get parsing info during refresh. "On-the-fly" syntax checking information may be incorrect. [/home/cathyhu3/s965/pz2/rfsoc/ip_repo/iq_packager_1_0/hdl/iq_packager_master_stream_v1_0_M00_AXIS.v:]
WARNING: [filemgmt 56-199] Attempt to get parsing info during refresh. "On-the-fly" syntax checking information may be incorrect. [/home/cathyhu3/s965/pz2/rfsoc/ip_repo/iq_packager_1_0/hdl/iq_packager.v:]
WARNING: [filemgmt 56-199] Attempt to get parsing info during refresh. "On-the-fly" syntax checking information may be incorrect. [/home/cathyhu3/s965/pz2/rfsoc/ip_repo/iq_packager_1_0/hdl/iq_packager_slave_stream_v1_0_S00_AXIS.v:]
WARNING: [filemgmt 56-199] Attempt to get parsing info during refresh. "On-the-fly" syntax checking information may be incorrect. [/home/cathyhu3/s965/pz2/rfsoc/ip_repo/iq_packager_1_0/hdl/iq_packager_master_stream_v1_0_M00_AXIS.v:]
WARNING: [filemgmt 56-199] Attempt to get parsing info during refresh. "On-the-fly" syntax checking information may be incorrect. [/home/cathyhu3/s965/pz2/rfsoc/ip_repo/iq_packager_1_0/hdl/iq_packager_master_stream_v1_0_M00_AXIS.v:]
ipx::merge_project_changes files [ipx::current_core]
ipx::merge_project_changes hdl_parameters [ipx::current_core]
set_property core_revision 3 [ipx::current_core]
ipx::update_source_project_archive -component [ipx::current_core]
ipx::create_xgui_files [ipx::current_core]
ipx::update_checksums [ipx::current_core]
ipx::check_integrity [ipx::current_core]
WARNING: [IP_Flow 19-11889] HDL Parameter 'C_S01_AXIS_TDATA_WIDTH (C S01 AXIS TDATA WIDTH)': Order is obsolete with XGUI version >= 2.0
WARNING: [IP_Flow 19-11889] HDL Parameter 'C_S00_AXIS_TDATA_WIDTH (C S00 AXIS TDATA WIDTH)': Order is obsolete with XGUI version >= 2.0
WARNING: [IP_Flow 19-11889] HDL Parameter 'C_M00_AXIS_TDATA_WIDTH (C M00 AXIS TDATA WIDTH)': Order is obsolete with XGUI version >= 2.0
WARNING: [IP_Flow 19-11889] HDL Parameter 'C_M00_AXIS_START_COUNT (C M00 AXIS START COUNT)': Order is obsolete with XGUI version >= 2.0
WARNING: [IP_Flow 19-11770] Clock interface 'S01_AXIS_CLK' has no FREQ_HZ parameter.
WARNING: [IP_Flow 19-11770] Clock interface 'S00_AXIS_CLK' has no FREQ_HZ parameter.
WARNING: [IP_Flow 19-11770] Clock interface 'M00_AXIS_CLK' has no FREQ_HZ parameter.
INFO: [IP_Flow 19-2181] Payment is not required for this core.
WARNING: [IP_Flow 19-2187] The Product Guide file is missing.
INFO: [Ipptcl 7-1486] check_integrity: Integrity check passed.
ipx::save_core [ipx::current_core]
ipx::move_temp_component_back -component [ipx::current_core]
close_project -delete
update_ip_catalog -rebuild -repo_path /home/cathyhu3/s965/pz2/rfsoc/ip_repo/iq_packager_1_0
INFO: [IP_Flow 19-725] Reloaded user IP repository '/home/cathyhu3/s965/pz2/rfsoc/ip_repo/iq_packager_1_0'
report_ip_status -name ip_status 
upgrade_ip -vlnv user.org:user:iq_packager:1.0 [get_ips  design_1_iq_packager_0_0] -log ip_upgrade.log
Upgrading '/home/cathyhu3/s965/pz2/rfsoc/lab6_skid/lab6_skid.srcs/sources_1/bd/design_1/design_1.bd'
INFO: [IP_Flow 19-3422] Upgraded design_1_iq_packager_0_0 (iq_packager_v1.0 1.0) from revision 2 to revision 3
Wrote  : </home/cathyhu3/s965/pz2/rfsoc/lab6_skid/lab6_skid.srcs/sources_1/bd/design_1/design_1.bd> 
Wrote  : </home/cathyhu3/s965/pz2/rfsoc/lab6_skid/lab6_skid.srcs/sources_1/bd/design_1/ui/bd_1f5defd0.ui> 
INFO: [Coretcl 2-1525] Wrote upgrade log to '/home/cathyhu3/s965/pz2/rfsoc/lab6_skid/ip_upgrade.log'.
export_ip_user_files -of_objects [get_ips design_1_iq_packager_0_0] -no_script -sync -force -quiet
generate_target all [get_files  /home/cathyhu3/s965/pz2/rfsoc/lab6_skid/lab6_skid.srcs/sources_1/bd/design_1/design_1.bd]
WARNING: [BD 41-1629] Slave segment </zynq_ultra_ps_e_0/SAXIGP2/HP0_LPS_OCM> is excluded from all addressing paths.
WARNING: [BD 41-3281] Instance '/zynq_ultra_ps_e_0' is connected on both sides by SmartConnects and cannot automatically configure itself to match the endpoints. Please manually configure its AXI interfaces as required for the design.
WARNING: [BD 41-3281] Instance '/axi_dma_0' is connected on both sides by SmartConnects and cannot automatically configure itself to match the endpoints. Please manually configure its AXI interfaces as required for the design.
Excluding slave segment /zynq_ultra_ps_e_0/SAXIGP2/HP0_LPS_OCM from address space /axi_dma_0/Data_S2MM.
Excluding slave segment /zynq_ultra_ps_e_0/SAXIGP2/HP0_LPS_OCM from address space /axi_dma_0/Data_S2MM.
Excluding slave segment /zynq_ultra_ps_e_0/SAXIGP2/HP0_LPS_OCM from address space /axi_dma_0/Data_S2MM.
Excluding slave segment /zynq_ultra_ps_e_0/SAXIGP2/HP0_LPS_OCM from address space /axi_dma_0/Data_S2MM.
INFO: [BD 5-943] Reserving offset range <0xA000_0000 [ 64K ]> from slave interface '/axi_smc/S00_AXI' to master interface '/axi_smc/M00_AXI'. This will be used by smartconnect on path for routing.
INFO: [BD 5-943] Reserving offset range <0xA004_0000 [ 256K ]> from slave interface '/axi_smc/S00_AXI' to master interface '/axi_smc/M01_AXI'. This will be used by smartconnect on path for routing.
INFO: [xilinx.com:ip:smartconnect:1.0-1] design_1_axi_smc_0: SmartConnect design_1_axi_smc_0 is in Low-Area Mode.
INFO: [BD 5-943] Reserving offset range <0x0000_0000 [ 2G ]> from slave interface '/axi_smc_1/S00_AXI' to master interface '/axi_smc_1/M00_AXI'. This will be used by smartconnect on path for routing.
INFO: [xilinx.com:ip:smartconnect:1.0-1] design_1_axi_smc_1_0: SmartConnect design_1_axi_smc_1_0 is in High-performance Mode.
Excluding slave segment /zynq_ultra_ps_e_0/SAXIGP2/HP0_LPS_OCM from address space /axi_dma_0/Data_S2MM.
Excluding slave segment /zynq_ultra_ps_e_0/SAXIGP2/HP0_LPS_OCM from address space /axi_dma_0/Data_S2MM.
INFO: [xilinx.com:ip:clk_wiz:6.0-1] /clk_wiz_0 clk_wiz propagate
WARNING: [BD 41-237] Bus Interface property AWUSER_WIDTH does not match between /zynq_ultra_ps_e_0/S_AXI_HP0_FPD(1) and /axi_smc_1/M00_AXI(0)
WARNING: [BD 41-237] Bus Interface property ARUSER_WIDTH does not match between /zynq_ultra_ps_e_0/S_AXI_HP0_FPD(1) and /axi_smc_1/M00_AXI(0)
WARNING: [BD 41-2671] The dangling interface net <m00_aw_node_M_AXIS_ARB> will not be written out to the BD file.
WARNING: [BD 41-2671] The dangling interface net <m01_aw_node_M_AXIS_ARB> will not be written out to the BD file.
Wrote  : </home/cathyhu3/s965/pz2/rfsoc/lab6_skid/lab6_skid.srcs/sources_1/bd/design_1/design_1.bd> 
Verilog Output written to : /home/cathyhu3/s965/pz2/rfsoc/lab6_skid/lab6_skid.gen/sources_1/bd/design_1/synth/design_1.v
Verilog Output written to : /home/cathyhu3/s965/pz2/rfsoc/lab6_skid/lab6_skid.gen/sources_1/bd/design_1/sim/design_1.v
Verilog Output written to : /home/cathyhu3/s965/pz2/rfsoc/lab6_skid/lab6_skid.gen/sources_1/bd/design_1/hdl/design_1_wrapper.v
INFO: [BD 41-1029] Generation completed for the IP Integrator block iq_packager_0 .
Exporting to file /home/cathyhu3/s965/pz2/rfsoc/lab6_skid/lab6_skid.gen/sources_1/bd/design_1/ip/design_1_axi_smc_0/bd_0/hw_handoff/design_1_axi_smc_0.hwh
Generated Hardware Definition File /home/cathyhu3/s965/pz2/rfsoc/lab6_skid/lab6_skid.gen/sources_1/bd/design_1/ip/design_1_axi_smc_0/bd_0/synth/design_1_axi_smc_0.hwdef
INFO: [BD 41-1029] Generation completed for the IP Integrator block axi_smc .
Exporting to file /home/cathyhu3/s965/pz2/rfsoc/lab6_skid/lab6_skid.gen/sources_1/bd/design_1/ip/design_1_axi_smc_1_0/bd_0/hw_handoff/design_1_axi_smc_1_0.hwh
Generated Hardware Definition File /home/cathyhu3/s965/pz2/rfsoc/lab6_skid/lab6_skid.gen/sources_1/bd/design_1/ip/design_1_axi_smc_1_0/bd_0/synth/design_1_axi_smc_1_0.hwdef
INFO: [BD 41-1029] Generation completed for the IP Integrator block axi_smc_1 .
Exporting to file /home/cathyhu3/s965/pz2/rfsoc/lab6_skid/lab6_skid.gen/sources_1/bd/design_1/hw_handoff/design_1.hwh
Generated Hardware Definition File /home/cathyhu3/s965/pz2/rfsoc/lab6_skid/lab6_skid.gen/sources_1/bd/design_1/synth/design_1.hwdef
generate_target: Time (s): cpu = 00:00:13 ; elapsed = 00:00:13 . Memory (MB): peak = 11413.629 ; gain = 0.000 ; free physical = 20863 ; free virtual = 32048
catch { config_ip_cache -export [get_ips -all design_1_iq_packager_0_0] }
catch { config_ip_cache -export [get_ips -all design_1_axi_smc_0] }
INFO: [IP_Flow 19-4993] Using cached IP synthesis design for IP design_1_axi_smc_0, cache-ID = bb136323144d6483; cache size = 39.093 MB.
catch { config_ip_cache -export [get_ips -all design_1_axi_smc_1_0] }
INFO: [IP_Flow 19-4993] Using cached IP synthesis design for IP design_1_axi_smc_1_0, cache-ID = b18ad00fb7007875; cache size = 39.093 MB.
export_ip_user_files -of_objects [get_files /home/cathyhu3/s965/pz2/rfsoc/lab6_skid/lab6_skid.srcs/sources_1/bd/design_1/design_1.bd] -no_script -sync -force -quiet
create_ip_run [get_files -of_objects [get_fileset sources_1] /home/cathyhu3/s965/pz2/rfsoc/lab6_skid/lab6_skid.srcs/sources_1/bd/design_1/design_1.bd]
launch_runs design_1_iq_packager_0_0_synth_1 -jobs 8
[Fri Oct 17 14:40:49 2025] Launched design_1_iq_packager_0_0_synth_1...
Run output will be captured here: /home/cathyhu3/s965/pz2/rfsoc/lab6_skid/lab6_skid.runs/design_1_iq_packager_0_0_synth_1/runme.log
export_simulation -lib_map_path [list {modelsim=/home/cathyhu3/s965/pz2/rfsoc/lab6_skid/lab6_skid.cache/compile_simlib/modelsim} {questa=/home/cathyhu3/s965/pz2/rfsoc/lab6_skid/lab6_skid.cache/compile_simlib/questa} {xcelium=/home/cathyhu3/s965/pz2/rfsoc/lab6_skid/lab6_skid.cache/compile_simlib/xcelium} {vcs=/home/cathyhu3/s965/pz2/rfsoc/lab6_skid/lab6_skid.cache/compile_simlib/vcs} {riviera=/home/cathyhu3/s965/pz2/rfsoc/lab6_skid/lab6_skid.cache/compile_simlib/riviera}] -of_objects [get_files /home/cathyhu3/s965/pz2/rfsoc/lab6_skid/lab6_skid.srcs/sources_1/bd/design_1/design_1.bd] -directory /home/cathyhu3/s965/pz2/rfsoc/lab6_skid/lab6_skid.ip_user_files/sim_scripts -ip_user_files_dir /home/cathyhu3/s965/pz2/rfsoc/lab6_skid/lab6_skid.ip_user_files -ipstatic_source_dir /home/cathyhu3/s965/pz2/rfsoc/lab6_skid/lab6_skid.ip_user_files/ipstatic -use_ip_compiled_libs -force -quiet
ipx::edit_ip_in_project -upgrade true -name iq_packager_v1_0_project -directory /home/cathyhu3/s965/pz2/rfsoc/lab6_skid/lab6_skid.tmp/iq_packager_v1_0_project /home/cathyhu3/s965/pz2/rfsoc/ip_repo/iq_packager_1_0/component.xml
INFO: [IP_Flow 19-234] Refreshing IP repositories
INFO: [IP_Flow 19-1704] No user IP repositories specified
INFO: [IP_Flow 19-2313] Loaded Vivado IP repository '/tools/Xilinx/2025.1/Vivado/data/ip'.
WARNING: [Board 49-26] cannot add Board Part xilinx.com:emb-plus-vpr-4616:part0:1.0 available at /tools/Xilinx/2025.1/data/xhub/boards/XilinxBoardStore/boards/Xilinx/emb-plus-vpr-4616/1.0/board.xml as part xcve2302-sfva784-2mp-e-s specified in board_part file is either invalid or not available
WARNING: [Board 49-26] cannot add Board Part xilinx.com:emb-plus-vpr-4616:part0:1.1 available at /tools/Xilinx/2025.1/data/xhub/boards/XilinxBoardStore/boards/Xilinx/emb-plus-vpr-4616/1.1/board.xml as part xcve2302-sfva784-2mp-e-s specified in board_part file is either invalid or not available
WARNING: [Board 49-26] cannot add Board Part xilinx.com:v80:part0:1.0 available at /tools/Xilinx/2025.1/data/xhub/boards/XilinxBoardStore/boards/Xilinx/v80/1.0/board.xml as part xcv80-lsva4737-2mhp-e-s specified in board_part file is either invalid or not available
WARNING: [Board 49-26] cannot add Board Part xilinx.com:vck190:part0:2.2 available at /tools/Xilinx/2025.1/data/xhub/boards/XilinxBoardStore/boards/Xilinx/vck190/production/2.2/board.xml as part xcvc1902-vsva2197-2mp-e-s specified in board_part file is either invalid or not available
WARNING: [Board 49-26] cannot add Board Part xilinx.com:vck190:part0:3.0 available at /tools/Xilinx/2025.1/data/xhub/boards/XilinxBoardStore/boards/Xilinx/vck190/production/3.0/board.xml as part xcvc1902-vsva2197-2mp-e-s specified in board_part file is either invalid or not available
WARNING: [Board 49-26] cannot add Board Part xilinx.com:vck190:part0:3.1 available at /tools/Xilinx/2025.1/data/xhub/boards/XilinxBoardStore/boards/Xilinx/vck190/production/3.1/board.xml as part xcvc1902-vsva2197-2mp-e-s specified in board_part file is either invalid or not available
WARNING: [Board 49-26] cannot add Board Part xilinx.com:vck190:part0:3.2 available at /tools/Xilinx/2025.1/data/xhub/boards/XilinxBoardStore/boards/Xilinx/vck190/production/3.2/board.xml as part xcvc1902-vsva2197-2mp-e-s specified in board_part file is either invalid or not available
WARNING: [Board 49-26] cannot add Board Part xilinx.com:vck190:part0:3.3 available at /tools/Xilinx/2025.1/data/xhub/boards/XilinxBoardStore/boards/Xilinx/vck190/production/3.3/board.xml as part xcvc1902-vsva2197-2mp-e-s specified in board_part file is either invalid or not available
WARNING: [Board 49-26] cannot add Board Part xilinx.com:vck190:part0:3.4 available at /tools/Xilinx/2025.1/data/xhub/boards/XilinxBoardStore/boards/Xilinx/vck190/production/3.4/board.xml as part xcvc1902-vsva2197-2mp-e-s specified in board_part file is either invalid or not available
WARNING: [Board 49-26] cannot add Board Part xilinx.com:vck190_newl:part0:1.0 available at /tools/Xilinx/2025.1/data/xhub/boards/XilinxBoardStore/boards/Xilinx/vck190_newl/production/1.0/board.xml as part xcvc1902-vsva2197-2mp-e-s specified in board_part file is either invalid or not available
WARNING: [Board 49-26] cannot add Board Part xilinx.com:vck190_newl:part0:1.1 available at /tools/Xilinx/2025.1/data/xhub/boards/XilinxBoardStore/boards/Xilinx/vck190_newl/production/1.1/board.xml as part xcvc1902-vsva2197-2mp-e-s specified in board_part file is either invalid or not available
WARNING: [Board 49-26] cannot add Board Part xilinx.com:vck190_newl:part0:1.2 available at /tools/Xilinx/2025.1/data/xhub/boards/XilinxBoardStore/boards/Xilinx/vck190_newl/production/1.2/board.xml as part xcvc1902-vsva2197-2mp-e-s specified in board_part file is either invalid or not available
WARNING: [Board 49-26] cannot add Board Part xilinx.com:vck190_newl:part0:1.3 available at /tools/Xilinx/2025.1/data/xhub/boards/XilinxBoardStore/boards/Xilinx/vck190_newl/production/1.3/board.xml as part xcvc1902-vsva2197-2mp-e-s specified in board_part file is either invalid or not available
WARNING: [Board 49-26] cannot add Board Part xilinx.com:vek280:part0:1.0 available at /tools/Xilinx/2025.1/data/xhub/boards/XilinxBoardStore/boards/Xilinx/vek280/production/1.0/board.xml as part xcve2802-vsvh1760-2mp-e-s specified in board_part file is either invalid or not available
WARNING: [Board 49-26] cannot add Board Part xilinx.com:vek280:part0:1.1 available at /tools/Xilinx/2025.1/data/xhub/boards/XilinxBoardStore/boards/Xilinx/vek280/production/1.1/board.xml as part xcve2802-vsvh1760-2mp-e-s specified in board_part file is either invalid or not available
WARNING: [Board 49-26] cannot add Board Part xilinx.com:vek280:part0:1.2 available at /tools/Xilinx/2025.1/data/xhub/boards/XilinxBoardStore/boards/Xilinx/vek280/production/1.2/board.xml as part xcve2802-vsvh1760-2mp-e-s specified in board_part file is either invalid or not available
WARNING: [Board 49-26] cannot add Board Part xilinx.com:vek385:part0:1.0 available at /tools/Xilinx/2025.1/data/xhub/boards/XilinxBoardStore/boards/Xilinx/vek385/1.0/board.xml as part xc2ve3858-ssva2112-2mp-e-s specified in board_part file is either invalid or not available
WARNING: [Board 49-26] cannot add Board Part xilinx.com:vhk158:part0:1.0 available at /tools/Xilinx/2025.1/data/xhub/boards/XilinxBoardStore/boards/Xilinx/vhk158/production/1.0/board.xml as part xcvh1582-vsva3697-2mp-e-s specified in board_part file is either invalid or not available
WARNING: [Board 49-26] cannot add Board Part xilinx.com:vhk158:part0:1.1 available at /tools/Xilinx/2025.1/data/xhub/boards/XilinxBoardStore/boards/Xilinx/vhk158/production/1.1/board.xml as part xcvh1582-vsva3697-2mp-e-s specified in board_part file is either invalid or not available
WARNING: [Board 49-26] cannot add Board Part xilinx.com:vhk158:part0:1.2 available at /tools/Xilinx/2025.1/data/xhub/boards/XilinxBoardStore/boards/Xilinx/vhk158/production/1.2/board.xml as part xcvh1582-vsva3697-2mp-e-s specified in board_part file is either invalid or not available
WARNING: [Board 49-26] cannot add Board Part xilinx.com:vmk180:part0:2.2 available at /tools/Xilinx/2025.1/data/xhub/boards/XilinxBoardStore/boards/Xilinx/vmk180/production/2.2/board.xml as part xcvm1802-vsva2197-2mp-e-s specified in board_part file is either invalid or not available
WARNING: [Board 49-26] cannot add Board Part xilinx.com:vmk180:part0:3.0 available at /tools/Xilinx/2025.1/data/xhub/boards/XilinxBoardStore/boards/Xilinx/vmk180/production/3.0/board.xml as part xcvm1802-vsva2197-2mp-e-s specified in board_part file is either invalid or not available
WARNING: [Board 49-26] cannot add Board Part xilinx.com:vmk180:part0:3.1 available at /tools/Xilinx/2025.1/data/xhub/boards/XilinxBoardStore/boards/Xilinx/vmk180/production/3.1/board.xml as part xcvm1802-vsva2197-2mp-e-s specified in board_part file is either invalid or not available
WARNING: [Board 49-26] cannot add Board Part xilinx.com:vmk180:part0:3.2 available at /tools/Xilinx/2025.1/data/xhub/boards/XilinxBoardStore/boards/Xilinx/vmk180/production/3.2/board.xml as part xcvm1802-vsva2197-2mp-e-s specified in board_part file is either invalid or not available
WARNING: [Board 49-26] cannot add Board Part xilinx.com:vmk180:part0:3.3 available at /tools/Xilinx/2025.1/data/xhub/boards/XilinxBoardStore/boards/Xilinx/vmk180/production/3.3/board.xml as part xcvm1802-vsva2197-2mp-e-s specified in board_part file is either invalid or not available
WARNING: [Board 49-26] cannot add Board Part xilinx.com:vmk180_newl:part0:1.0 available at /tools/Xilinx/2025.1/data/xhub/boards/XilinxBoardStore/boards/Xilinx/vmk180_newl/production/1.0/board.xml as part xcvm1802-vsva2197-2mp-e-s specified in board_part file is either invalid or not available
WARNING: [Board 49-26] cannot add Board Part xilinx.com:vmk180_newl:part0:1.1 available at /tools/Xilinx/2025.1/data/xhub/boards/XilinxBoardStore/boards/Xilinx/vmk180_newl/production/1.1/board.xml as part xcvm1802-vsva2197-2mp-e-s specified in board_part file is either invalid or not available
WARNING: [Board 49-26] cannot add Board Part xilinx.com:vpk120:part0:1.0 available at /tools/Xilinx/2025.1/data/xhub/boards/XilinxBoardStore/boards/Xilinx/vpk120/production/1.0/board.xml as part xcvp1202-vsva2785-2mp-e-s specified in board_part file is either invalid or not available
WARNING: [Board 49-26] cannot add Board Part xilinx.com:vpk120:part0:1.1 available at /tools/Xilinx/2025.1/data/xhub/boards/XilinxBoardStore/boards/Xilinx/vpk120/production/1.1/board.xml as part xcvp1202-vsva2785-2mp-e-s specified in board_part file is either invalid or not available
WARNING: [Board 49-26] cannot add Board Part xilinx.com:vpk120:part0:1.2 available at /tools/Xilinx/2025.1/data/xhub/boards/XilinxBoardStore/boards/Xilinx/vpk120/production/1.2/board.xml as part xcvp1202-vsva2785-2mp-e-s specified in board_part file is either invalid or not available
WARNING: [Board 49-26] cannot add Board Part xilinx.com:vpk180:part0:1.0 available at /tools/Xilinx/2025.1/data/xhub/boards/XilinxBoardStore/boards/Xilinx/vpk180/production/1.0/board.xml as part xcvp1802-lsvc4072-2mp-e-s specified in board_part file is either invalid or not available
WARNING: [Board 49-26] cannot add Board Part xilinx.com:vpk180:part0:1.1 available at /tools/Xilinx/2025.1/data/xhub/boards/XilinxBoardStore/boards/Xilinx/vpk180/production/1.1/board.xml as part xcvp1802-lsvc4072-2mp-e-s specified in board_part file is either invalid or not available
WARNING: [Board 49-26] cannot add Board Part xilinx.com:vpk180:part0:1.2 available at /tools/Xilinx/2025.1/data/xhub/boards/XilinxBoardStore/boards/Xilinx/vpk180/production/1.2/board.xml as part xcvp1802-lsvc4072-2mp-e-s specified in board_part file is either invalid or not available
WARNING: [Board 49-26] cannot add Board Part xilinx.com:zcu208ld:part0:2.0 available at /tools/Xilinx/2025.1/data/xhub/boards/XilinxBoardStore/boards/Xilinx/zcu208ld/production/2.0/board.xml as part xczu58dr-fsvg1517-2-i specified in board_part file is either invalid or not available
WARNING: [Board 49-26] cannot add Board Part xilinx.com:zcu216ld:part0:2.0 available at /tools/Xilinx/2025.1/data/xhub/boards/XilinxBoardStore/boards/Xilinx/zcu216ld/production/2.0/board.xml as part xczu59dr-ffvf1760-2-i specified in board_part file is either invalid or not available
WARNING: [Board 49-26] cannot add Board Part xilinx.com:zcu670ld:part0:1.0 available at /tools/Xilinx/2025.1/data/xhub/boards/XilinxBoardStore/boards/Xilinx/zcu670ld/1.0/board.xml as part xczu57dr-fsve1156-2-i specified in board_part file is either invalid or not available
INFO: [IP_Flow 19-234] Refreshing IP repositories
INFO: [IP_Flow 19-1700] Loaded user IP repository '/home/cathyhu3/s965/pz2/rfsoc/ip_repo/iq_packager_1_0'.
INFO: [IP_Flow 19-795] Syncing license key meta-data
update_compile_order -fileset sources_1
close_project
report_ip_status -name ip_status 
report_ip_status -name ip_status 
reset_run synth_1
INFO: [Project 1-1161] Replacing file /home/cathyhu3/s965/pz2/rfsoc/lab6_skid/lab6_skid.srcs/utils_1/imports/synth_1/design_1_wrapper.dcp with file /home/cathyhu3/s965/pz2/rfsoc/lab6_skid/lab6_skid.runs/synth_1/design_1_wrapper.dcp
launch_runs impl_1 -to_step write_bitstream -jobs 8
[Fri Oct 17 14:43:39 2025] Launched synth_1...
Run output will be captured here: /home/cathyhu3/s965/pz2/rfsoc/lab6_skid/lab6_skid.runs/synth_1/runme.log
[Fri Oct 17 14:43:39 2025] Launched impl_1...
Run output will be captured here: /home/cathyhu3/s965/pz2/rfsoc/lab6_skid/lab6_skid.runs/impl_1/runme.log
ipx::edit_ip_in_project -upgrade true -name iq_packager_v1_0_project -directory /home/cathyhu3/s965/pz2/rfsoc/lab6_skid/lab6_skid.tmp/iq_packager_v1_0_project /home/cathyhu3/s965/pz2/rfsoc/ip_repo/iq_packager_1_0/component.xml
INFO: [IP_Flow 19-234] Refreshing IP repositories
INFO: [IP_Flow 19-1704] No user IP repositories specified
INFO: [IP_Flow 19-2313] Loaded Vivado IP repository '/tools/Xilinx/2025.1/Vivado/data/ip'.
WARNING: [Board 49-26] cannot add Board Part xilinx.com:emb-plus-vpr-4616:part0:1.0 available at /tools/Xilinx/2025.1/data/xhub/boards/XilinxBoardStore/boards/Xilinx/emb-plus-vpr-4616/1.0/board.xml as part xcve2302-sfva784-2mp-e-s specified in board_part file is either invalid or not available
WARNING: [Board 49-26] cannot add Board Part xilinx.com:emb-plus-vpr-4616:part0:1.1 available at /tools/Xilinx/2025.1/data/xhub/boards/XilinxBoardStore/boards/Xilinx/emb-plus-vpr-4616/1.1/board.xml as part xcve2302-sfva784-2mp-e-s specified in board_part file is either invalid or not available
WARNING: [Board 49-26] cannot add Board Part xilinx.com:v80:part0:1.0 available at /tools/Xilinx/2025.1/data/xhub/boards/XilinxBoardStore/boards/Xilinx/v80/1.0/board.xml as part xcv80-lsva4737-2mhp-e-s specified in board_part file is either invalid or not available
WARNING: [Board 49-26] cannot add Board Part xilinx.com:vck190:part0:2.2 available at /tools/Xilinx/2025.1/data/xhub/boards/XilinxBoardStore/boards/Xilinx/vck190/production/2.2/board.xml as part xcvc1902-vsva2197-2mp-e-s specified in board_part file is either invalid or not available
WARNING: [Board 49-26] cannot add Board Part xilinx.com:vck190:part0:3.0 available at /tools/Xilinx/2025.1/data/xhub/boards/XilinxBoardStore/boards/Xilinx/vck190/production/3.0/board.xml as part xcvc1902-vsva2197-2mp-e-s specified in board_part file is either invalid or not available
WARNING: [Board 49-26] cannot add Board Part xilinx.com:vck190:part0:3.1 available at /tools/Xilinx/2025.1/data/xhub/boards/XilinxBoardStore/boards/Xilinx/vck190/production/3.1/board.xml as part xcvc1902-vsva2197-2mp-e-s specified in board_part file is either invalid or not available
WARNING: [Board 49-26] cannot add Board Part xilinx.com:vck190:part0:3.2 available at /tools/Xilinx/2025.1/data/xhub/boards/XilinxBoardStore/boards/Xilinx/vck190/production/3.2/board.xml as part xcvc1902-vsva2197-2mp-e-s specified in board_part file is either invalid or not available
WARNING: [Board 49-26] cannot add Board Part xilinx.com:vck190:part0:3.3 available at /tools/Xilinx/2025.1/data/xhub/boards/XilinxBoardStore/boards/Xilinx/vck190/production/3.3/board.xml as part xcvc1902-vsva2197-2mp-e-s specified in board_part file is either invalid or not available
WARNING: [Board 49-26] cannot add Board Part xilinx.com:vck190:part0:3.4 available at /tools/Xilinx/2025.1/data/xhub/boards/XilinxBoardStore/boards/Xilinx/vck190/production/3.4/board.xml as part xcvc1902-vsva2197-2mp-e-s specified in board_part file is either invalid or not available
WARNING: [Board 49-26] cannot add Board Part xilinx.com:vck190_newl:part0:1.0 available at /tools/Xilinx/2025.1/data/xhub/boards/XilinxBoardStore/boards/Xilinx/vck190_newl/production/1.0/board.xml as part xcvc1902-vsva2197-2mp-e-s specified in board_part file is either invalid or not available
WARNING: [Board 49-26] cannot add Board Part xilinx.com:vck190_newl:part0:1.1 available at /tools/Xilinx/2025.1/data/xhub/boards/XilinxBoardStore/boards/Xilinx/vck190_newl/production/1.1/board.xml as part xcvc1902-vsva2197-2mp-e-s specified in board_part file is either invalid or not available
WARNING: [Board 49-26] cannot add Board Part xilinx.com:vck190_newl:part0:1.2 available at /tools/Xilinx/2025.1/data/xhub/boards/XilinxBoardStore/boards/Xilinx/vck190_newl/production/1.2/board.xml as part xcvc1902-vsva2197-2mp-e-s specified in board_part file is either invalid or not available
WARNING: [Board 49-26] cannot add Board Part xilinx.com:vck190_newl:part0:1.3 available at /tools/Xilinx/2025.1/data/xhub/boards/XilinxBoardStore/boards/Xilinx/vck190_newl/production/1.3/board.xml as part xcvc1902-vsva2197-2mp-e-s specified in board_part file is either invalid or not available
WARNING: [Board 49-26] cannot add Board Part xilinx.com:vek280:part0:1.0 available at /tools/Xilinx/2025.1/data/xhub/boards/XilinxBoardStore/boards/Xilinx/vek280/production/1.0/board.xml as part xcve2802-vsvh1760-2mp-e-s specified in board_part file is either invalid or not available
WARNING: [Board 49-26] cannot add Board Part xilinx.com:vek280:part0:1.1 available at /tools/Xilinx/2025.1/data/xhub/boards/XilinxBoardStore/boards/Xilinx/vek280/production/1.1/board.xml as part xcve2802-vsvh1760-2mp-e-s specified in board_part file is either invalid or not available
WARNING: [Board 49-26] cannot add Board Part xilinx.com:vek280:part0:1.2 available at /tools/Xilinx/2025.1/data/xhub/boards/XilinxBoardStore/boards/Xilinx/vek280/production/1.2/board.xml as part xcve2802-vsvh1760-2mp-e-s specified in board_part file is either invalid or not available
WARNING: [Board 49-26] cannot add Board Part xilinx.com:vek385:part0:1.0 available at /tools/Xilinx/2025.1/data/xhub/boards/XilinxBoardStore/boards/Xilinx/vek385/1.0/board.xml as part xc2ve3858-ssva2112-2mp-e-s specified in board_part file is either invalid or not available
WARNING: [Board 49-26] cannot add Board Part xilinx.com:vhk158:part0:1.0 available at /tools/Xilinx/2025.1/data/xhub/boards/XilinxBoardStore/boards/Xilinx/vhk158/production/1.0/board.xml as part xcvh1582-vsva3697-2mp-e-s specified in board_part file is either invalid or not available
WARNING: [Board 49-26] cannot add Board Part xilinx.com:vhk158:part0:1.1 available at /tools/Xilinx/2025.1/data/xhub/boards/XilinxBoardStore/boards/Xilinx/vhk158/production/1.1/board.xml as part xcvh1582-vsva3697-2mp-e-s specified in board_part file is either invalid or not available
WARNING: [Board 49-26] cannot add Board Part xilinx.com:vhk158:part0:1.2 available at /tools/Xilinx/2025.1/data/xhub/boards/XilinxBoardStore/boards/Xilinx/vhk158/production/1.2/board.xml as part xcvh1582-vsva3697-2mp-e-s specified in board_part file is either invalid or not available
WARNING: [Board 49-26] cannot add Board Part xilinx.com:vmk180:part0:2.2 available at /tools/Xilinx/2025.1/data/xhub/boards/XilinxBoardStore/boards/Xilinx/vmk180/production/2.2/board.xml as part xcvm1802-vsva2197-2mp-e-s specified in board_part file is either invalid or not available
WARNING: [Board 49-26] cannot add Board Part xilinx.com:vmk180:part0:3.0 available at /tools/Xilinx/2025.1/data/xhub/boards/XilinxBoardStore/boards/Xilinx/vmk180/production/3.0/board.xml as part xcvm1802-vsva2197-2mp-e-s specified in board_part file is either invalid or not available
WARNING: [Board 49-26] cannot add Board Part xilinx.com:vmk180:part0:3.1 available at /tools/Xilinx/2025.1/data/xhub/boards/XilinxBoardStore/boards/Xilinx/vmk180/production/3.1/board.xml as part xcvm1802-vsva2197-2mp-e-s specified in board_part file is either invalid or not available
WARNING: [Board 49-26] cannot add Board Part xilinx.com:vmk180:part0:3.2 available at /tools/Xilinx/2025.1/data/xhub/boards/XilinxBoardStore/boards/Xilinx/vmk180/production/3.2/board.xml as part xcvm1802-vsva2197-2mp-e-s specified in board_part file is either invalid or not available
WARNING: [Board 49-26] cannot add Board Part xilinx.com:vmk180:part0:3.3 available at /tools/Xilinx/2025.1/data/xhub/boards/XilinxBoardStore/boards/Xilinx/vmk180/production/3.3/board.xml as part xcvm1802-vsva2197-2mp-e-s specified in board_part file is either invalid or not available
WARNING: [Board 49-26] cannot add Board Part xilinx.com:vmk180_newl:part0:1.0 available at /tools/Xilinx/2025.1/data/xhub/boards/XilinxBoardStore/boards/Xilinx/vmk180_newl/production/1.0/board.xml as part xcvm1802-vsva2197-2mp-e-s specified in board_part file is either invalid or not available
WARNING: [Board 49-26] cannot add Board Part xilinx.com:vmk180_newl:part0:1.1 available at /tools/Xilinx/2025.1/data/xhub/boards/XilinxBoardStore/boards/Xilinx/vmk180_newl/production/1.1/board.xml as part xcvm1802-vsva2197-2mp-e-s specified in board_part file is either invalid or not available
WARNING: [Board 49-26] cannot add Board Part xilinx.com:vpk120:part0:1.0 available at /tools/Xilinx/2025.1/data/xhub/boards/XilinxBoardStore/boards/Xilinx/vpk120/production/1.0/board.xml as part xcvp1202-vsva2785-2mp-e-s specified in board_part file is either invalid or not available
WARNING: [Board 49-26] cannot add Board Part xilinx.com:vpk120:part0:1.1 available at /tools/Xilinx/2025.1/data/xhub/boards/XilinxBoardStore/boards/Xilinx/vpk120/production/1.1/board.xml as part xcvp1202-vsva2785-2mp-e-s specified in board_part file is either invalid or not available
WARNING: [Board 49-26] cannot add Board Part xilinx.com:vpk120:part0:1.2 available at /tools/Xilinx/2025.1/data/xhub/boards/XilinxBoardStore/boards/Xilinx/vpk120/production/1.2/board.xml as part xcvp1202-vsva2785-2mp-e-s specified in board_part file is either invalid or not available
WARNING: [Board 49-26] cannot add Board Part xilinx.com:vpk180:part0:1.0 available at /tools/Xilinx/2025.1/data/xhub/boards/XilinxBoardStore/boards/Xilinx/vpk180/production/1.0/board.xml as part xcvp1802-lsvc4072-2mp-e-s specified in board_part file is either invalid or not available
WARNING: [Board 49-26] cannot add Board Part xilinx.com:vpk180:part0:1.1 available at /tools/Xilinx/2025.1/data/xhub/boards/XilinxBoardStore/boards/Xilinx/vpk180/production/1.1/board.xml as part xcvp1802-lsvc4072-2mp-e-s specified in board_part file is either invalid or not available
WARNING: [Board 49-26] cannot add Board Part xilinx.com:vpk180:part0:1.2 available at /tools/Xilinx/2025.1/data/xhub/boards/XilinxBoardStore/boards/Xilinx/vpk180/production/1.2/board.xml as part xcvp1802-lsvc4072-2mp-e-s specified in board_part file is either invalid or not available
WARNING: [Board 49-26] cannot add Board Part xilinx.com:zcu208ld:part0:2.0 available at /tools/Xilinx/2025.1/data/xhub/boards/XilinxBoardStore/boards/Xilinx/zcu208ld/production/2.0/board.xml as part xczu58dr-fsvg1517-2-i specified in board_part file is either invalid or not available
WARNING: [Board 49-26] cannot add Board Part xilinx.com:zcu216ld:part0:2.0 available at /tools/Xilinx/2025.1/data/xhub/boards/XilinxBoardStore/boards/Xilinx/zcu216ld/production/2.0/board.xml as part xczu59dr-ffvf1760-2-i specified in board_part file is either invalid or not available
WARNING: [Board 49-26] cannot add Board Part xilinx.com:zcu670ld:part0:1.0 available at /tools/Xilinx/2025.1/data/xhub/boards/XilinxBoardStore/boards/Xilinx/zcu670ld/1.0/board.xml as part xczu57dr-fsve1156-2-i specified in board_part file is either invalid or not available
INFO: [IP_Flow 19-234] Refreshing IP repositories
INFO: [IP_Flow 19-1700] Loaded user IP repository '/home/cathyhu3/s965/pz2/rfsoc/ip_repo/iq_packager_1_0'.
INFO: [IP_Flow 19-795] Syncing license key meta-data
update_compile_order -fileset sources_1
ipx::merge_project_changes files [ipx::current_core]
ipx::merge_project_changes hdl_parameters [ipx::current_core]
set_property core_revision 4 [ipx::current_core]
ipx::update_source_project_archive -component [ipx::current_core]
ipx::create_xgui_files [ipx::current_core]
ipx::update_checksums [ipx::current_core]
ipx::check_integrity [ipx::current_core]
WARNING: [IP_Flow 19-11889] HDL Parameter 'C_S01_AXIS_TDATA_WIDTH (C S01 AXIS TDATA WIDTH)': Order is obsolete with XGUI version >= 2.0
WARNING: [IP_Flow 19-11889] HDL Parameter 'C_S00_AXIS_TDATA_WIDTH (C S00 AXIS TDATA WIDTH)': Order is obsolete with XGUI version >= 2.0
WARNING: [IP_Flow 19-11889] HDL Parameter 'C_M00_AXIS_TDATA_WIDTH (C M00 AXIS TDATA WIDTH)': Order is obsolete with XGUI version >= 2.0
WARNING: [IP_Flow 19-11889] HDL Parameter 'C_M00_AXIS_START_COUNT (C M00 AXIS START COUNT)': Order is obsolete with XGUI version >= 2.0
WARNING: [IP_Flow 19-11770] Clock interface 'S01_AXIS_CLK' has no FREQ_HZ parameter.
WARNING: [IP_Flow 19-11770] Clock interface 'S00_AXIS_CLK' has no FREQ_HZ parameter.
WARNING: [IP_Flow 19-11770] Clock interface 'M00_AXIS_CLK' has no FREQ_HZ parameter.
INFO: [IP_Flow 19-2181] Payment is not required for this core.
WARNING: [IP_Flow 19-2187] The Product Guide file is missing.
INFO: [Ipptcl 7-1486] check_integrity: Integrity check passed.
ipx::save_core [ipx::current_core]
ipx::move_temp_component_back -component [ipx::current_core]
close_project -delete
update_ip_catalog -rebuild -repo_path /home/cathyhu3/s965/pz2/rfsoc/ip_repo/iq_packager_1_0
INFO: [IP_Flow 19-725] Reloaded user IP repository '/home/cathyhu3/s965/pz2/rfsoc/ip_repo/iq_packager_1_0'
report_ip_status -name ip_status 
upgrade_ip -vlnv user.org:user:iq_packager:1.0 [get_ips  design_1_iq_packager_0_0] -log ip_upgrade.log
Upgrading '/home/cathyhu3/s965/pz2/rfsoc/lab6_skid/lab6_skid.srcs/sources_1/bd/design_1/design_1.bd'
INFO: [IP_Flow 19-3422] Upgraded design_1_iq_packager_0_0 (iq_packager_v1.0 1.0) from revision 3 to revision 4
Wrote  : </home/cathyhu3/s965/pz2/rfsoc/lab6_skid/lab6_skid.srcs/sources_1/bd/design_1/design_1.bd> 
Wrote  : </home/cathyhu3/s965/pz2/rfsoc/lab6_skid/lab6_skid.srcs/sources_1/bd/design_1/ui/bd_1f5defd0.ui> 
INFO: [Coretcl 2-1525] Wrote upgrade log to '/home/cathyhu3/s965/pz2/rfsoc/lab6_skid/ip_upgrade.log'.
export_ip_user_files -of_objects [get_ips design_1_iq_packager_0_0] -no_script -sync -force -quiet
generate_target all [get_files  /home/cathyhu3/s965/pz2/rfsoc/lab6_skid/lab6_skid.srcs/sources_1/bd/design_1/design_1.bd]
WARNING: [BD 41-1629] Slave segment </zynq_ultra_ps_e_0/SAXIGP2/HP0_LPS_OCM> is excluded from all addressing paths.
WARNING: [BD 41-3281] Instance '/zynq_ultra_ps_e_0' is connected on both sides by SmartConnects and cannot automatically configure itself to match the endpoints. Please manually configure its AXI interfaces as required for the design.
WARNING: [BD 41-3281] Instance '/axi_dma_0' is connected on both sides by SmartConnects and cannot automatically configure itself to match the endpoints. Please manually configure its AXI interfaces as required for the design.
Excluding slave segment /zynq_ultra_ps_e_0/SAXIGP2/HP0_LPS_OCM from address space /axi_dma_0/Data_S2MM.
Excluding slave segment /zynq_ultra_ps_e_0/SAXIGP2/HP0_LPS_OCM from address space /axi_dma_0/Data_S2MM.
Excluding slave segment /zynq_ultra_ps_e_0/SAXIGP2/HP0_LPS_OCM from address space /axi_dma_0/Data_S2MM.
Excluding slave segment /zynq_ultra_ps_e_0/SAXIGP2/HP0_LPS_OCM from address space /axi_dma_0/Data_S2MM.
INFO: [BD 5-943] Reserving offset range <0xA000_0000 [ 64K ]> from slave interface '/axi_smc/S00_AXI' to master interface '/axi_smc/M00_AXI'. This will be used by smartconnect on path for routing.
INFO: [BD 5-943] Reserving offset range <0xA004_0000 [ 256K ]> from slave interface '/axi_smc/S00_AXI' to master interface '/axi_smc/M01_AXI'. This will be used by smartconnect on path for routing.
INFO: [xilinx.com:ip:smartconnect:1.0-1] design_1_axi_smc_0: SmartConnect design_1_axi_smc_0 is in Low-Area Mode.
INFO: [BD 5-943] Reserving offset range <0x0000_0000 [ 2G ]> from slave interface '/axi_smc_1/S00_AXI' to master interface '/axi_smc_1/M00_AXI'. This will be used by smartconnect on path for routing.
INFO: [xilinx.com:ip:smartconnect:1.0-1] design_1_axi_smc_1_0: SmartConnect design_1_axi_smc_1_0 is in High-performance Mode.
Excluding slave segment /zynq_ultra_ps_e_0/SAXIGP2/HP0_LPS_OCM from address space /axi_dma_0/Data_S2MM.
Excluding slave segment /zynq_ultra_ps_e_0/SAXIGP2/HP0_LPS_OCM from address space /axi_dma_0/Data_S2MM.
INFO: [xilinx.com:ip:clk_wiz:6.0-1] /clk_wiz_0 clk_wiz propagate
WARNING: [BD 41-237] Bus Interface property AWUSER_WIDTH does not match between /zynq_ultra_ps_e_0/S_AXI_HP0_FPD(1) and /axi_smc_1/M00_AXI(0)
WARNING: [BD 41-237] Bus Interface property ARUSER_WIDTH does not match between /zynq_ultra_ps_e_0/S_AXI_HP0_FPD(1) and /axi_smc_1/M00_AXI(0)
WARNING: [BD 41-2671] The dangling interface net <m00_aw_node_M_AXIS_ARB> will not be written out to the BD file.
WARNING: [BD 41-2671] The dangling interface net <m01_aw_node_M_AXIS_ARB> will not be written out to the BD file.
Wrote  : </home/cathyhu3/s965/pz2/rfsoc/lab6_skid/lab6_skid.srcs/sources_1/bd/design_1/design_1.bd> 
Verilog Output written to : /home/cathyhu3/s965/pz2/rfsoc/lab6_skid/lab6_skid.gen/sources_1/bd/design_1/synth/design_1.v
Verilog Output written to : /home/cathyhu3/s965/pz2/rfsoc/lab6_skid/lab6_skid.gen/sources_1/bd/design_1/sim/design_1.v
Verilog Output written to : /home/cathyhu3/s965/pz2/rfsoc/lab6_skid/lab6_skid.gen/sources_1/bd/design_1/hdl/design_1_wrapper.v
INFO: [BD 41-1029] Generation completed for the IP Integrator block iq_packager_0 .
Exporting to file /home/cathyhu3/s965/pz2/rfsoc/lab6_skid/lab6_skid.gen/sources_1/bd/design_1/ip/design_1_axi_smc_0/bd_0/hw_handoff/design_1_axi_smc_0.hwh
Generated Hardware Definition File /home/cathyhu3/s965/pz2/rfsoc/lab6_skid/lab6_skid.gen/sources_1/bd/design_1/ip/design_1_axi_smc_0/bd_0/synth/design_1_axi_smc_0.hwdef
INFO: [BD 41-1029] Generation completed for the IP Integrator block axi_smc .
Exporting to file /home/cathyhu3/s965/pz2/rfsoc/lab6_skid/lab6_skid.gen/sources_1/bd/design_1/ip/design_1_axi_smc_1_0/bd_0/hw_handoff/design_1_axi_smc_1_0.hwh
Generated Hardware Definition File /home/cathyhu3/s965/pz2/rfsoc/lab6_skid/lab6_skid.gen/sources_1/bd/design_1/ip/design_1_axi_smc_1_0/bd_0/synth/design_1_axi_smc_1_0.hwdef
INFO: [BD 41-1029] Generation completed for the IP Integrator block axi_smc_1 .
Exporting to file /home/cathyhu3/s965/pz2/rfsoc/lab6_skid/lab6_skid.gen/sources_1/bd/design_1/hw_handoff/design_1.hwh
Generated Hardware Definition File /home/cathyhu3/s965/pz2/rfsoc/lab6_skid/lab6_skid.gen/sources_1/bd/design_1/synth/design_1.hwdef
generate_target: Time (s): cpu = 00:00:15 ; elapsed = 00:00:14 . Memory (MB): peak = 11830.656 ; gain = 0.000 ; free physical = 20743 ; free virtual = 31998
catch { config_ip_cache -export [get_ips -all design_1_iq_packager_0_0] }
catch { config_ip_cache -export [get_ips -all design_1_axi_smc_0] }
INFO: [IP_Flow 19-4993] Using cached IP synthesis design for IP design_1_axi_smc_0, cache-ID = bb136323144d6483; cache size = 39.093 MB.
catch { config_ip_cache -export [get_ips -all design_1_axi_smc_1_0] }
INFO: [IP_Flow 19-4993] Using cached IP synthesis design for IP design_1_axi_smc_1_0, cache-ID = b18ad00fb7007875; cache size = 39.093 MB.
export_ip_user_files -of_objects [get_files /home/cathyhu3/s965/pz2/rfsoc/lab6_skid/lab6_skid.srcs/sources_1/bd/design_1/design_1.bd] -no_script -sync -force -quiet
create_ip_run [get_files -of_objects [get_fileset sources_1] /home/cathyhu3/s965/pz2/rfsoc/lab6_skid/lab6_skid.srcs/sources_1/bd/design_1/design_1.bd]
launch_runs design_1_iq_packager_0_0_synth_1 -jobs 8
[Fri Oct 17 14:46:33 2025] Launched design_1_iq_packager_0_0_synth_1...
Run output will be captured here: /home/cathyhu3/s965/pz2/rfsoc/lab6_skid/lab6_skid.runs/design_1_iq_packager_0_0_synth_1/runme.log
export_simulation -lib_map_path [list {modelsim=/home/cathyhu3/s965/pz2/rfsoc/lab6_skid/lab6_skid.cache/compile_simlib/modelsim} {questa=/home/cathyhu3/s965/pz2/rfsoc/lab6_skid/lab6_skid.cache/compile_simlib/questa} {xcelium=/home/cathyhu3/s965/pz2/rfsoc/lab6_skid/lab6_skid.cache/compile_simlib/xcelium} {vcs=/home/cathyhu3/s965/pz2/rfsoc/lab6_skid/lab6_skid.cache/compile_simlib/vcs} {riviera=/home/cathyhu3/s965/pz2/rfsoc/lab6_skid/lab6_skid.cache/compile_simlib/riviera}] -of_objects [get_files /home/cathyhu3/s965/pz2/rfsoc/lab6_skid/lab6_skid.srcs/sources_1/bd/design_1/design_1.bd] -directory /home/cathyhu3/s965/pz2/rfsoc/lab6_skid/lab6_skid.ip_user_files/sim_scripts -ip_user_files_dir /home/cathyhu3/s965/pz2/rfsoc/lab6_skid/lab6_skid.ip_user_files -ipstatic_source_dir /home/cathyhu3/s965/pz2/rfsoc/lab6_skid/lab6_skid.ip_user_files/ipstatic -use_ip_compiled_libs -force -quiet
report_ip_status -name ip_status 
reset_run synth_1
INFO: [Project 1-1161] Replacing file /home/cathyhu3/s965/pz2/rfsoc/lab6_skid/lab6_skid.srcs/utils_1/imports/synth_1/design_1_wrapper.dcp with file /home/cathyhu3/s965/pz2/rfsoc/lab6_skid/lab6_skid.runs/synth_1/design_1_wrapper.dcp
launch_runs impl_1 -to_step write_bitstream -jobs 8
[Fri Oct 17 14:47:31 2025] Launched synth_1...
Run output will be captured here: /home/cathyhu3/s965/pz2/rfsoc/lab6_skid/lab6_skid.runs/synth_1/runme.log
[Fri Oct 17 14:47:31 2025] Launched impl_1...
Run output will be captured here: /home/cathyhu3/s965/pz2/rfsoc/lab6_skid/lab6_skid.runs/impl_1/runme.log
open_run impl_1
INFO: [Device 21-403] Loading part xczu48dr-ffvg1517-2-e
Netlist sorting complete. Time (s): cpu = 00:00:00.22 ; elapsed = 00:00:00.21 . Memory (MB): peak = 12612.840 ; gain = 0.000 ; free physical = 19132 ; free virtual = 31048
INFO: [Netlist 29-17] Analyzing 127 Unisim elements for replacement
INFO: [Netlist 29-28] Unisim Transformation completed in 0 CPU seconds
INFO: [Project 1-479] Netlist was created with Vivado 2025.1
INFO: [Project 1-570] Preparing netlist for logic optimization
WARNING: [Constraints 18-550] Could not create 'IBUF_LOW_PWR' constraint because net 'design_1_i/clk_wiz_0/clk_in1' is not directly connected to top level port. 'IBUF_LOW_PWR' is ignored for synthesis but preserved for implementation.
Read ShapeDB Complete: Time (s): cpu = 00:00:00.02 ; elapsed = 00:00:00.02 . Memory (MB): peak = 12723.465 ; gain = 4.000 ; free physical = 19018 ; free virtual = 30934
INFO: [Timing 38-478] Restoring timing data from binary archive.
INFO: [Timing 38-479] Binary timing data restore complete.
INFO: [Project 1-856] Restoring constraints from binary archive.
INFO: [Project 1-853] Binary constraint restore complete.
INFO: [Designutils 20-5722] Start Reading Physical Databases.
Reading placement.
Read Netlist Cache: Time (s): cpu = 00:00:00.01 ; elapsed = 00:00:00.02 . Memory (MB): peak = 13238.500 ; gain = 0.000 ; free physical = 18626 ; free virtual = 30543
Reading placer database...
Read Device Cache: Time (s): cpu = 00:00:00.02 ; elapsed = 00:00:00.02 . Memory (MB): peak = 13238.500 ; gain = 0.000 ; free physical = 18626 ; free virtual = 30543
Read PlaceDB: Time (s): cpu = 00:00:00.75 ; elapsed = 00:00:00.74 . Memory (MB): peak = 13249.461 ; gain = 10.961 ; free physical = 18598 ; free virtual = 30515
Read PulsedLatchDB: Time (s): cpu = 00:00:00 ; elapsed = 00:00:00 . Memory (MB): peak = 13249.461 ; gain = 0.000 ; free physical = 18598 ; free virtual = 30515
Reading routing.
Read RouteStorage: Time (s): cpu = 00:00:03 ; elapsed = 00:00:03 . Memory (MB): peak = 13538.016 ; gain = 288.555 ; free physical = 18334 ; free virtual = 30251
Read Physdb Files: Time (s): cpu = 00:00:04 ; elapsed = 00:00:04 . Memory (MB): peak = 13538.016 ; gain = 299.516 ; free physical = 18334 ; free virtual = 30251
Restored from archive | CPU: 4.420000 secs | Memory: 265.819405 MB |
Finished XDEF File Restore: Time (s): cpu = 00:00:04 ; elapsed = 00:00:04 . Memory (MB): peak = 13538.016 ; gain = 299.516 ; free physical = 18334 ; free virtual = 30250
Netlist sorting complete. Time (s): cpu = 00:00:00 ; elapsed = 00:00:00 . Memory (MB): peak = 13538.016 ; gain = 0.000 ; free physical = 18333 ; free virtual = 30250
INFO: [Project 1-111] Unisim Transformation Summary:
  A total of 25 instances were transformed.
  IBUF => IBUF (IBUFCTRL, INBUF): 4 instances
  RAM16X1D => RAM32X1D (RAMD32(x2)): 2 instances
  RAM32M16 => RAM32M16 (RAMD32(x14), RAMS32(x2)): 19 instances

open_run: Time (s): cpu = 00:00:26 ; elapsed = 00:00:20 . Memory (MB): peak = 14090.137 ; gain = 2016.539 ; free physical = 17543 ; free virtual = 29499
WARNING: [Timing 38-436] There are set_bus_skew constraint(s) in this design. Please run report_bus_skew to ensure that bus skew requirements are met.
open_bd_design {/home/cathyhu3/s965/pz2/rfsoc/lab6_skid/lab6_skid.srcs/sources_1/bd/design_1/design_1.bd}
ipx::edit_ip_in_project -upgrade true -name iq_packager_v1_0_project -directory /home/cathyhu3/s965/pz2/rfsoc/lab6_skid/lab6_skid.tmp/iq_packager_v1_0_project /home/cathyhu3/s965/pz2/rfsoc/ip_repo/iq_packager_1_0/component.xml
INFO: [IP_Flow 19-234] Refreshing IP repositories
INFO: [IP_Flow 19-1704] No user IP repositories specified
INFO: [IP_Flow 19-2313] Loaded Vivado IP repository '/tools/Xilinx/2025.1/Vivado/data/ip'.
WARNING: [Board 49-26] cannot add Board Part xilinx.com:emb-plus-vpr-4616:part0:1.0 available at /tools/Xilinx/2025.1/data/xhub/boards/XilinxBoardStore/boards/Xilinx/emb-plus-vpr-4616/1.0/board.xml as part xcve2302-sfva784-2mp-e-s specified in board_part file is either invalid or not available
WARNING: [Board 49-26] cannot add Board Part xilinx.com:emb-plus-vpr-4616:part0:1.1 available at /tools/Xilinx/2025.1/data/xhub/boards/XilinxBoardStore/boards/Xilinx/emb-plus-vpr-4616/1.1/board.xml as part xcve2302-sfva784-2mp-e-s specified in board_part file is either invalid or not available
WARNING: [Board 49-26] cannot add Board Part xilinx.com:v80:part0:1.0 available at /tools/Xilinx/2025.1/data/xhub/boards/XilinxBoardStore/boards/Xilinx/v80/1.0/board.xml as part xcv80-lsva4737-2mhp-e-s specified in board_part file is either invalid or not available
WARNING: [Board 49-26] cannot add Board Part xilinx.com:vck190:part0:2.2 available at /tools/Xilinx/2025.1/data/xhub/boards/XilinxBoardStore/boards/Xilinx/vck190/production/2.2/board.xml as part xcvc1902-vsva2197-2mp-e-s specified in board_part file is either invalid or not available
WARNING: [Board 49-26] cannot add Board Part xilinx.com:vck190:part0:3.0 available at /tools/Xilinx/2025.1/data/xhub/boards/XilinxBoardStore/boards/Xilinx/vck190/production/3.0/board.xml as part xcvc1902-vsva2197-2mp-e-s specified in board_part file is either invalid or not available
WARNING: [Board 49-26] cannot add Board Part xilinx.com:vck190:part0:3.1 available at /tools/Xilinx/2025.1/data/xhub/boards/XilinxBoardStore/boards/Xilinx/vck190/production/3.1/board.xml as part xcvc1902-vsva2197-2mp-e-s specified in board_part file is either invalid or not available
WARNING: [Board 49-26] cannot add Board Part xilinx.com:vck190:part0:3.2 available at /tools/Xilinx/2025.1/data/xhub/boards/XilinxBoardStore/boards/Xilinx/vck190/production/3.2/board.xml as part xcvc1902-vsva2197-2mp-e-s specified in board_part file is either invalid or not available
WARNING: [Board 49-26] cannot add Board Part xilinx.com:vck190:part0:3.3 available at /tools/Xilinx/2025.1/data/xhub/boards/XilinxBoardStore/boards/Xilinx/vck190/production/3.3/board.xml as part xcvc1902-vsva2197-2mp-e-s specified in board_part file is either invalid or not available
WARNING: [Board 49-26] cannot add Board Part xilinx.com:vck190:part0:3.4 available at /tools/Xilinx/2025.1/data/xhub/boards/XilinxBoardStore/boards/Xilinx/vck190/production/3.4/board.xml as part xcvc1902-vsva2197-2mp-e-s specified in board_part file is either invalid or not available
WARNING: [Board 49-26] cannot add Board Part xilinx.com:vck190_newl:part0:1.0 available at /tools/Xilinx/2025.1/data/xhub/boards/XilinxBoardStore/boards/Xilinx/vck190_newl/production/1.0/board.xml as part xcvc1902-vsva2197-2mp-e-s specified in board_part file is either invalid or not available
WARNING: [Board 49-26] cannot add Board Part xilinx.com:vck190_newl:part0:1.1 available at /tools/Xilinx/2025.1/data/xhub/boards/XilinxBoardStore/boards/Xilinx/vck190_newl/production/1.1/board.xml as part xcvc1902-vsva2197-2mp-e-s specified in board_part file is either invalid or not available
WARNING: [Board 49-26] cannot add Board Part xilinx.com:vck190_newl:part0:1.2 available at /tools/Xilinx/2025.1/data/xhub/boards/XilinxBoardStore/boards/Xilinx/vck190_newl/production/1.2/board.xml as part xcvc1902-vsva2197-2mp-e-s specified in board_part file is either invalid or not available
WARNING: [Board 49-26] cannot add Board Part xilinx.com:vck190_newl:part0:1.3 available at /tools/Xilinx/2025.1/data/xhub/boards/XilinxBoardStore/boards/Xilinx/vck190_newl/production/1.3/board.xml as part xcvc1902-vsva2197-2mp-e-s specified in board_part file is either invalid or not available
WARNING: [Board 49-26] cannot add Board Part xilinx.com:vek280:part0:1.0 available at /tools/Xilinx/2025.1/data/xhub/boards/XilinxBoardStore/boards/Xilinx/vek280/production/1.0/board.xml as part xcve2802-vsvh1760-2mp-e-s specified in board_part file is either invalid or not available
WARNING: [Board 49-26] cannot add Board Part xilinx.com:vek280:part0:1.1 available at /tools/Xilinx/2025.1/data/xhub/boards/XilinxBoardStore/boards/Xilinx/vek280/production/1.1/board.xml as part xcve2802-vsvh1760-2mp-e-s specified in board_part file is either invalid or not available
WARNING: [Board 49-26] cannot add Board Part xilinx.com:vek280:part0:1.2 available at /tools/Xilinx/2025.1/data/xhub/boards/XilinxBoardStore/boards/Xilinx/vek280/production/1.2/board.xml as part xcve2802-vsvh1760-2mp-e-s specified in board_part file is either invalid or not available
WARNING: [Board 49-26] cannot add Board Part xilinx.com:vek385:part0:1.0 available at /tools/Xilinx/2025.1/data/xhub/boards/XilinxBoardStore/boards/Xilinx/vek385/1.0/board.xml as part xc2ve3858-ssva2112-2mp-e-s specified in board_part file is either invalid or not available
WARNING: [Board 49-26] cannot add Board Part xilinx.com:vhk158:part0:1.0 available at /tools/Xilinx/2025.1/data/xhub/boards/XilinxBoardStore/boards/Xilinx/vhk158/production/1.0/board.xml as part xcvh1582-vsva3697-2mp-e-s specified in board_part file is either invalid or not available
WARNING: [Board 49-26] cannot add Board Part xilinx.com:vhk158:part0:1.1 available at /tools/Xilinx/2025.1/data/xhub/boards/XilinxBoardStore/boards/Xilinx/vhk158/production/1.1/board.xml as part xcvh1582-vsva3697-2mp-e-s specified in board_part file is either invalid or not available
WARNING: [Board 49-26] cannot add Board Part xilinx.com:vhk158:part0:1.2 available at /tools/Xilinx/2025.1/data/xhub/boards/XilinxBoardStore/boards/Xilinx/vhk158/production/1.2/board.xml as part xcvh1582-vsva3697-2mp-e-s specified in board_part file is either invalid or not available
WARNING: [Board 49-26] cannot add Board Part xilinx.com:vmk180:part0:2.2 available at /tools/Xilinx/2025.1/data/xhub/boards/XilinxBoardStore/boards/Xilinx/vmk180/production/2.2/board.xml as part xcvm1802-vsva2197-2mp-e-s specified in board_part file is either invalid or not available
WARNING: [Board 49-26] cannot add Board Part xilinx.com:vmk180:part0:3.0 available at /tools/Xilinx/2025.1/data/xhub/boards/XilinxBoardStore/boards/Xilinx/vmk180/production/3.0/board.xml as part xcvm1802-vsva2197-2mp-e-s specified in board_part file is either invalid or not available
WARNING: [Board 49-26] cannot add Board Part xilinx.com:vmk180:part0:3.1 available at /tools/Xilinx/2025.1/data/xhub/boards/XilinxBoardStore/boards/Xilinx/vmk180/production/3.1/board.xml as part xcvm1802-vsva2197-2mp-e-s specified in board_part file is either invalid or not available
WARNING: [Board 49-26] cannot add Board Part xilinx.com:vmk180:part0:3.2 available at /tools/Xilinx/2025.1/data/xhub/boards/XilinxBoardStore/boards/Xilinx/vmk180/production/3.2/board.xml as part xcvm1802-vsva2197-2mp-e-s specified in board_part file is either invalid or not available
WARNING: [Board 49-26] cannot add Board Part xilinx.com:vmk180:part0:3.3 available at /tools/Xilinx/2025.1/data/xhub/boards/XilinxBoardStore/boards/Xilinx/vmk180/production/3.3/board.xml as part xcvm1802-vsva2197-2mp-e-s specified in board_part file is either invalid or not available
WARNING: [Board 49-26] cannot add Board Part xilinx.com:vmk180_newl:part0:1.0 available at /tools/Xilinx/2025.1/data/xhub/boards/XilinxBoardStore/boards/Xilinx/vmk180_newl/production/1.0/board.xml as part xcvm1802-vsva2197-2mp-e-s specified in board_part file is either invalid or not available
WARNING: [Board 49-26] cannot add Board Part xilinx.com:vmk180_newl:part0:1.1 available at /tools/Xilinx/2025.1/data/xhub/boards/XilinxBoardStore/boards/Xilinx/vmk180_newl/production/1.1/board.xml as part xcvm1802-vsva2197-2mp-e-s specified in board_part file is either invalid or not available
WARNING: [Board 49-26] cannot add Board Part xilinx.com:vpk120:part0:1.0 available at /tools/Xilinx/2025.1/data/xhub/boards/XilinxBoardStore/boards/Xilinx/vpk120/production/1.0/board.xml as part xcvp1202-vsva2785-2mp-e-s specified in board_part file is either invalid or not available
WARNING: [Board 49-26] cannot add Board Part xilinx.com:vpk120:part0:1.1 available at /tools/Xilinx/2025.1/data/xhub/boards/XilinxBoardStore/boards/Xilinx/vpk120/production/1.1/board.xml as part xcvp1202-vsva2785-2mp-e-s specified in board_part file is either invalid or not available
WARNING: [Board 49-26] cannot add Board Part xilinx.com:vpk120:part0:1.2 available at /tools/Xilinx/2025.1/data/xhub/boards/XilinxBoardStore/boards/Xilinx/vpk120/production/1.2/board.xml as part xcvp1202-vsva2785-2mp-e-s specified in board_part file is either invalid or not available
WARNING: [Board 49-26] cannot add Board Part xilinx.com:vpk180:part0:1.0 available at /tools/Xilinx/2025.1/data/xhub/boards/XilinxBoardStore/boards/Xilinx/vpk180/production/1.0/board.xml as part xcvp1802-lsvc4072-2mp-e-s specified in board_part file is either invalid or not available
WARNING: [Board 49-26] cannot add Board Part xilinx.com:vpk180:part0:1.1 available at /tools/Xilinx/2025.1/data/xhub/boards/XilinxBoardStore/boards/Xilinx/vpk180/production/1.1/board.xml as part xcvp1802-lsvc4072-2mp-e-s specified in board_part file is either invalid or not available
WARNING: [Board 49-26] cannot add Board Part xilinx.com:vpk180:part0:1.2 available at /tools/Xilinx/2025.1/data/xhub/boards/XilinxBoardStore/boards/Xilinx/vpk180/production/1.2/board.xml as part xcvp1802-lsvc4072-2mp-e-s specified in board_part file is either invalid or not available
WARNING: [Board 49-26] cannot add Board Part xilinx.com:zcu208ld:part0:2.0 available at /tools/Xilinx/2025.1/data/xhub/boards/XilinxBoardStore/boards/Xilinx/zcu208ld/production/2.0/board.xml as part xczu58dr-fsvg1517-2-i specified in board_part file is either invalid or not available
WARNING: [Board 49-26] cannot add Board Part xilinx.com:zcu216ld:part0:2.0 available at /tools/Xilinx/2025.1/data/xhub/boards/XilinxBoardStore/boards/Xilinx/zcu216ld/production/2.0/board.xml as part xczu59dr-ffvf1760-2-i specified in board_part file is either invalid or not available
WARNING: [Board 49-26] cannot add Board Part xilinx.com:zcu670ld:part0:1.0 available at /tools/Xilinx/2025.1/data/xhub/boards/XilinxBoardStore/boards/Xilinx/zcu670ld/1.0/board.xml as part xczu57dr-fsve1156-2-i specified in board_part file is either invalid or not available
INFO: [IP_Flow 19-234] Refreshing IP repositories
INFO: [IP_Flow 19-1700] Loaded user IP repository '/home/cathyhu3/s965/pz2/rfsoc/ip_repo/iq_packager_1_0'.
INFO: [IP_Flow 19-795] Syncing license key meta-data
update_compile_order -fileset sources_1
current_project lab6_skid
WARNING: [filemgmt 56-199] Attempt to get parsing info during refresh. "On-the-fly" syntax checking information may be incorrect. [/home/cathyhu3/s965/pz2/rfsoc/ip_repo/iq_packager_1_0/hdl/iq_packager_master_stream_v1_0_M00_AXIS.v:]
WARNING: [filemgmt 56-199] Attempt to get parsing info during refresh. "On-the-fly" syntax checking information may be incorrect. [/home/cathyhu3/s965/pz2/rfsoc/ip_repo/iq_packager_1_0/hdl/iq_packager.v:]
WARNING: [filemgmt 56-199] Attempt to get parsing info during refresh. "On-the-fly" syntax checking information may be incorrect. [/home/cathyhu3/s965/pz2/rfsoc/ip_repo/iq_packager_1_0/hdl/iq_packager.v:]
WARNING: [filemgmt 56-199] Attempt to get parsing info during refresh. "On-the-fly" syntax checking information may be incorrect. [/home/cathyhu3/s965/pz2/rfsoc/ip_repo/iq_packager_1_0/hdl/iq_packager.v:]
current_project iq_packager_v1_0_project
update_compile_order -fileset sources_1
WARNING: [filemgmt 56-199] Attempt to get parsing info during refresh. "On-the-fly" syntax checking information may be incorrect. [/home/cathyhu3/s965/pz2/rfsoc/ip_repo/iq_packager_1_0/hdl/iq_packager_master_stream_v1_0_M00_AXIS.v:]
WARNING: [filemgmt 56-199] Attempt to get parsing info during refresh. "On-the-fly" syntax checking information may be incorrect. [/home/cathyhu3/s965/pz2/rfsoc/ip_repo/iq_packager_1_0/hdl/iq_packager.v:]
WARNING: [filemgmt 56-199] Attempt to get parsing info during refresh. "On-the-fly" syntax checking information may be incorrect. [/home/cathyhu3/s965/pz2/rfsoc/ip_repo/iq_packager_1_0/hdl/iq_packager.v:]
WARNING: [filemgmt 56-199] Attempt to get parsing info during refresh. "On-the-fly" syntax checking information may be incorrect. [/home/cathyhu3/s965/pz2/rfsoc/ip_repo/iq_packager_1_0/hdl/iq_packager.v:]
WARNING: [filemgmt 56-199] Attempt to get parsing info during refresh. "On-the-fly" syntax checking information may be incorrect. [/home/cathyhu3/s965/pz2/rfsoc/ip_repo/iq_packager_1_0/hdl/iq_packager_master_stream_v1_0_M00_AXIS.v:]
WARNING: [filemgmt 56-199] Attempt to get parsing info during refresh. "On-the-fly" syntax checking information may be incorrect. [/home/cathyhu3/s965/pz2/rfsoc/ip_repo/iq_packager_1_0/hdl/iq_packager.v:]
WARNING: [filemgmt 56-199] Attempt to get parsing info during refresh. "On-the-fly" syntax checking information may be incorrect. [/home/cathyhu3/s965/pz2/rfsoc/ip_repo/iq_packager_1_0/hdl/iq_packager_master_stream_v1_0_M00_AXIS.v:]
WARNING: [filemgmt 56-199] Attempt to get parsing info during refresh. "On-the-fly" syntax checking information may be incorrect. [/home/cathyhu3/s965/pz2/rfsoc/ip_repo/iq_packager_1_0/hdl/iq_packager_master_stream_v1_0_M00_AXIS.v:]
ipx::merge_project_changes files [ipx::current_core]
WARNING: [IP_Flow 19-3833] Unreferenced file from the top module is not packaged: '/home/cathyhu3/s965/pz2/rfsoc/ip_repo/iq_packager_1_0/hdl/iq_packager_master_stream_v1_0_M00_AXIS.v'.
WARNING: [IP_Flow 19-3833] Unreferenced file from the top module is not packaged: '/home/cathyhu3/s965/pz2/rfsoc/ip_repo/iq_packager_1_0/hdl/iq_packager_slave_stream_v1_0_S00_AXIS.v'.
WARNING: [IP_Flow 19-3833] Unreferenced file from the top module is not packaged: '/home/cathyhu3/s965/pz2/rfsoc/ip_repo/iq_packager_1_0/hdl/iq_packager_slave_stream_v1_0_S01_AXIS.v'.
WARNING: [IP_Flow 19-5109] File Group 'xilinx_verilogsynthesis (Verilog Synthesis)': File '/home/cathyhu3/s965/pz2/rfsoc/ip_repo/iq_packager_1_0/hdl/iq_packager_slave_stream_v1_0_S00_AXIS.v' does not exist in the project sources. It has been removed from the packaged IP. If still required, please add this file to the project, merge sources and re-package.
WARNING: [IP_Flow 19-5109] File Group 'xilinx_verilogsynthesis (Verilog Synthesis)': File '/home/cathyhu3/s965/pz2/rfsoc/ip_repo/iq_packager_1_0/hdl/iq_packager_slave_stream_v1_0_S01_AXIS.v' does not exist in the project sources. It has been removed from the packaged IP. If still required, please add this file to the project, merge sources and re-package.
WARNING: [IP_Flow 19-5109] File Group 'xilinx_verilogsynthesis (Verilog Synthesis)': File '/home/cathyhu3/s965/pz2/rfsoc/ip_repo/iq_packager_1_0/hdl/iq_packager_master_stream_v1_0_M00_AXIS.v' does not exist in the project sources. It has been removed from the packaged IP. If still required, please add this file to the project, merge sources and re-package.
WARNING: [IP_Flow 19-5109] File Group 'xilinx_verilogbehavioralsimulation (Verilog Simulation)': File '/home/cathyhu3/s965/pz2/rfsoc/ip_repo/iq_packager_1_0/hdl/iq_packager_slave_stream_v1_0_S00_AXIS.v' does not exist in the project sources. It has been removed from the packaged IP. If still required, please add this file to the project, merge sources and re-package.
WARNING: [IP_Flow 19-5109] File Group 'xilinx_verilogbehavioralsimulation (Verilog Simulation)': File '/home/cathyhu3/s965/pz2/rfsoc/ip_repo/iq_packager_1_0/hdl/iq_packager_slave_stream_v1_0_S01_AXIS.v' does not exist in the project sources. It has been removed from the packaged IP. If still required, please add this file to the project, merge sources and re-package.
WARNING: [IP_Flow 19-5109] File Group 'xilinx_verilogbehavioralsimulation (Verilog Simulation)': File '/home/cathyhu3/s965/pz2/rfsoc/ip_repo/iq_packager_1_0/hdl/iq_packager_master_stream_v1_0_M00_AXIS.v' does not exist in the project sources. It has been removed from the packaged IP. If still required, please add this file to the project, merge sources and re-package.
ipx::merge_project_changes hdl_parameters [ipx::current_core]
WARNING: [IP_Flow 19-3833] Unreferenced file from the top module is not packaged: '/home/cathyhu3/s965/pz2/rfsoc/ip_repo/iq_packager_1_0/hdl/iq_packager_master_stream_v1_0_M00_AXIS.v'.
WARNING: [IP_Flow 19-3833] Unreferenced file from the top module is not packaged: '/home/cathyhu3/s965/pz2/rfsoc/ip_repo/iq_packager_1_0/hdl/iq_packager_slave_stream_v1_0_S00_AXIS.v'.
WARNING: [IP_Flow 19-3833] Unreferenced file from the top module is not packaged: '/home/cathyhu3/s965/pz2/rfsoc/ip_repo/iq_packager_1_0/hdl/iq_packager_slave_stream_v1_0_S01_AXIS.v'.
set_property core_revision 5 [ipx::current_core]
ipx::update_source_project_archive -component [ipx::current_core]
ipx::create_xgui_files [ipx::current_core]
ipx::update_checksums [ipx::current_core]
ipx::check_integrity [ipx::current_core]
WARNING: [IP_Flow 19-11889] HDL Parameter 'C_S01_AXIS_TDATA_WIDTH (C S01 AXIS TDATA WIDTH)': Order is obsolete with XGUI version >= 2.0
WARNING: [IP_Flow 19-11889] HDL Parameter 'C_S00_AXIS_TDATA_WIDTH (C S00 AXIS TDATA WIDTH)': Order is obsolete with XGUI version >= 2.0
WARNING: [IP_Flow 19-11889] HDL Parameter 'C_M00_AXIS_TDATA_WIDTH (C M00 AXIS TDATA WIDTH)': Order is obsolete with XGUI version >= 2.0
WARNING: [IP_Flow 19-11889] HDL Parameter 'C_M00_AXIS_START_COUNT (C M00 AXIS START COUNT)': Order is obsolete with XGUI version >= 2.0
WARNING: [IP_Flow 19-11770] Clock interface 'S01_AXIS_CLK' has no FREQ_HZ parameter.
WARNING: [IP_Flow 19-11770] Clock interface 'S00_AXIS_CLK' has no FREQ_HZ parameter.
WARNING: [IP_Flow 19-11770] Clock interface 'M00_AXIS_CLK' has no FREQ_HZ parameter.
INFO: [IP_Flow 19-2181] Payment is not required for this core.
WARNING: [IP_Flow 19-2187] The Product Guide file is missing.
INFO: [Ipptcl 7-1486] check_integrity: Integrity check passed.
ipx::save_core [ipx::current_core]
ipx::move_temp_component_back -component [ipx::current_core]
close_project -delete
update_ip_catalog -rebuild -repo_path /home/cathyhu3/s965/pz2/rfsoc/ip_repo/iq_packager_1_0
INFO: [IP_Flow 19-725] Reloaded user IP repository '/home/cathyhu3/s965/pz2/rfsoc/ip_repo/iq_packager_1_0'
report_ip_status -name ip_status 
upgrade_ip -vlnv user.org:user:iq_packager:1.0 [get_ips  design_1_iq_packager_0_0] -log ip_upgrade.log
Upgrading '/home/cathyhu3/s965/pz2/rfsoc/lab6_skid/lab6_skid.srcs/sources_1/bd/design_1/design_1.bd'
INFO: [IP_Flow 19-3422] Upgraded design_1_iq_packager_0_0 (iq_packager_v1.0 1.0) from revision 4 to revision 5
Wrote  : </home/cathyhu3/s965/pz2/rfsoc/lab6_skid/lab6_skid.srcs/sources_1/bd/design_1/design_1.bd> 
Wrote  : </home/cathyhu3/s965/pz2/rfsoc/lab6_skid/lab6_skid.srcs/sources_1/bd/design_1/ui/bd_1f5defd0.ui> 
INFO: [Coretcl 2-1525] Wrote upgrade log to '/home/cathyhu3/s965/pz2/rfsoc/lab6_skid/ip_upgrade.log'.
export_ip_user_files -of_objects [get_ips design_1_iq_packager_0_0] -no_script -sync -force -quiet
report_ip_status -name ip_status 
reset_run synth_1
INFO: [Project 1-1161] Replacing file /home/cathyhu3/s965/pz2/rfsoc/lab6_skid/lab6_skid.srcs/utils_1/imports/synth_1/design_1_wrapper.dcp with file /home/cathyhu3/s965/pz2/rfsoc/lab6_skid/lab6_skid.runs/synth_1/design_1_wrapper.dcp
launch_runs impl_1 -to_step write_bitstream -jobs 8
WARNING: [BD 41-1629] Slave segment </zynq_ultra_ps_e_0/SAXIGP2/HP0_LPS_OCM> is excluded from all addressing paths.
WARNING: [BD 41-3281] Instance '/zynq_ultra_ps_e_0' is connected on both sides by SmartConnects and cannot automatically configure itself to match the endpoints. Please manually configure its AXI interfaces as required for the design.
WARNING: [BD 41-3281] Instance '/axi_dma_0' is connected on both sides by SmartConnects and cannot automatically configure itself to match the endpoints. Please manually configure its AXI interfaces as required for the design.
Excluding slave segment /zynq_ultra_ps_e_0/SAXIGP2/HP0_LPS_OCM from address space /axi_dma_0/Data_S2MM.
Excluding slave segment /zynq_ultra_ps_e_0/SAXIGP2/HP0_LPS_OCM from address space /axi_dma_0/Data_S2MM.
Excluding slave segment /zynq_ultra_ps_e_0/SAXIGP2/HP0_LPS_OCM from address space /axi_dma_0/Data_S2MM.
Excluding slave segment /zynq_ultra_ps_e_0/SAXIGP2/HP0_LPS_OCM from address space /axi_dma_0/Data_S2MM.
INFO: [BD 5-943] Reserving offset range <0xA000_0000 [ 64K ]> from slave interface '/axi_smc/S00_AXI' to master interface '/axi_smc/M00_AXI'. This will be used by smartconnect on path for routing.
INFO: [BD 5-943] Reserving offset range <0xA004_0000 [ 256K ]> from slave interface '/axi_smc/S00_AXI' to master interface '/axi_smc/M01_AXI'. This will be used by smartconnect on path for routing.
INFO: [xilinx.com:ip:smartconnect:1.0-1] design_1_axi_smc_0: SmartConnect design_1_axi_smc_0 is in Low-Area Mode.
INFO: [BD 5-943] Reserving offset range <0x0000_0000 [ 2G ]> from slave interface '/axi_smc_1/S00_AXI' to master interface '/axi_smc_1/M00_AXI'. This will be used by smartconnect on path for routing.
INFO: [xilinx.com:ip:smartconnect:1.0-1] design_1_axi_smc_1_0: SmartConnect design_1_axi_smc_1_0 is in High-performance Mode.
Excluding slave segment /zynq_ultra_ps_e_0/SAXIGP2/HP0_LPS_OCM from address space /axi_dma_0/Data_S2MM.
Excluding slave segment /zynq_ultra_ps_e_0/SAXIGP2/HP0_LPS_OCM from address space /axi_dma_0/Data_S2MM.
INFO: [xilinx.com:ip:clk_wiz:6.0-1] /clk_wiz_0 clk_wiz propagate
WARNING: [BD 41-237] Bus Interface property AWUSER_WIDTH does not match between /zynq_ultra_ps_e_0/S_AXI_HP0_FPD(1) and /axi_smc_1/M00_AXI(0)
WARNING: [BD 41-237] Bus Interface property ARUSER_WIDTH does not match between /zynq_ultra_ps_e_0/S_AXI_HP0_FPD(1) and /axi_smc_1/M00_AXI(0)
WARNING: [BD 41-2671] The dangling interface net <m00_aw_node_M_AXIS_ARB> will not be written out to the BD file.
WARNING: [BD 41-2671] The dangling interface net <m01_aw_node_M_AXIS_ARB> will not be written out to the BD file.
Wrote  : </home/cathyhu3/s965/pz2/rfsoc/lab6_skid/lab6_skid.srcs/sources_1/bd/design_1/design_1.bd> 
Verilog Output written to : /home/cathyhu3/s965/pz2/rfsoc/lab6_skid/lab6_skid.gen/sources_1/bd/design_1/synth/design_1.v
Verilog Output written to : /home/cathyhu3/s965/pz2/rfsoc/lab6_skid/lab6_skid.gen/sources_1/bd/design_1/sim/design_1.v
Verilog Output written to : /home/cathyhu3/s965/pz2/rfsoc/lab6_skid/lab6_skid.gen/sources_1/bd/design_1/hdl/design_1_wrapper.v
INFO: [BD 41-1029] Generation completed for the IP Integrator block iq_packager_0 .
Exporting to file /home/cathyhu3/s965/pz2/rfsoc/lab6_skid/lab6_skid.gen/sources_1/bd/design_1/ip/design_1_axi_smc_0/bd_0/hw_handoff/design_1_axi_smc_0.hwh
Generated Hardware Definition File /home/cathyhu3/s965/pz2/rfsoc/lab6_skid/lab6_skid.gen/sources_1/bd/design_1/ip/design_1_axi_smc_0/bd_0/synth/design_1_axi_smc_0.hwdef
INFO: [BD 41-1029] Generation completed for the IP Integrator block axi_smc .
Exporting to file /home/cathyhu3/s965/pz2/rfsoc/lab6_skid/lab6_skid.gen/sources_1/bd/design_1/ip/design_1_axi_smc_1_0/bd_0/hw_handoff/design_1_axi_smc_1_0.hwh
Generated Hardware Definition File /home/cathyhu3/s965/pz2/rfsoc/lab6_skid/lab6_skid.gen/sources_1/bd/design_1/ip/design_1_axi_smc_1_0/bd_0/synth/design_1_axi_smc_1_0.hwdef
INFO: [BD 41-1029] Generation completed for the IP Integrator block axi_smc_1 .
Exporting to file /home/cathyhu3/s965/pz2/rfsoc/lab6_skid/lab6_skid.gen/sources_1/bd/design_1/hw_handoff/design_1.hwh
Generated Hardware Definition File /home/cathyhu3/s965/pz2/rfsoc/lab6_skid/lab6_skid.gen/sources_1/bd/design_1/synth/design_1.hwdef
INFO: [IP_Flow 19-4993] Using cached IP synthesis design for IP design_1_axi_smc_0, cache-ID = bb136323144d6483; cache size = 39.248 MB.
INFO: [IP_Flow 19-4993] Using cached IP synthesis design for IP design_1_axi_smc_1_0, cache-ID = b18ad00fb7007875; cache size = 39.248 MB.
[Fri Oct 17 15:14:18 2025] Launched design_1_iq_packager_0_0_synth_1, synth_1...
Run output will be captured here:
design_1_iq_packager_0_0_synth_1: /home/cathyhu3/s965/pz2/rfsoc/lab6_skid/lab6_skid.runs/design_1_iq_packager_0_0_synth_1/runme.log
synth_1: /home/cathyhu3/s965/pz2/rfsoc/lab6_skid/lab6_skid.runs/synth_1/runme.log
[Fri Oct 17 15:14:18 2025] Launched impl_1...
Run output will be captured here: /home/cathyhu3/s965/pz2/rfsoc/lab6_skid/lab6_skid.runs/impl_1/runme.log
launch_runs: Time (s): cpu = 00:00:19 ; elapsed = 00:00:19 . Memory (MB): peak = 15682.777 ; gain = 344.988 ; free physical = 16512 ; free virtual = 28410
report_ip_status -name ip_status 
reset_run impl_1 -prev_step 
WARNING: [Vivado 12-1017] Problems encountered:
1. Attempt to kill process failed

ipx::edit_ip_in_project -upgrade true -name iq_packager_v1_0_project -directory /home/cathyhu3/s965/pz2/rfsoc/lab6_skid/lab6_skid.tmp/iq_packager_v1_0_project /home/cathyhu3/s965/pz2/rfsoc/ip_repo/iq_packager_1_0/component.xml
INFO: [IP_Flow 19-234] Refreshing IP repositories
INFO: [IP_Flow 19-1704] No user IP repositories specified
INFO: [IP_Flow 19-2313] Loaded Vivado IP repository '/tools/Xilinx/2025.1/Vivado/data/ip'.
WARNING: [Board 49-26] cannot add Board Part xilinx.com:emb-plus-vpr-4616:part0:1.0 available at /tools/Xilinx/2025.1/data/xhub/boards/XilinxBoardStore/boards/Xilinx/emb-plus-vpr-4616/1.0/board.xml as part xcve2302-sfva784-2mp-e-s specified in board_part file is either invalid or not available
WARNING: [Board 49-26] cannot add Board Part xilinx.com:emb-plus-vpr-4616:part0:1.1 available at /tools/Xilinx/2025.1/data/xhub/boards/XilinxBoardStore/boards/Xilinx/emb-plus-vpr-4616/1.1/board.xml as part xcve2302-sfva784-2mp-e-s specified in board_part file is either invalid or not available
WARNING: [Board 49-26] cannot add Board Part xilinx.com:v80:part0:1.0 available at /tools/Xilinx/2025.1/data/xhub/boards/XilinxBoardStore/boards/Xilinx/v80/1.0/board.xml as part xcv80-lsva4737-2mhp-e-s specified in board_part file is either invalid or not available
WARNING: [Board 49-26] cannot add Board Part xilinx.com:vck190:part0:2.2 available at /tools/Xilinx/2025.1/data/xhub/boards/XilinxBoardStore/boards/Xilinx/vck190/production/2.2/board.xml as part xcvc1902-vsva2197-2mp-e-s specified in board_part file is either invalid or not available
WARNING: [Board 49-26] cannot add Board Part xilinx.com:vck190:part0:3.0 available at /tools/Xilinx/2025.1/data/xhub/boards/XilinxBoardStore/boards/Xilinx/vck190/production/3.0/board.xml as part xcvc1902-vsva2197-2mp-e-s specified in board_part file is either invalid or not available
WARNING: [Board 49-26] cannot add Board Part xilinx.com:vck190:part0:3.1 available at /tools/Xilinx/2025.1/data/xhub/boards/XilinxBoardStore/boards/Xilinx/vck190/production/3.1/board.xml as part xcvc1902-vsva2197-2mp-e-s specified in board_part file is either invalid or not available
WARNING: [Board 49-26] cannot add Board Part xilinx.com:vck190:part0:3.2 available at /tools/Xilinx/2025.1/data/xhub/boards/XilinxBoardStore/boards/Xilinx/vck190/production/3.2/board.xml as part xcvc1902-vsva2197-2mp-e-s specified in board_part file is either invalid or not available
WARNING: [Board 49-26] cannot add Board Part xilinx.com:vck190:part0:3.3 available at /tools/Xilinx/2025.1/data/xhub/boards/XilinxBoardStore/boards/Xilinx/vck190/production/3.3/board.xml as part xcvc1902-vsva2197-2mp-e-s specified in board_part file is either invalid or not available
WARNING: [Board 49-26] cannot add Board Part xilinx.com:vck190:part0:3.4 available at /tools/Xilinx/2025.1/data/xhub/boards/XilinxBoardStore/boards/Xilinx/vck190/production/3.4/board.xml as part xcvc1902-vsva2197-2mp-e-s specified in board_part file is either invalid or not available
WARNING: [Board 49-26] cannot add Board Part xilinx.com:vck190_newl:part0:1.0 available at /tools/Xilinx/2025.1/data/xhub/boards/XilinxBoardStore/boards/Xilinx/vck190_newl/production/1.0/board.xml as part xcvc1902-vsva2197-2mp-e-s specified in board_part file is either invalid or not available
WARNING: [Board 49-26] cannot add Board Part xilinx.com:vck190_newl:part0:1.1 available at /tools/Xilinx/2025.1/data/xhub/boards/XilinxBoardStore/boards/Xilinx/vck190_newl/production/1.1/board.xml as part xcvc1902-vsva2197-2mp-e-s specified in board_part file is either invalid or not available
WARNING: [Board 49-26] cannot add Board Part xilinx.com:vck190_newl:part0:1.2 available at /tools/Xilinx/2025.1/data/xhub/boards/XilinxBoardStore/boards/Xilinx/vck190_newl/production/1.2/board.xml as part xcvc1902-vsva2197-2mp-e-s specified in board_part file is either invalid or not available
WARNING: [Board 49-26] cannot add Board Part xilinx.com:vck190_newl:part0:1.3 available at /tools/Xilinx/2025.1/data/xhub/boards/XilinxBoardStore/boards/Xilinx/vck190_newl/production/1.3/board.xml as part xcvc1902-vsva2197-2mp-e-s specified in board_part file is either invalid or not available
WARNING: [Board 49-26] cannot add Board Part xilinx.com:vek280:part0:1.0 available at /tools/Xilinx/2025.1/data/xhub/boards/XilinxBoardStore/boards/Xilinx/vek280/production/1.0/board.xml as part xcve2802-vsvh1760-2mp-e-s specified in board_part file is either invalid or not available
WARNING: [Board 49-26] cannot add Board Part xilinx.com:vek280:part0:1.1 available at /tools/Xilinx/2025.1/data/xhub/boards/XilinxBoardStore/boards/Xilinx/vek280/production/1.1/board.xml as part xcve2802-vsvh1760-2mp-e-s specified in board_part file is either invalid or not available
WARNING: [Board 49-26] cannot add Board Part xilinx.com:vek280:part0:1.2 available at /tools/Xilinx/2025.1/data/xhub/boards/XilinxBoardStore/boards/Xilinx/vek280/production/1.2/board.xml as part xcve2802-vsvh1760-2mp-e-s specified in board_part file is either invalid or not available
WARNING: [Board 49-26] cannot add Board Part xilinx.com:vek385:part0:1.0 available at /tools/Xilinx/2025.1/data/xhub/boards/XilinxBoardStore/boards/Xilinx/vek385/1.0/board.xml as part xc2ve3858-ssva2112-2mp-e-s specified in board_part file is either invalid or not available
WARNING: [Board 49-26] cannot add Board Part xilinx.com:vhk158:part0:1.0 available at /tools/Xilinx/2025.1/data/xhub/boards/XilinxBoardStore/boards/Xilinx/vhk158/production/1.0/board.xml as part xcvh1582-vsva3697-2mp-e-s specified in board_part file is either invalid or not available
WARNING: [Board 49-26] cannot add Board Part xilinx.com:vhk158:part0:1.1 available at /tools/Xilinx/2025.1/data/xhub/boards/XilinxBoardStore/boards/Xilinx/vhk158/production/1.1/board.xml as part xcvh1582-vsva3697-2mp-e-s specified in board_part file is either invalid or not available
WARNING: [Board 49-26] cannot add Board Part xilinx.com:vhk158:part0:1.2 available at /tools/Xilinx/2025.1/data/xhub/boards/XilinxBoardStore/boards/Xilinx/vhk158/production/1.2/board.xml as part xcvh1582-vsva3697-2mp-e-s specified in board_part file is either invalid or not available
WARNING: [Board 49-26] cannot add Board Part xilinx.com:vmk180:part0:2.2 available at /tools/Xilinx/2025.1/data/xhub/boards/XilinxBoardStore/boards/Xilinx/vmk180/production/2.2/board.xml as part xcvm1802-vsva2197-2mp-e-s specified in board_part file is either invalid or not available
WARNING: [Board 49-26] cannot add Board Part xilinx.com:vmk180:part0:3.0 available at /tools/Xilinx/2025.1/data/xhub/boards/XilinxBoardStore/boards/Xilinx/vmk180/production/3.0/board.xml as part xcvm1802-vsva2197-2mp-e-s specified in board_part file is either invalid or not available
WARNING: [Board 49-26] cannot add Board Part xilinx.com:vmk180:part0:3.1 available at /tools/Xilinx/2025.1/data/xhub/boards/XilinxBoardStore/boards/Xilinx/vmk180/production/3.1/board.xml as part xcvm1802-vsva2197-2mp-e-s specified in board_part file is either invalid or not available
WARNING: [Board 49-26] cannot add Board Part xilinx.com:vmk180:part0:3.2 available at /tools/Xilinx/2025.1/data/xhub/boards/XilinxBoardStore/boards/Xilinx/vmk180/production/3.2/board.xml as part xcvm1802-vsva2197-2mp-e-s specified in board_part file is either invalid or not available
WARNING: [Board 49-26] cannot add Board Part xilinx.com:vmk180:part0:3.3 available at /tools/Xilinx/2025.1/data/xhub/boards/XilinxBoardStore/boards/Xilinx/vmk180/production/3.3/board.xml as part xcvm1802-vsva2197-2mp-e-s specified in board_part file is either invalid or not available
WARNING: [Board 49-26] cannot add Board Part xilinx.com:vmk180_newl:part0:1.0 available at /tools/Xilinx/2025.1/data/xhub/boards/XilinxBoardStore/boards/Xilinx/vmk180_newl/production/1.0/board.xml as part xcvm1802-vsva2197-2mp-e-s specified in board_part file is either invalid or not available
WARNING: [Board 49-26] cannot add Board Part xilinx.com:vmk180_newl:part0:1.1 available at /tools/Xilinx/2025.1/data/xhub/boards/XilinxBoardStore/boards/Xilinx/vmk180_newl/production/1.1/board.xml as part xcvm1802-vsva2197-2mp-e-s specified in board_part file is either invalid or not available
WARNING: [Board 49-26] cannot add Board Part xilinx.com:vpk120:part0:1.0 available at /tools/Xilinx/2025.1/data/xhub/boards/XilinxBoardStore/boards/Xilinx/vpk120/production/1.0/board.xml as part xcvp1202-vsva2785-2mp-e-s specified in board_part file is either invalid or not available
WARNING: [Board 49-26] cannot add Board Part xilinx.com:vpk120:part0:1.1 available at /tools/Xilinx/2025.1/data/xhub/boards/XilinxBoardStore/boards/Xilinx/vpk120/production/1.1/board.xml as part xcvp1202-vsva2785-2mp-e-s specified in board_part file is either invalid or not available
WARNING: [Board 49-26] cannot add Board Part xilinx.com:vpk120:part0:1.2 available at /tools/Xilinx/2025.1/data/xhub/boards/XilinxBoardStore/boards/Xilinx/vpk120/production/1.2/board.xml as part xcvp1202-vsva2785-2mp-e-s specified in board_part file is either invalid or not available
WARNING: [Board 49-26] cannot add Board Part xilinx.com:vpk180:part0:1.0 available at /tools/Xilinx/2025.1/data/xhub/boards/XilinxBoardStore/boards/Xilinx/vpk180/production/1.0/board.xml as part xcvp1802-lsvc4072-2mp-e-s specified in board_part file is either invalid or not available
WARNING: [Board 49-26] cannot add Board Part xilinx.com:vpk180:part0:1.1 available at /tools/Xilinx/2025.1/data/xhub/boards/XilinxBoardStore/boards/Xilinx/vpk180/production/1.1/board.xml as part xcvp1802-lsvc4072-2mp-e-s specified in board_part file is either invalid or not available
WARNING: [Board 49-26] cannot add Board Part xilinx.com:vpk180:part0:1.2 available at /tools/Xilinx/2025.1/data/xhub/boards/XilinxBoardStore/boards/Xilinx/vpk180/production/1.2/board.xml as part xcvp1802-lsvc4072-2mp-e-s specified in board_part file is either invalid or not available
WARNING: [Board 49-26] cannot add Board Part xilinx.com:zcu208ld:part0:2.0 available at /tools/Xilinx/2025.1/data/xhub/boards/XilinxBoardStore/boards/Xilinx/zcu208ld/production/2.0/board.xml as part xczu58dr-fsvg1517-2-i specified in board_part file is either invalid or not available
WARNING: [Board 49-26] cannot add Board Part xilinx.com:zcu216ld:part0:2.0 available at /tools/Xilinx/2025.1/data/xhub/boards/XilinxBoardStore/boards/Xilinx/zcu216ld/production/2.0/board.xml as part xczu59dr-ffvf1760-2-i specified in board_part file is either invalid or not available
WARNING: [Board 49-26] cannot add Board Part xilinx.com:zcu670ld:part0:1.0 available at /tools/Xilinx/2025.1/data/xhub/boards/XilinxBoardStore/boards/Xilinx/zcu670ld/1.0/board.xml as part xczu57dr-fsve1156-2-i specified in board_part file is either invalid or not available
INFO: [IP_Flow 19-234] Refreshing IP repositories
INFO: [IP_Flow 19-1700] Loaded user IP repository '/home/cathyhu3/s965/pz2/rfsoc/ip_repo/iq_packager_1_0'.
INFO: [IP_Flow 19-795] Syncing license key meta-data
update_compile_order -fileset sources_1
ipx::merge_project_changes hdl_parameters [ipx::current_core]
set_property core_revision 6 [ipx::current_core]
ipx::update_source_project_archive -component [ipx::current_core]
ipx::create_xgui_files [ipx::current_core]
ipx::update_checksums [ipx::current_core]
ipx::check_integrity [ipx::current_core]
WARNING: [IP_Flow 19-11889] HDL Parameter 'C_S01_AXIS_TDATA_WIDTH (C S01 AXIS TDATA WIDTH)': Order is obsolete with XGUI version >= 2.0
WARNING: [IP_Flow 19-11889] HDL Parameter 'C_S00_AXIS_TDATA_WIDTH (C S00 AXIS TDATA WIDTH)': Order is obsolete with XGUI version >= 2.0
WARNING: [IP_Flow 19-11889] HDL Parameter 'C_M00_AXIS_TDATA_WIDTH (C M00 AXIS TDATA WIDTH)': Order is obsolete with XGUI version >= 2.0
WARNING: [IP_Flow 19-11889] HDL Parameter 'C_M00_AXIS_START_COUNT (C M00 AXIS START COUNT)': Order is obsolete with XGUI version >= 2.0
WARNING: [IP_Flow 19-11770] Clock interface 'S01_AXIS_CLK' has no FREQ_HZ parameter.
WARNING: [IP_Flow 19-11770] Clock interface 'S00_AXIS_CLK' has no FREQ_HZ parameter.
WARNING: [IP_Flow 19-11770] Clock interface 'M00_AXIS_CLK' has no FREQ_HZ parameter.
INFO: [IP_Flow 19-2181] Payment is not required for this core.
WARNING: [IP_Flow 19-2187] The Product Guide file is missing.
INFO: [Ipptcl 7-1486] check_integrity: Integrity check passed.
ipx::save_core [ipx::current_core]
ipx::move_temp_component_back -component [ipx::current_core]
close_project -delete
update_ip_catalog -rebuild -repo_path /home/cathyhu3/s965/pz2/rfsoc/ip_repo/iq_packager_1_0
INFO: [IP_Flow 19-725] Reloaded user IP repository '/home/cathyhu3/s965/pz2/rfsoc/ip_repo/iq_packager_1_0'
report_ip_status -name ip_status 
upgrade_ip -vlnv user.org:user:iq_packager:1.0 [get_ips  design_1_iq_packager_0_0] -log ip_upgrade.log
Upgrading '/home/cathyhu3/s965/pz2/rfsoc/lab6_skid/lab6_skid.srcs/sources_1/bd/design_1/design_1.bd'
INFO: [IP_Flow 19-3422] Upgraded design_1_iq_packager_0_0 (iq_packager_v1.0 1.0) from revision 5 to revision 6
Wrote  : </home/cathyhu3/s965/pz2/rfsoc/lab6_skid/lab6_skid.srcs/sources_1/bd/design_1/design_1.bd> 
INFO: [Coretcl 2-1525] Wrote upgrade log to '/home/cathyhu3/s965/pz2/rfsoc/lab6_skid/ip_upgrade.log'.
export_ip_user_files -of_objects [get_ips design_1_iq_packager_0_0] -no_script -sync -force -quiet
report_ip_status -name ip_status 
reset_run synth_1
INFO: [Project 1-1161] Replacing file /home/cathyhu3/s965/pz2/rfsoc/lab6_skid/lab6_skid.srcs/utils_1/imports/synth_1/design_1_wrapper.dcp with file /home/cathyhu3/s965/pz2/rfsoc/lab6_skid/lab6_skid.runs/synth_1/design_1_wrapper.dcp
launch_runs impl_1 -to_step write_bitstream -jobs 8
WARNING: [BD 41-1629] Slave segment </zynq_ultra_ps_e_0/SAXIGP2/HP0_LPS_OCM> is excluded from all addressing paths.
WARNING: [BD 41-3281] Instance '/zynq_ultra_ps_e_0' is connected on both sides by SmartConnects and cannot automatically configure itself to match the endpoints. Please manually configure its AXI interfaces as required for the design.
WARNING: [BD 41-3281] Instance '/axi_dma_0' is connected on both sides by SmartConnects and cannot automatically configure itself to match the endpoints. Please manually configure its AXI interfaces as required for the design.
Excluding slave segment /zynq_ultra_ps_e_0/SAXIGP2/HP0_LPS_OCM from address space /axi_dma_0/Data_S2MM.
Excluding slave segment /zynq_ultra_ps_e_0/SAXIGP2/HP0_LPS_OCM from address space /axi_dma_0/Data_S2MM.
Excluding slave segment /zynq_ultra_ps_e_0/SAXIGP2/HP0_LPS_OCM from address space /axi_dma_0/Data_S2MM.
Excluding slave segment /zynq_ultra_ps_e_0/SAXIGP2/HP0_LPS_OCM from address space /axi_dma_0/Data_S2MM.
INFO: [BD 5-943] Reserving offset range <0xA000_0000 [ 64K ]> from slave interface '/axi_smc/S00_AXI' to master interface '/axi_smc/M00_AXI'. This will be used by smartconnect on path for routing.
INFO: [BD 5-943] Reserving offset range <0xA004_0000 [ 256K ]> from slave interface '/axi_smc/S00_AXI' to master interface '/axi_smc/M01_AXI'. This will be used by smartconnect on path for routing.
INFO: [xilinx.com:ip:smartconnect:1.0-1] design_1_axi_smc_0: SmartConnect design_1_axi_smc_0 is in Low-Area Mode.
INFO: [BD 5-943] Reserving offset range <0x0000_0000 [ 2G ]> from slave interface '/axi_smc_1/S00_AXI' to master interface '/axi_smc_1/M00_AXI'. This will be used by smartconnect on path for routing.
INFO: [xilinx.com:ip:smartconnect:1.0-1] design_1_axi_smc_1_0: SmartConnect design_1_axi_smc_1_0 is in High-performance Mode.
Excluding slave segment /zynq_ultra_ps_e_0/SAXIGP2/HP0_LPS_OCM from address space /axi_dma_0/Data_S2MM.
Excluding slave segment /zynq_ultra_ps_e_0/SAXIGP2/HP0_LPS_OCM from address space /axi_dma_0/Data_S2MM.
INFO: [xilinx.com:ip:clk_wiz:6.0-1] /clk_wiz_0 clk_wiz propagate
WARNING: [BD 41-237] Bus Interface property AWUSER_WIDTH does not match between /zynq_ultra_ps_e_0/S_AXI_HP0_FPD(1) and /axi_smc_1/M00_AXI(0)
WARNING: [BD 41-237] Bus Interface property ARUSER_WIDTH does not match between /zynq_ultra_ps_e_0/S_AXI_HP0_FPD(1) and /axi_smc_1/M00_AXI(0)
WARNING: [BD 41-2671] The dangling interface net <m00_aw_node_M_AXIS_ARB> will not be written out to the BD file.
WARNING: [BD 41-2671] The dangling interface net <m01_aw_node_M_AXIS_ARB> will not be written out to the BD file.
Wrote  : </home/cathyhu3/s965/pz2/rfsoc/lab6_skid/lab6_skid.srcs/sources_1/bd/design_1/design_1.bd> 
Verilog Output written to : /home/cathyhu3/s965/pz2/rfsoc/lab6_skid/lab6_skid.gen/sources_1/bd/design_1/synth/design_1.v
Verilog Output written to : /home/cathyhu3/s965/pz2/rfsoc/lab6_skid/lab6_skid.gen/sources_1/bd/design_1/sim/design_1.v
Verilog Output written to : /home/cathyhu3/s965/pz2/rfsoc/lab6_skid/lab6_skid.gen/sources_1/bd/design_1/hdl/design_1_wrapper.v
INFO: [BD 41-1029] Generation completed for the IP Integrator block iq_packager_0 .
Exporting to file /home/cathyhu3/s965/pz2/rfsoc/lab6_skid/lab6_skid.gen/sources_1/bd/design_1/ip/design_1_axi_smc_0/bd_0/hw_handoff/design_1_axi_smc_0.hwh
Generated Hardware Definition File /home/cathyhu3/s965/pz2/rfsoc/lab6_skid/lab6_skid.gen/sources_1/bd/design_1/ip/design_1_axi_smc_0/bd_0/synth/design_1_axi_smc_0.hwdef
INFO: [BD 41-1029] Generation completed for the IP Integrator block axi_smc .
Exporting to file /home/cathyhu3/s965/pz2/rfsoc/lab6_skid/lab6_skid.gen/sources_1/bd/design_1/ip/design_1_axi_smc_1_0/bd_0/hw_handoff/design_1_axi_smc_1_0.hwh
Generated Hardware Definition File /home/cathyhu3/s965/pz2/rfsoc/lab6_skid/lab6_skid.gen/sources_1/bd/design_1/ip/design_1_axi_smc_1_0/bd_0/synth/design_1_axi_smc_1_0.hwdef
INFO: [BD 41-1029] Generation completed for the IP Integrator block axi_smc_1 .
Exporting to file /home/cathyhu3/s965/pz2/rfsoc/lab6_skid/lab6_skid.gen/sources_1/bd/design_1/hw_handoff/design_1.hwh
Generated Hardware Definition File /home/cathyhu3/s965/pz2/rfsoc/lab6_skid/lab6_skid.gen/sources_1/bd/design_1/synth/design_1.hwdef
INFO: [IP_Flow 19-4993] Using cached IP synthesis design for IP design_1_axi_smc_0, cache-ID = bb136323144d6483; cache size = 39.361 MB.
INFO: [IP_Flow 19-4993] Using cached IP synthesis design for IP design_1_axi_smc_1_0, cache-ID = b18ad00fb7007875; cache size = 39.361 MB.
[Fri Oct 17 15:23:32 2025] Launched design_1_iq_packager_0_0_synth_1, synth_1...
Run output will be captured here:
design_1_iq_packager_0_0_synth_1: /home/cathyhu3/s965/pz2/rfsoc/lab6_skid/lab6_skid.runs/design_1_iq_packager_0_0_synth_1/runme.log
synth_1: /home/cathyhu3/s965/pz2/rfsoc/lab6_skid/lab6_skid.runs/synth_1/runme.log
[Fri Oct 17 15:23:32 2025] Launched impl_1...
Run output will be captured here: /home/cathyhu3/s965/pz2/rfsoc/lab6_skid/lab6_skid.runs/impl_1/runme.log
launch_runs: Time (s): cpu = 00:00:18 ; elapsed = 00:00:19 . Memory (MB): peak = 15950.777 ; gain = 245.949 ; free physical = 16491 ; free virtual = 28394
report_ip_status -name ip_status 
ipx::edit_ip_in_project -upgrade true -name iq_packager_v1_0_project -directory /home/cathyhu3/s965/pz2/rfsoc/lab6_skid/lab6_skid.tmp/iq_packager_v1_0_project /home/cathyhu3/s965/pz2/rfsoc/ip_repo/iq_packager_1_0/component.xml
INFO: [IP_Flow 19-234] Refreshing IP repositories
INFO: [IP_Flow 19-1704] No user IP repositories specified
INFO: [IP_Flow 19-2313] Loaded Vivado IP repository '/tools/Xilinx/2025.1/Vivado/data/ip'.
WARNING: [Board 49-26] cannot add Board Part xilinx.com:emb-plus-vpr-4616:part0:1.0 available at /tools/Xilinx/2025.1/data/xhub/boards/XilinxBoardStore/boards/Xilinx/emb-plus-vpr-4616/1.0/board.xml as part xcve2302-sfva784-2mp-e-s specified in board_part file is either invalid or not available
WARNING: [Board 49-26] cannot add Board Part xilinx.com:emb-plus-vpr-4616:part0:1.1 available at /tools/Xilinx/2025.1/data/xhub/boards/XilinxBoardStore/boards/Xilinx/emb-plus-vpr-4616/1.1/board.xml as part xcve2302-sfva784-2mp-e-s specified in board_part file is either invalid or not available
WARNING: [Board 49-26] cannot add Board Part xilinx.com:v80:part0:1.0 available at /tools/Xilinx/2025.1/data/xhub/boards/XilinxBoardStore/boards/Xilinx/v80/1.0/board.xml as part xcv80-lsva4737-2mhp-e-s specified in board_part file is either invalid or not available
WARNING: [Board 49-26] cannot add Board Part xilinx.com:vck190:part0:2.2 available at /tools/Xilinx/2025.1/data/xhub/boards/XilinxBoardStore/boards/Xilinx/vck190/production/2.2/board.xml as part xcvc1902-vsva2197-2mp-e-s specified in board_part file is either invalid or not available
WARNING: [Board 49-26] cannot add Board Part xilinx.com:vck190:part0:3.0 available at /tools/Xilinx/2025.1/data/xhub/boards/XilinxBoardStore/boards/Xilinx/vck190/production/3.0/board.xml as part xcvc1902-vsva2197-2mp-e-s specified in board_part file is either invalid or not available
WARNING: [Board 49-26] cannot add Board Part xilinx.com:vck190:part0:3.1 available at /tools/Xilinx/2025.1/data/xhub/boards/XilinxBoardStore/boards/Xilinx/vck190/production/3.1/board.xml as part xcvc1902-vsva2197-2mp-e-s specified in board_part file is either invalid or not available
WARNING: [Board 49-26] cannot add Board Part xilinx.com:vck190:part0:3.2 available at /tools/Xilinx/2025.1/data/xhub/boards/XilinxBoardStore/boards/Xilinx/vck190/production/3.2/board.xml as part xcvc1902-vsva2197-2mp-e-s specified in board_part file is either invalid or not available
WARNING: [Board 49-26] cannot add Board Part xilinx.com:vck190:part0:3.3 available at /tools/Xilinx/2025.1/data/xhub/boards/XilinxBoardStore/boards/Xilinx/vck190/production/3.3/board.xml as part xcvc1902-vsva2197-2mp-e-s specified in board_part file is either invalid or not available
WARNING: [Board 49-26] cannot add Board Part xilinx.com:vck190:part0:3.4 available at /tools/Xilinx/2025.1/data/xhub/boards/XilinxBoardStore/boards/Xilinx/vck190/production/3.4/board.xml as part xcvc1902-vsva2197-2mp-e-s specified in board_part file is either invalid or not available
WARNING: [Board 49-26] cannot add Board Part xilinx.com:vck190_newl:part0:1.0 available at /tools/Xilinx/2025.1/data/xhub/boards/XilinxBoardStore/boards/Xilinx/vck190_newl/production/1.0/board.xml as part xcvc1902-vsva2197-2mp-e-s specified in board_part file is either invalid or not available
WARNING: [Board 49-26] cannot add Board Part xilinx.com:vck190_newl:part0:1.1 available at /tools/Xilinx/2025.1/data/xhub/boards/XilinxBoardStore/boards/Xilinx/vck190_newl/production/1.1/board.xml as part xcvc1902-vsva2197-2mp-e-s specified in board_part file is either invalid or not available
WARNING: [Board 49-26] cannot add Board Part xilinx.com:vck190_newl:part0:1.2 available at /tools/Xilinx/2025.1/data/xhub/boards/XilinxBoardStore/boards/Xilinx/vck190_newl/production/1.2/board.xml as part xcvc1902-vsva2197-2mp-e-s specified in board_part file is either invalid or not available
WARNING: [Board 49-26] cannot add Board Part xilinx.com:vck190_newl:part0:1.3 available at /tools/Xilinx/2025.1/data/xhub/boards/XilinxBoardStore/boards/Xilinx/vck190_newl/production/1.3/board.xml as part xcvc1902-vsva2197-2mp-e-s specified in board_part file is either invalid or not available
WARNING: [Board 49-26] cannot add Board Part xilinx.com:vek280:part0:1.0 available at /tools/Xilinx/2025.1/data/xhub/boards/XilinxBoardStore/boards/Xilinx/vek280/production/1.0/board.xml as part xcve2802-vsvh1760-2mp-e-s specified in board_part file is either invalid or not available
WARNING: [Board 49-26] cannot add Board Part xilinx.com:vek280:part0:1.1 available at /tools/Xilinx/2025.1/data/xhub/boards/XilinxBoardStore/boards/Xilinx/vek280/production/1.1/board.xml as part xcve2802-vsvh1760-2mp-e-s specified in board_part file is either invalid or not available
WARNING: [Board 49-26] cannot add Board Part xilinx.com:vek280:part0:1.2 available at /tools/Xilinx/2025.1/data/xhub/boards/XilinxBoardStore/boards/Xilinx/vek280/production/1.2/board.xml as part xcve2802-vsvh1760-2mp-e-s specified in board_part file is either invalid or not available
WARNING: [Board 49-26] cannot add Board Part xilinx.com:vek385:part0:1.0 available at /tools/Xilinx/2025.1/data/xhub/boards/XilinxBoardStore/boards/Xilinx/vek385/1.0/board.xml as part xc2ve3858-ssva2112-2mp-e-s specified in board_part file is either invalid or not available
WARNING: [Board 49-26] cannot add Board Part xilinx.com:vhk158:part0:1.0 available at /tools/Xilinx/2025.1/data/xhub/boards/XilinxBoardStore/boards/Xilinx/vhk158/production/1.0/board.xml as part xcvh1582-vsva3697-2mp-e-s specified in board_part file is either invalid or not available
WARNING: [Board 49-26] cannot add Board Part xilinx.com:vhk158:part0:1.1 available at /tools/Xilinx/2025.1/data/xhub/boards/XilinxBoardStore/boards/Xilinx/vhk158/production/1.1/board.xml as part xcvh1582-vsva3697-2mp-e-s specified in board_part file is either invalid or not available
WARNING: [Board 49-26] cannot add Board Part xilinx.com:vhk158:part0:1.2 available at /tools/Xilinx/2025.1/data/xhub/boards/XilinxBoardStore/boards/Xilinx/vhk158/production/1.2/board.xml as part xcvh1582-vsva3697-2mp-e-s specified in board_part file is either invalid or not available
WARNING: [Board 49-26] cannot add Board Part xilinx.com:vmk180:part0:2.2 available at /tools/Xilinx/2025.1/data/xhub/boards/XilinxBoardStore/boards/Xilinx/vmk180/production/2.2/board.xml as part xcvm1802-vsva2197-2mp-e-s specified in board_part file is either invalid or not available
WARNING: [Board 49-26] cannot add Board Part xilinx.com:vmk180:part0:3.0 available at /tools/Xilinx/2025.1/data/xhub/boards/XilinxBoardStore/boards/Xilinx/vmk180/production/3.0/board.xml as part xcvm1802-vsva2197-2mp-e-s specified in board_part file is either invalid or not available
WARNING: [Board 49-26] cannot add Board Part xilinx.com:vmk180:part0:3.1 available at /tools/Xilinx/2025.1/data/xhub/boards/XilinxBoardStore/boards/Xilinx/vmk180/production/3.1/board.xml as part xcvm1802-vsva2197-2mp-e-s specified in board_part file is either invalid or not available
WARNING: [Board 49-26] cannot add Board Part xilinx.com:vmk180:part0:3.2 available at /tools/Xilinx/2025.1/data/xhub/boards/XilinxBoardStore/boards/Xilinx/vmk180/production/3.2/board.xml as part xcvm1802-vsva2197-2mp-e-s specified in board_part file is either invalid or not available
WARNING: [Board 49-26] cannot add Board Part xilinx.com:vmk180:part0:3.3 available at /tools/Xilinx/2025.1/data/xhub/boards/XilinxBoardStore/boards/Xilinx/vmk180/production/3.3/board.xml as part xcvm1802-vsva2197-2mp-e-s specified in board_part file is either invalid or not available
WARNING: [Board 49-26] cannot add Board Part xilinx.com:vmk180_newl:part0:1.0 available at /tools/Xilinx/2025.1/data/xhub/boards/XilinxBoardStore/boards/Xilinx/vmk180_newl/production/1.0/board.xml as part xcvm1802-vsva2197-2mp-e-s specified in board_part file is either invalid or not available
WARNING: [Board 49-26] cannot add Board Part xilinx.com:vmk180_newl:part0:1.1 available at /tools/Xilinx/2025.1/data/xhub/boards/XilinxBoardStore/boards/Xilinx/vmk180_newl/production/1.1/board.xml as part xcvm1802-vsva2197-2mp-e-s specified in board_part file is either invalid or not available
WARNING: [Board 49-26] cannot add Board Part xilinx.com:vpk120:part0:1.0 available at /tools/Xilinx/2025.1/data/xhub/boards/XilinxBoardStore/boards/Xilinx/vpk120/production/1.0/board.xml as part xcvp1202-vsva2785-2mp-e-s specified in board_part file is either invalid or not available
WARNING: [Board 49-26] cannot add Board Part xilinx.com:vpk120:part0:1.1 available at /tools/Xilinx/2025.1/data/xhub/boards/XilinxBoardStore/boards/Xilinx/vpk120/production/1.1/board.xml as part xcvp1202-vsva2785-2mp-e-s specified in board_part file is either invalid or not available
WARNING: [Board 49-26] cannot add Board Part xilinx.com:vpk120:part0:1.2 available at /tools/Xilinx/2025.1/data/xhub/boards/XilinxBoardStore/boards/Xilinx/vpk120/production/1.2/board.xml as part xcvp1202-vsva2785-2mp-e-s specified in board_part file is either invalid or not available
WARNING: [Board 49-26] cannot add Board Part xilinx.com:vpk180:part0:1.0 available at /tools/Xilinx/2025.1/data/xhub/boards/XilinxBoardStore/boards/Xilinx/vpk180/production/1.0/board.xml as part xcvp1802-lsvc4072-2mp-e-s specified in board_part file is either invalid or not available
WARNING: [Board 49-26] cannot add Board Part xilinx.com:vpk180:part0:1.1 available at /tools/Xilinx/2025.1/data/xhub/boards/XilinxBoardStore/boards/Xilinx/vpk180/production/1.1/board.xml as part xcvp1802-lsvc4072-2mp-e-s specified in board_part file is either invalid or not available
WARNING: [Board 49-26] cannot add Board Part xilinx.com:vpk180:part0:1.2 available at /tools/Xilinx/2025.1/data/xhub/boards/XilinxBoardStore/boards/Xilinx/vpk180/production/1.2/board.xml as part xcvp1802-lsvc4072-2mp-e-s specified in board_part file is either invalid or not available
WARNING: [Board 49-26] cannot add Board Part xilinx.com:zcu208ld:part0:2.0 available at /tools/Xilinx/2025.1/data/xhub/boards/XilinxBoardStore/boards/Xilinx/zcu208ld/production/2.0/board.xml as part xczu58dr-fsvg1517-2-i specified in board_part file is either invalid or not available
WARNING: [Board 49-26] cannot add Board Part xilinx.com:zcu216ld:part0:2.0 available at /tools/Xilinx/2025.1/data/xhub/boards/XilinxBoardStore/boards/Xilinx/zcu216ld/production/2.0/board.xml as part xczu59dr-ffvf1760-2-i specified in board_part file is either invalid or not available
WARNING: [Board 49-26] cannot add Board Part xilinx.com:zcu670ld:part0:1.0 available at /tools/Xilinx/2025.1/data/xhub/boards/XilinxBoardStore/boards/Xilinx/zcu670ld/1.0/board.xml as part xczu57dr-fsve1156-2-i specified in board_part file is either invalid or not available
INFO: [IP_Flow 19-234] Refreshing IP repositories
INFO: [IP_Flow 19-1700] Loaded user IP repository '/home/cathyhu3/s965/pz2/rfsoc/ip_repo/iq_packager_1_0'.
INFO: [IP_Flow 19-795] Syncing license key meta-data
update_compile_order -fileset sources_1
ipx::merge_project_changes hdl_parameters [ipx::current_core]
set_property core_revision 7 [ipx::current_core]
ipx::update_source_project_archive -component [ipx::current_core]
ipx::create_xgui_files [ipx::current_core]
ipx::update_checksums [ipx::current_core]
ipx::check_integrity [ipx::current_core]
WARNING: [IP_Flow 19-11889] HDL Parameter 'C_S01_AXIS_TDATA_WIDTH (C S01 AXIS TDATA WIDTH)': Order is obsolete with XGUI version >= 2.0
WARNING: [IP_Flow 19-11889] HDL Parameter 'C_S00_AXIS_TDATA_WIDTH (C S00 AXIS TDATA WIDTH)': Order is obsolete with XGUI version >= 2.0
WARNING: [IP_Flow 19-11889] HDL Parameter 'C_M00_AXIS_TDATA_WIDTH (C M00 AXIS TDATA WIDTH)': Order is obsolete with XGUI version >= 2.0
WARNING: [IP_Flow 19-11889] HDL Parameter 'C_M00_AXIS_START_COUNT (C M00 AXIS START COUNT)': Order is obsolete with XGUI version >= 2.0
WARNING: [IP_Flow 19-11770] Clock interface 'S01_AXIS_CLK' has no FREQ_HZ parameter.
WARNING: [IP_Flow 19-11770] Clock interface 'S00_AXIS_CLK' has no FREQ_HZ parameter.
WARNING: [IP_Flow 19-11770] Clock interface 'M00_AXIS_CLK' has no FREQ_HZ parameter.
INFO: [IP_Flow 19-2181] Payment is not required for this core.
WARNING: [IP_Flow 19-2187] The Product Guide file is missing.
INFO: [Ipptcl 7-1486] check_integrity: Integrity check passed.
ipx::save_core [ipx::current_core]
ipx::move_temp_component_back -component [ipx::current_core]
close_project -delete
update_ip_catalog -rebuild -repo_path /home/cathyhu3/s965/pz2/rfsoc/ip_repo/iq_packager_1_0
INFO: [IP_Flow 19-725] Reloaded user IP repository '/home/cathyhu3/s965/pz2/rfsoc/ip_repo/iq_packager_1_0'
report_ip_status -name ip_status 
upgrade_ip -vlnv user.org:user:iq_packager:1.0 [get_ips  design_1_iq_packager_0_0] -log ip_upgrade.log
Upgrading '/home/cathyhu3/s965/pz2/rfsoc/lab6_skid/lab6_skid.srcs/sources_1/bd/design_1/design_1.bd'
INFO: [IP_Flow 19-3422] Upgraded design_1_iq_packager_0_0 (iq_packager_v1.0 1.0) from revision 6 to revision 7
Wrote  : </home/cathyhu3/s965/pz2/rfsoc/lab6_skid/lab6_skid.srcs/sources_1/bd/design_1/design_1.bd> 
Wrote  : </home/cathyhu3/s965/pz2/rfsoc/lab6_skid/lab6_skid.srcs/sources_1/bd/design_1/ui/bd_1f5defd0.ui> 
INFO: [Coretcl 2-1525] Wrote upgrade log to '/home/cathyhu3/s965/pz2/rfsoc/lab6_skid/ip_upgrade.log'.
export_ip_user_files -of_objects [get_ips design_1_iq_packager_0_0] -no_script -sync -force -quiet
report_ip_status -name ip_status 
reset_run synth_1
INFO: [Project 1-1161] Replacing file /home/cathyhu3/s965/pz2/rfsoc/lab6_skid/lab6_skid.srcs/utils_1/imports/synth_1/design_1_wrapper.dcp with file /home/cathyhu3/s965/pz2/rfsoc/lab6_skid/lab6_skid.runs/synth_1/design_1_wrapper.dcp
launch_runs impl_1 -to_step write_bitstream -jobs 8
WARNING: [BD 41-1629] Slave segment </zynq_ultra_ps_e_0/SAXIGP2/HP0_LPS_OCM> is excluded from all addressing paths.
WARNING: [BD 41-3281] Instance '/zynq_ultra_ps_e_0' is connected on both sides by SmartConnects and cannot automatically configure itself to match the endpoints. Please manually configure its AXI interfaces as required for the design.
WARNING: [BD 41-3281] Instance '/axi_dma_0' is connected on both sides by SmartConnects and cannot automatically configure itself to match the endpoints. Please manually configure its AXI interfaces as required for the design.
Excluding slave segment /zynq_ultra_ps_e_0/SAXIGP2/HP0_LPS_OCM from address space /axi_dma_0/Data_S2MM.
Excluding slave segment /zynq_ultra_ps_e_0/SAXIGP2/HP0_LPS_OCM from address space /axi_dma_0/Data_S2MM.
Excluding slave segment /zynq_ultra_ps_e_0/SAXIGP2/HP0_LPS_OCM from address space /axi_dma_0/Data_S2MM.
Excluding slave segment /zynq_ultra_ps_e_0/SAXIGP2/HP0_LPS_OCM from address space /axi_dma_0/Data_S2MM.
INFO: [BD 5-943] Reserving offset range <0xA000_0000 [ 64K ]> from slave interface '/axi_smc/S00_AXI' to master interface '/axi_smc/M00_AXI'. This will be used by smartconnect on path for routing.
INFO: [BD 5-943] Reserving offset range <0xA004_0000 [ 256K ]> from slave interface '/axi_smc/S00_AXI' to master interface '/axi_smc/M01_AXI'. This will be used by smartconnect on path for routing.
INFO: [xilinx.com:ip:smartconnect:1.0-1] design_1_axi_smc_0: SmartConnect design_1_axi_smc_0 is in Low-Area Mode.
INFO: [BD 5-943] Reserving offset range <0x0000_0000 [ 2G ]> from slave interface '/axi_smc_1/S00_AXI' to master interface '/axi_smc_1/M00_AXI'. This will be used by smartconnect on path for routing.
INFO: [xilinx.com:ip:smartconnect:1.0-1] design_1_axi_smc_1_0: SmartConnect design_1_axi_smc_1_0 is in High-performance Mode.
Excluding slave segment /zynq_ultra_ps_e_0/SAXIGP2/HP0_LPS_OCM from address space /axi_dma_0/Data_S2MM.
Excluding slave segment /zynq_ultra_ps_e_0/SAXIGP2/HP0_LPS_OCM from address space /axi_dma_0/Data_S2MM.
INFO: [xilinx.com:ip:clk_wiz:6.0-1] /clk_wiz_0 clk_wiz propagate
WARNING: [BD 41-237] Bus Interface property AWUSER_WIDTH does not match between /zynq_ultra_ps_e_0/S_AXI_HP0_FPD(1) and /axi_smc_1/M00_AXI(0)
WARNING: [BD 41-237] Bus Interface property ARUSER_WIDTH does not match between /zynq_ultra_ps_e_0/S_AXI_HP0_FPD(1) and /axi_smc_1/M00_AXI(0)
WARNING: [BD 41-2671] The dangling interface net <m00_aw_node_M_AXIS_ARB> will not be written out to the BD file.
WARNING: [BD 41-2671] The dangling interface net <m01_aw_node_M_AXIS_ARB> will not be written out to the BD file.
Wrote  : </home/cathyhu3/s965/pz2/rfsoc/lab6_skid/lab6_skid.srcs/sources_1/bd/design_1/design_1.bd> 
Verilog Output written to : /home/cathyhu3/s965/pz2/rfsoc/lab6_skid/lab6_skid.gen/sources_1/bd/design_1/synth/design_1.v
Verilog Output written to : /home/cathyhu3/s965/pz2/rfsoc/lab6_skid/lab6_skid.gen/sources_1/bd/design_1/sim/design_1.v
Verilog Output written to : /home/cathyhu3/s965/pz2/rfsoc/lab6_skid/lab6_skid.gen/sources_1/bd/design_1/hdl/design_1_wrapper.v
INFO: [BD 41-1029] Generation completed for the IP Integrator block iq_packager_0 .
Exporting to file /home/cathyhu3/s965/pz2/rfsoc/lab6_skid/lab6_skid.gen/sources_1/bd/design_1/ip/design_1_axi_smc_0/bd_0/hw_handoff/design_1_axi_smc_0.hwh
Generated Hardware Definition File /home/cathyhu3/s965/pz2/rfsoc/lab6_skid/lab6_skid.gen/sources_1/bd/design_1/ip/design_1_axi_smc_0/bd_0/synth/design_1_axi_smc_0.hwdef
INFO: [BD 41-1029] Generation completed for the IP Integrator block axi_smc .
Exporting to file /home/cathyhu3/s965/pz2/rfsoc/lab6_skid/lab6_skid.gen/sources_1/bd/design_1/ip/design_1_axi_smc_1_0/bd_0/hw_handoff/design_1_axi_smc_1_0.hwh
Generated Hardware Definition File /home/cathyhu3/s965/pz2/rfsoc/lab6_skid/lab6_skid.gen/sources_1/bd/design_1/ip/design_1_axi_smc_1_0/bd_0/synth/design_1_axi_smc_1_0.hwdef
INFO: [BD 41-1029] Generation completed for the IP Integrator block axi_smc_1 .
Exporting to file /home/cathyhu3/s965/pz2/rfsoc/lab6_skid/lab6_skid.gen/sources_1/bd/design_1/hw_handoff/design_1.hwh
Generated Hardware Definition File /home/cathyhu3/s965/pz2/rfsoc/lab6_skid/lab6_skid.gen/sources_1/bd/design_1/synth/design_1.hwdef
INFO: [IP_Flow 19-4993] Using cached IP synthesis design for IP design_1_axi_smc_0, cache-ID = bb136323144d6483; cache size = 39.475 MB.
INFO: [IP_Flow 19-4993] Using cached IP synthesis design for IP design_1_axi_smc_1_0, cache-ID = b18ad00fb7007875; cache size = 39.475 MB.
[Fri Oct 17 15:45:32 2025] Launched design_1_iq_packager_0_0_synth_1, synth_1...
Run output will be captured here:
design_1_iq_packager_0_0_synth_1: /home/cathyhu3/s965/pz2/rfsoc/lab6_skid/lab6_skid.runs/design_1_iq_packager_0_0_synth_1/runme.log
synth_1: /home/cathyhu3/s965/pz2/rfsoc/lab6_skid/lab6_skid.runs/synth_1/runme.log
[Fri Oct 17 15:45:32 2025] Launched impl_1...
Run output will be captured here: /home/cathyhu3/s965/pz2/rfsoc/lab6_skid/lab6_skid.runs/impl_1/runme.log
launch_runs: Time (s): cpu = 00:00:18 ; elapsed = 00:00:19 . Memory (MB): peak = 16193.023 ; gain = 148.898 ; free physical = 16482 ; free virtual = 28395
report_ip_status -name ip_status 
ipx::edit_ip_in_project -upgrade true -name iq_packager_v1_0_project -directory /home/cathyhu3/s965/pz2/rfsoc/lab6_skid/lab6_skid.tmp/iq_packager_v1_0_project /home/cathyhu3/s965/pz2/rfsoc/ip_repo/iq_packager_1_0/component.xml
INFO: [IP_Flow 19-234] Refreshing IP repositories
INFO: [IP_Flow 19-1704] No user IP repositories specified
INFO: [IP_Flow 19-2313] Loaded Vivado IP repository '/tools/Xilinx/2025.1/Vivado/data/ip'.
WARNING: [Board 49-26] cannot add Board Part xilinx.com:emb-plus-vpr-4616:part0:1.0 available at /tools/Xilinx/2025.1/data/xhub/boards/XilinxBoardStore/boards/Xilinx/emb-plus-vpr-4616/1.0/board.xml as part xcve2302-sfva784-2mp-e-s specified in board_part file is either invalid or not available
WARNING: [Board 49-26] cannot add Board Part xilinx.com:emb-plus-vpr-4616:part0:1.1 available at /tools/Xilinx/2025.1/data/xhub/boards/XilinxBoardStore/boards/Xilinx/emb-plus-vpr-4616/1.1/board.xml as part xcve2302-sfva784-2mp-e-s specified in board_part file is either invalid or not available
WARNING: [Board 49-26] cannot add Board Part xilinx.com:v80:part0:1.0 available at /tools/Xilinx/2025.1/data/xhub/boards/XilinxBoardStore/boards/Xilinx/v80/1.0/board.xml as part xcv80-lsva4737-2mhp-e-s specified in board_part file is either invalid or not available
WARNING: [Board 49-26] cannot add Board Part xilinx.com:vck190:part0:2.2 available at /tools/Xilinx/2025.1/data/xhub/boards/XilinxBoardStore/boards/Xilinx/vck190/production/2.2/board.xml as part xcvc1902-vsva2197-2mp-e-s specified in board_part file is either invalid or not available
WARNING: [Board 49-26] cannot add Board Part xilinx.com:vck190:part0:3.0 available at /tools/Xilinx/2025.1/data/xhub/boards/XilinxBoardStore/boards/Xilinx/vck190/production/3.0/board.xml as part xcvc1902-vsva2197-2mp-e-s specified in board_part file is either invalid or not available
WARNING: [Board 49-26] cannot add Board Part xilinx.com:vck190:part0:3.1 available at /tools/Xilinx/2025.1/data/xhub/boards/XilinxBoardStore/boards/Xilinx/vck190/production/3.1/board.xml as part xcvc1902-vsva2197-2mp-e-s specified in board_part file is either invalid or not available
WARNING: [Board 49-26] cannot add Board Part xilinx.com:vck190:part0:3.2 available at /tools/Xilinx/2025.1/data/xhub/boards/XilinxBoardStore/boards/Xilinx/vck190/production/3.2/board.xml as part xcvc1902-vsva2197-2mp-e-s specified in board_part file is either invalid or not available
WARNING: [Board 49-26] cannot add Board Part xilinx.com:vck190:part0:3.3 available at /tools/Xilinx/2025.1/data/xhub/boards/XilinxBoardStore/boards/Xilinx/vck190/production/3.3/board.xml as part xcvc1902-vsva2197-2mp-e-s specified in board_part file is either invalid or not available
WARNING: [Board 49-26] cannot add Board Part xilinx.com:vck190:part0:3.4 available at /tools/Xilinx/2025.1/data/xhub/boards/XilinxBoardStore/boards/Xilinx/vck190/production/3.4/board.xml as part xcvc1902-vsva2197-2mp-e-s specified in board_part file is either invalid or not available
WARNING: [Board 49-26] cannot add Board Part xilinx.com:vck190_newl:part0:1.0 available at /tools/Xilinx/2025.1/data/xhub/boards/XilinxBoardStore/boards/Xilinx/vck190_newl/production/1.0/board.xml as part xcvc1902-vsva2197-2mp-e-s specified in board_part file is either invalid or not available
WARNING: [Board 49-26] cannot add Board Part xilinx.com:vck190_newl:part0:1.1 available at /tools/Xilinx/2025.1/data/xhub/boards/XilinxBoardStore/boards/Xilinx/vck190_newl/production/1.1/board.xml as part xcvc1902-vsva2197-2mp-e-s specified in board_part file is either invalid or not available
WARNING: [Board 49-26] cannot add Board Part xilinx.com:vck190_newl:part0:1.2 available at /tools/Xilinx/2025.1/data/xhub/boards/XilinxBoardStore/boards/Xilinx/vck190_newl/production/1.2/board.xml as part xcvc1902-vsva2197-2mp-e-s specified in board_part file is either invalid or not available
WARNING: [Board 49-26] cannot add Board Part xilinx.com:vck190_newl:part0:1.3 available at /tools/Xilinx/2025.1/data/xhub/boards/XilinxBoardStore/boards/Xilinx/vck190_newl/production/1.3/board.xml as part xcvc1902-vsva2197-2mp-e-s specified in board_part file is either invalid or not available
WARNING: [Board 49-26] cannot add Board Part xilinx.com:vek280:part0:1.0 available at /tools/Xilinx/2025.1/data/xhub/boards/XilinxBoardStore/boards/Xilinx/vek280/production/1.0/board.xml as part xcve2802-vsvh1760-2mp-e-s specified in board_part file is either invalid or not available
WARNING: [Board 49-26] cannot add Board Part xilinx.com:vek280:part0:1.1 available at /tools/Xilinx/2025.1/data/xhub/boards/XilinxBoardStore/boards/Xilinx/vek280/production/1.1/board.xml as part xcve2802-vsvh1760-2mp-e-s specified in board_part file is either invalid or not available
WARNING: [Board 49-26] cannot add Board Part xilinx.com:vek280:part0:1.2 available at /tools/Xilinx/2025.1/data/xhub/boards/XilinxBoardStore/boards/Xilinx/vek280/production/1.2/board.xml as part xcve2802-vsvh1760-2mp-e-s specified in board_part file is either invalid or not available
WARNING: [Board 49-26] cannot add Board Part xilinx.com:vek385:part0:1.0 available at /tools/Xilinx/2025.1/data/xhub/boards/XilinxBoardStore/boards/Xilinx/vek385/1.0/board.xml as part xc2ve3858-ssva2112-2mp-e-s specified in board_part file is either invalid or not available
WARNING: [Board 49-26] cannot add Board Part xilinx.com:vhk158:part0:1.0 available at /tools/Xilinx/2025.1/data/xhub/boards/XilinxBoardStore/boards/Xilinx/vhk158/production/1.0/board.xml as part xcvh1582-vsva3697-2mp-e-s specified in board_part file is either invalid or not available
WARNING: [Board 49-26] cannot add Board Part xilinx.com:vhk158:part0:1.1 available at /tools/Xilinx/2025.1/data/xhub/boards/XilinxBoardStore/boards/Xilinx/vhk158/production/1.1/board.xml as part xcvh1582-vsva3697-2mp-e-s specified in board_part file is either invalid or not available
WARNING: [Board 49-26] cannot add Board Part xilinx.com:vhk158:part0:1.2 available at /tools/Xilinx/2025.1/data/xhub/boards/XilinxBoardStore/boards/Xilinx/vhk158/production/1.2/board.xml as part xcvh1582-vsva3697-2mp-e-s specified in board_part file is either invalid or not available
WARNING: [Board 49-26] cannot add Board Part xilinx.com:vmk180:part0:2.2 available at /tools/Xilinx/2025.1/data/xhub/boards/XilinxBoardStore/boards/Xilinx/vmk180/production/2.2/board.xml as part xcvm1802-vsva2197-2mp-e-s specified in board_part file is either invalid or not available
WARNING: [Board 49-26] cannot add Board Part xilinx.com:vmk180:part0:3.0 available at /tools/Xilinx/2025.1/data/xhub/boards/XilinxBoardStore/boards/Xilinx/vmk180/production/3.0/board.xml as part xcvm1802-vsva2197-2mp-e-s specified in board_part file is either invalid or not available
WARNING: [Board 49-26] cannot add Board Part xilinx.com:vmk180:part0:3.1 available at /tools/Xilinx/2025.1/data/xhub/boards/XilinxBoardStore/boards/Xilinx/vmk180/production/3.1/board.xml as part xcvm1802-vsva2197-2mp-e-s specified in board_part file is either invalid or not available
WARNING: [Board 49-26] cannot add Board Part xilinx.com:vmk180:part0:3.2 available at /tools/Xilinx/2025.1/data/xhub/boards/XilinxBoardStore/boards/Xilinx/vmk180/production/3.2/board.xml as part xcvm1802-vsva2197-2mp-e-s specified in board_part file is either invalid or not available
WARNING: [Board 49-26] cannot add Board Part xilinx.com:vmk180:part0:3.3 available at /tools/Xilinx/2025.1/data/xhub/boards/XilinxBoardStore/boards/Xilinx/vmk180/production/3.3/board.xml as part xcvm1802-vsva2197-2mp-e-s specified in board_part file is either invalid or not available
WARNING: [Board 49-26] cannot add Board Part xilinx.com:vmk180_newl:part0:1.0 available at /tools/Xilinx/2025.1/data/xhub/boards/XilinxBoardStore/boards/Xilinx/vmk180_newl/production/1.0/board.xml as part xcvm1802-vsva2197-2mp-e-s specified in board_part file is either invalid or not available
WARNING: [Board 49-26] cannot add Board Part xilinx.com:vmk180_newl:part0:1.1 available at /tools/Xilinx/2025.1/data/xhub/boards/XilinxBoardStore/boards/Xilinx/vmk180_newl/production/1.1/board.xml as part xcvm1802-vsva2197-2mp-e-s specified in board_part file is either invalid or not available
WARNING: [Board 49-26] cannot add Board Part xilinx.com:vpk120:part0:1.0 available at /tools/Xilinx/2025.1/data/xhub/boards/XilinxBoardStore/boards/Xilinx/vpk120/production/1.0/board.xml as part xcvp1202-vsva2785-2mp-e-s specified in board_part file is either invalid or not available
WARNING: [Board 49-26] cannot add Board Part xilinx.com:vpk120:part0:1.1 available at /tools/Xilinx/2025.1/data/xhub/boards/XilinxBoardStore/boards/Xilinx/vpk120/production/1.1/board.xml as part xcvp1202-vsva2785-2mp-e-s specified in board_part file is either invalid or not available
WARNING: [Board 49-26] cannot add Board Part xilinx.com:vpk120:part0:1.2 available at /tools/Xilinx/2025.1/data/xhub/boards/XilinxBoardStore/boards/Xilinx/vpk120/production/1.2/board.xml as part xcvp1202-vsva2785-2mp-e-s specified in board_part file is either invalid or not available
WARNING: [Board 49-26] cannot add Board Part xilinx.com:vpk180:part0:1.0 available at /tools/Xilinx/2025.1/data/xhub/boards/XilinxBoardStore/boards/Xilinx/vpk180/production/1.0/board.xml as part xcvp1802-lsvc4072-2mp-e-s specified in board_part file is either invalid or not available
WARNING: [Board 49-26] cannot add Board Part xilinx.com:vpk180:part0:1.1 available at /tools/Xilinx/2025.1/data/xhub/boards/XilinxBoardStore/boards/Xilinx/vpk180/production/1.1/board.xml as part xcvp1802-lsvc4072-2mp-e-s specified in board_part file is either invalid or not available
WARNING: [Board 49-26] cannot add Board Part xilinx.com:vpk180:part0:1.2 available at /tools/Xilinx/2025.1/data/xhub/boards/XilinxBoardStore/boards/Xilinx/vpk180/production/1.2/board.xml as part xcvp1802-lsvc4072-2mp-e-s specified in board_part file is either invalid or not available
WARNING: [Board 49-26] cannot add Board Part xilinx.com:zcu208ld:part0:2.0 available at /tools/Xilinx/2025.1/data/xhub/boards/XilinxBoardStore/boards/Xilinx/zcu208ld/production/2.0/board.xml as part xczu58dr-fsvg1517-2-i specified in board_part file is either invalid or not available
WARNING: [Board 49-26] cannot add Board Part xilinx.com:zcu216ld:part0:2.0 available at /tools/Xilinx/2025.1/data/xhub/boards/XilinxBoardStore/boards/Xilinx/zcu216ld/production/2.0/board.xml as part xczu59dr-ffvf1760-2-i specified in board_part file is either invalid or not available
WARNING: [Board 49-26] cannot add Board Part xilinx.com:zcu670ld:part0:1.0 available at /tools/Xilinx/2025.1/data/xhub/boards/XilinxBoardStore/boards/Xilinx/zcu670ld/1.0/board.xml as part xczu57dr-fsve1156-2-i specified in board_part file is either invalid or not available
INFO: [IP_Flow 19-234] Refreshing IP repositories
INFO: [IP_Flow 19-1700] Loaded user IP repository '/home/cathyhu3/s965/pz2/rfsoc/ip_repo/iq_packager_1_0'.
INFO: [IP_Flow 19-795] Syncing license key meta-data
update_compile_order -fileset sources_1
ipx::merge_project_changes hdl_parameters [ipx::current_core]
set_property core_revision 8 [ipx::current_core]
ipx::update_source_project_archive -component [ipx::current_core]
ipx::create_xgui_files [ipx::current_core]
ipx::update_checksums [ipx::current_core]
ipx::check_integrity [ipx::current_core]
WARNING: [IP_Flow 19-11889] HDL Parameter 'C_S01_AXIS_TDATA_WIDTH (C S01 AXIS TDATA WIDTH)': Order is obsolete with XGUI version >= 2.0
WARNING: [IP_Flow 19-11889] HDL Parameter 'C_S00_AXIS_TDATA_WIDTH (C S00 AXIS TDATA WIDTH)': Order is obsolete with XGUI version >= 2.0
WARNING: [IP_Flow 19-11889] HDL Parameter 'C_M00_AXIS_TDATA_WIDTH (C M00 AXIS TDATA WIDTH)': Order is obsolete with XGUI version >= 2.0
WARNING: [IP_Flow 19-11889] HDL Parameter 'C_M00_AXIS_START_COUNT (C M00 AXIS START COUNT)': Order is obsolete with XGUI version >= 2.0
WARNING: [IP_Flow 19-11770] Clock interface 'S01_AXIS_CLK' has no FREQ_HZ parameter.
WARNING: [IP_Flow 19-11770] Clock interface 'S00_AXIS_CLK' has no FREQ_HZ parameter.
WARNING: [IP_Flow 19-11770] Clock interface 'M00_AXIS_CLK' has no FREQ_HZ parameter.
INFO: [IP_Flow 19-2181] Payment is not required for this core.
WARNING: [IP_Flow 19-2187] The Product Guide file is missing.
INFO: [Ipptcl 7-1486] check_integrity: Integrity check passed.
ipx::save_core [ipx::current_core]
ipx::move_temp_component_back -component [ipx::current_core]
close_project -delete
update_ip_catalog -rebuild -repo_path /home/cathyhu3/s965/pz2/rfsoc/ip_repo/iq_packager_1_0
INFO: [IP_Flow 19-725] Reloaded user IP repository '/home/cathyhu3/s965/pz2/rfsoc/ip_repo/iq_packager_1_0'
report_ip_status -name ip_status 
upgrade_ip -vlnv user.org:user:iq_packager:1.0 [get_ips  design_1_iq_packager_0_0] -log ip_upgrade.log
Upgrading '/home/cathyhu3/s965/pz2/rfsoc/lab6_skid/lab6_skid.srcs/sources_1/bd/design_1/design_1.bd'
INFO: [IP_Flow 19-3422] Upgraded design_1_iq_packager_0_0 (iq_packager_v1.0 1.0) from revision 7 to revision 8
Wrote  : </home/cathyhu3/s965/pz2/rfsoc/lab6_skid/lab6_skid.srcs/sources_1/bd/design_1/design_1.bd> 
Wrote  : </home/cathyhu3/s965/pz2/rfsoc/lab6_skid/lab6_skid.srcs/sources_1/bd/design_1/ui/bd_1f5defd0.ui> 
INFO: [Coretcl 2-1525] Wrote upgrade log to '/home/cathyhu3/s965/pz2/rfsoc/lab6_skid/ip_upgrade.log'.
export_ip_user_files -of_objects [get_ips design_1_iq_packager_0_0] -no_script -sync -force -quiet
generate_target all [get_files  /home/cathyhu3/s965/pz2/rfsoc/lab6_skid/lab6_skid.srcs/sources_1/bd/design_1/design_1.bd]
WARNING: [BD 41-1629] Slave segment </zynq_ultra_ps_e_0/SAXIGP2/HP0_LPS_OCM> is excluded from all addressing paths.
WARNING: [BD 41-3281] Instance '/zynq_ultra_ps_e_0' is connected on both sides by SmartConnects and cannot automatically configure itself to match the endpoints. Please manually configure its AXI interfaces as required for the design.
WARNING: [BD 41-3281] Instance '/axi_dma_0' is connected on both sides by SmartConnects and cannot automatically configure itself to match the endpoints. Please manually configure its AXI interfaces as required for the design.
Excluding slave segment /zynq_ultra_ps_e_0/SAXIGP2/HP0_LPS_OCM from address space /axi_dma_0/Data_S2MM.
Excluding slave segment /zynq_ultra_ps_e_0/SAXIGP2/HP0_LPS_OCM from address space /axi_dma_0/Data_S2MM.
Excluding slave segment /zynq_ultra_ps_e_0/SAXIGP2/HP0_LPS_OCM from address space /axi_dma_0/Data_S2MM.
Excluding slave segment /zynq_ultra_ps_e_0/SAXIGP2/HP0_LPS_OCM from address space /axi_dma_0/Data_S2MM.
INFO: [BD 5-943] Reserving offset range <0xA000_0000 [ 64K ]> from slave interface '/axi_smc/S00_AXI' to master interface '/axi_smc/M00_AXI'. This will be used by smartconnect on path for routing.
INFO: [BD 5-943] Reserving offset range <0xA004_0000 [ 256K ]> from slave interface '/axi_smc/S00_AXI' to master interface '/axi_smc/M01_AXI'. This will be used by smartconnect on path for routing.
INFO: [xilinx.com:ip:smartconnect:1.0-1] design_1_axi_smc_0: SmartConnect design_1_axi_smc_0 is in Low-Area Mode.
INFO: [BD 5-943] Reserving offset range <0x0000_0000 [ 2G ]> from slave interface '/axi_smc_1/S00_AXI' to master interface '/axi_smc_1/M00_AXI'. This will be used by smartconnect on path for routing.
INFO: [xilinx.com:ip:smartconnect:1.0-1] design_1_axi_smc_1_0: SmartConnect design_1_axi_smc_1_0 is in High-performance Mode.
Excluding slave segment /zynq_ultra_ps_e_0/SAXIGP2/HP0_LPS_OCM from address space /axi_dma_0/Data_S2MM.
Excluding slave segment /zynq_ultra_ps_e_0/SAXIGP2/HP0_LPS_OCM from address space /axi_dma_0/Data_S2MM.
INFO: [xilinx.com:ip:clk_wiz:6.0-1] /clk_wiz_0 clk_wiz propagate
WARNING: [BD 41-237] Bus Interface property AWUSER_WIDTH does not match between /zynq_ultra_ps_e_0/S_AXI_HP0_FPD(1) and /axi_smc_1/M00_AXI(0)
WARNING: [BD 41-237] Bus Interface property ARUSER_WIDTH does not match between /zynq_ultra_ps_e_0/S_AXI_HP0_FPD(1) and /axi_smc_1/M00_AXI(0)
WARNING: [BD 41-2671] The dangling interface net <m00_aw_node_M_AXIS_ARB> will not be written out to the BD file.
WARNING: [BD 41-2671] The dangling interface net <m01_aw_node_M_AXIS_ARB> will not be written out to the BD file.
Wrote  : </home/cathyhu3/s965/pz2/rfsoc/lab6_skid/lab6_skid.srcs/sources_1/bd/design_1/design_1.bd> 
Verilog Output written to : /home/cathyhu3/s965/pz2/rfsoc/lab6_skid/lab6_skid.gen/sources_1/bd/design_1/synth/design_1.v
Verilog Output written to : /home/cathyhu3/s965/pz2/rfsoc/lab6_skid/lab6_skid.gen/sources_1/bd/design_1/sim/design_1.v
Verilog Output written to : /home/cathyhu3/s965/pz2/rfsoc/lab6_skid/lab6_skid.gen/sources_1/bd/design_1/hdl/design_1_wrapper.v
INFO: [BD 41-1029] Generation completed for the IP Integrator block iq_packager_0 .
Exporting to file /home/cathyhu3/s965/pz2/rfsoc/lab6_skid/lab6_skid.gen/sources_1/bd/design_1/ip/design_1_axi_smc_0/bd_0/hw_handoff/design_1_axi_smc_0.hwh
Generated Hardware Definition File /home/cathyhu3/s965/pz2/rfsoc/lab6_skid/lab6_skid.gen/sources_1/bd/design_1/ip/design_1_axi_smc_0/bd_0/synth/design_1_axi_smc_0.hwdef
INFO: [BD 41-1029] Generation completed for the IP Integrator block axi_smc .
Exporting to file /home/cathyhu3/s965/pz2/rfsoc/lab6_skid/lab6_skid.gen/sources_1/bd/design_1/ip/design_1_axi_smc_1_0/bd_0/hw_handoff/design_1_axi_smc_1_0.hwh
Generated Hardware Definition File /home/cathyhu3/s965/pz2/rfsoc/lab6_skid/lab6_skid.gen/sources_1/bd/design_1/ip/design_1_axi_smc_1_0/bd_0/synth/design_1_axi_smc_1_0.hwdef
INFO: [BD 41-1029] Generation completed for the IP Integrator block axi_smc_1 .
Exporting to file /home/cathyhu3/s965/pz2/rfsoc/lab6_skid/lab6_skid.gen/sources_1/bd/design_1/hw_handoff/design_1.hwh
Generated Hardware Definition File /home/cathyhu3/s965/pz2/rfsoc/lab6_skid/lab6_skid.gen/sources_1/bd/design_1/synth/design_1.hwdef
generate_target: Time (s): cpu = 00:00:14 ; elapsed = 00:00:14 . Memory (MB): peak = 16322.125 ; gain = 0.000 ; free physical = 16399 ; free virtual = 28378
catch { config_ip_cache -export [get_ips -all design_1_iq_packager_0_0] }
catch { config_ip_cache -export [get_ips -all design_1_axi_smc_0] }
INFO: [IP_Flow 19-4993] Using cached IP synthesis design for IP design_1_axi_smc_0, cache-ID = bb136323144d6483; cache size = 39.589 MB.
catch { config_ip_cache -export [get_ips -all design_1_axi_smc_1_0] }
INFO: [IP_Flow 19-4993] Using cached IP synthesis design for IP design_1_axi_smc_1_0, cache-ID = b18ad00fb7007875; cache size = 39.589 MB.
export_ip_user_files -of_objects [get_files /home/cathyhu3/s965/pz2/rfsoc/lab6_skid/lab6_skid.srcs/sources_1/bd/design_1/design_1.bd] -no_script -sync -force -quiet
create_ip_run [get_files -of_objects [get_fileset sources_1] /home/cathyhu3/s965/pz2/rfsoc/lab6_skid/lab6_skid.srcs/sources_1/bd/design_1/design_1.bd]
launch_runs design_1_iq_packager_0_0_synth_1 -jobs 8
[Fri Oct 17 15:56:00 2025] Launched design_1_iq_packager_0_0_synth_1...
Run output will be captured here: /home/cathyhu3/s965/pz2/rfsoc/lab6_skid/lab6_skid.runs/design_1_iq_packager_0_0_synth_1/runme.log
export_simulation -lib_map_path [list {modelsim=/home/cathyhu3/s965/pz2/rfsoc/lab6_skid/lab6_skid.cache/compile_simlib/modelsim} {questa=/home/cathyhu3/s965/pz2/rfsoc/lab6_skid/lab6_skid.cache/compile_simlib/questa} {xcelium=/home/cathyhu3/s965/pz2/rfsoc/lab6_skid/lab6_skid.cache/compile_simlib/xcelium} {vcs=/home/cathyhu3/s965/pz2/rfsoc/lab6_skid/lab6_skid.cache/compile_simlib/vcs} {riviera=/home/cathyhu3/s965/pz2/rfsoc/lab6_skid/lab6_skid.cache/compile_simlib/riviera}] -of_objects [get_files /home/cathyhu3/s965/pz2/rfsoc/lab6_skid/lab6_skid.srcs/sources_1/bd/design_1/design_1.bd] -directory /home/cathyhu3/s965/pz2/rfsoc/lab6_skid/lab6_skid.ip_user_files/sim_scripts -ip_user_files_dir /home/cathyhu3/s965/pz2/rfsoc/lab6_skid/lab6_skid.ip_user_files -ipstatic_source_dir /home/cathyhu3/s965/pz2/rfsoc/lab6_skid/lab6_skid.ip_user_files/ipstatic -use_ip_compiled_libs -force -quiet
report_ip_status -name ip_status 
ipx::edit_ip_in_project -upgrade true -name iq_packager_v1_0_project -directory /home/cathyhu3/s965/pz2/rfsoc/lab6_skid/lab6_skid.tmp/iq_packager_v1_0_project /home/cathyhu3/s965/pz2/rfsoc/ip_repo/iq_packager_1_0/component.xml
INFO: [IP_Flow 19-234] Refreshing IP repositories
INFO: [IP_Flow 19-1704] No user IP repositories specified
INFO: [IP_Flow 19-2313] Loaded Vivado IP repository '/tools/Xilinx/2025.1/Vivado/data/ip'.
WARNING: [Board 49-26] cannot add Board Part xilinx.com:emb-plus-vpr-4616:part0:1.0 available at /tools/Xilinx/2025.1/data/xhub/boards/XilinxBoardStore/boards/Xilinx/emb-plus-vpr-4616/1.0/board.xml as part xcve2302-sfva784-2mp-e-s specified in board_part file is either invalid or not available
WARNING: [Board 49-26] cannot add Board Part xilinx.com:emb-plus-vpr-4616:part0:1.1 available at /tools/Xilinx/2025.1/data/xhub/boards/XilinxBoardStore/boards/Xilinx/emb-plus-vpr-4616/1.1/board.xml as part xcve2302-sfva784-2mp-e-s specified in board_part file is either invalid or not available
WARNING: [Board 49-26] cannot add Board Part xilinx.com:v80:part0:1.0 available at /tools/Xilinx/2025.1/data/xhub/boards/XilinxBoardStore/boards/Xilinx/v80/1.0/board.xml as part xcv80-lsva4737-2mhp-e-s specified in board_part file is either invalid or not available
WARNING: [Board 49-26] cannot add Board Part xilinx.com:vck190:part0:2.2 available at /tools/Xilinx/2025.1/data/xhub/boards/XilinxBoardStore/boards/Xilinx/vck190/production/2.2/board.xml as part xcvc1902-vsva2197-2mp-e-s specified in board_part file is either invalid or not available
WARNING: [Board 49-26] cannot add Board Part xilinx.com:vck190:part0:3.0 available at /tools/Xilinx/2025.1/data/xhub/boards/XilinxBoardStore/boards/Xilinx/vck190/production/3.0/board.xml as part xcvc1902-vsva2197-2mp-e-s specified in board_part file is either invalid or not available
WARNING: [Board 49-26] cannot add Board Part xilinx.com:vck190:part0:3.1 available at /tools/Xilinx/2025.1/data/xhub/boards/XilinxBoardStore/boards/Xilinx/vck190/production/3.1/board.xml as part xcvc1902-vsva2197-2mp-e-s specified in board_part file is either invalid or not available
WARNING: [Board 49-26] cannot add Board Part xilinx.com:vck190:part0:3.2 available at /tools/Xilinx/2025.1/data/xhub/boards/XilinxBoardStore/boards/Xilinx/vck190/production/3.2/board.xml as part xcvc1902-vsva2197-2mp-e-s specified in board_part file is either invalid or not available
WARNING: [Board 49-26] cannot add Board Part xilinx.com:vck190:part0:3.3 available at /tools/Xilinx/2025.1/data/xhub/boards/XilinxBoardStore/boards/Xilinx/vck190/production/3.3/board.xml as part xcvc1902-vsva2197-2mp-e-s specified in board_part file is either invalid or not available
WARNING: [Board 49-26] cannot add Board Part xilinx.com:vck190:part0:3.4 available at /tools/Xilinx/2025.1/data/xhub/boards/XilinxBoardStore/boards/Xilinx/vck190/production/3.4/board.xml as part xcvc1902-vsva2197-2mp-e-s specified in board_part file is either invalid or not available
WARNING: [Board 49-26] cannot add Board Part xilinx.com:vck190_newl:part0:1.0 available at /tools/Xilinx/2025.1/data/xhub/boards/XilinxBoardStore/boards/Xilinx/vck190_newl/production/1.0/board.xml as part xcvc1902-vsva2197-2mp-e-s specified in board_part file is either invalid or not available
WARNING: [Board 49-26] cannot add Board Part xilinx.com:vck190_newl:part0:1.1 available at /tools/Xilinx/2025.1/data/xhub/boards/XilinxBoardStore/boards/Xilinx/vck190_newl/production/1.1/board.xml as part xcvc1902-vsva2197-2mp-e-s specified in board_part file is either invalid or not available
WARNING: [Board 49-26] cannot add Board Part xilinx.com:vck190_newl:part0:1.2 available at /tools/Xilinx/2025.1/data/xhub/boards/XilinxBoardStore/boards/Xilinx/vck190_newl/production/1.2/board.xml as part xcvc1902-vsva2197-2mp-e-s specified in board_part file is either invalid or not available
WARNING: [Board 49-26] cannot add Board Part xilinx.com:vck190_newl:part0:1.3 available at /tools/Xilinx/2025.1/data/xhub/boards/XilinxBoardStore/boards/Xilinx/vck190_newl/production/1.3/board.xml as part xcvc1902-vsva2197-2mp-e-s specified in board_part file is either invalid or not available
WARNING: [Board 49-26] cannot add Board Part xilinx.com:vek280:part0:1.0 available at /tools/Xilinx/2025.1/data/xhub/boards/XilinxBoardStore/boards/Xilinx/vek280/production/1.0/board.xml as part xcve2802-vsvh1760-2mp-e-s specified in board_part file is either invalid or not available
WARNING: [Board 49-26] cannot add Board Part xilinx.com:vek280:part0:1.1 available at /tools/Xilinx/2025.1/data/xhub/boards/XilinxBoardStore/boards/Xilinx/vek280/production/1.1/board.xml as part xcve2802-vsvh1760-2mp-e-s specified in board_part file is either invalid or not available
WARNING: [Board 49-26] cannot add Board Part xilinx.com:vek280:part0:1.2 available at /tools/Xilinx/2025.1/data/xhub/boards/XilinxBoardStore/boards/Xilinx/vek280/production/1.2/board.xml as part xcve2802-vsvh1760-2mp-e-s specified in board_part file is either invalid or not available
WARNING: [Board 49-26] cannot add Board Part xilinx.com:vek385:part0:1.0 available at /tools/Xilinx/2025.1/data/xhub/boards/XilinxBoardStore/boards/Xilinx/vek385/1.0/board.xml as part xc2ve3858-ssva2112-2mp-e-s specified in board_part file is either invalid or not available
WARNING: [Board 49-26] cannot add Board Part xilinx.com:vhk158:part0:1.0 available at /tools/Xilinx/2025.1/data/xhub/boards/XilinxBoardStore/boards/Xilinx/vhk158/production/1.0/board.xml as part xcvh1582-vsva3697-2mp-e-s specified in board_part file is either invalid or not available
WARNING: [Board 49-26] cannot add Board Part xilinx.com:vhk158:part0:1.1 available at /tools/Xilinx/2025.1/data/xhub/boards/XilinxBoardStore/boards/Xilinx/vhk158/production/1.1/board.xml as part xcvh1582-vsva3697-2mp-e-s specified in board_part file is either invalid or not available
WARNING: [Board 49-26] cannot add Board Part xilinx.com:vhk158:part0:1.2 available at /tools/Xilinx/2025.1/data/xhub/boards/XilinxBoardStore/boards/Xilinx/vhk158/production/1.2/board.xml as part xcvh1582-vsva3697-2mp-e-s specified in board_part file is either invalid or not available
WARNING: [Board 49-26] cannot add Board Part xilinx.com:vmk180:part0:2.2 available at /tools/Xilinx/2025.1/data/xhub/boards/XilinxBoardStore/boards/Xilinx/vmk180/production/2.2/board.xml as part xcvm1802-vsva2197-2mp-e-s specified in board_part file is either invalid or not available
WARNING: [Board 49-26] cannot add Board Part xilinx.com:vmk180:part0:3.0 available at /tools/Xilinx/2025.1/data/xhub/boards/XilinxBoardStore/boards/Xilinx/vmk180/production/3.0/board.xml as part xcvm1802-vsva2197-2mp-e-s specified in board_part file is either invalid or not available
WARNING: [Board 49-26] cannot add Board Part xilinx.com:vmk180:part0:3.1 available at /tools/Xilinx/2025.1/data/xhub/boards/XilinxBoardStore/boards/Xilinx/vmk180/production/3.1/board.xml as part xcvm1802-vsva2197-2mp-e-s specified in board_part file is either invalid or not available
WARNING: [Board 49-26] cannot add Board Part xilinx.com:vmk180:part0:3.2 available at /tools/Xilinx/2025.1/data/xhub/boards/XilinxBoardStore/boards/Xilinx/vmk180/production/3.2/board.xml as part xcvm1802-vsva2197-2mp-e-s specified in board_part file is either invalid or not available
WARNING: [Board 49-26] cannot add Board Part xilinx.com:vmk180:part0:3.3 available at /tools/Xilinx/2025.1/data/xhub/boards/XilinxBoardStore/boards/Xilinx/vmk180/production/3.3/board.xml as part xcvm1802-vsva2197-2mp-e-s specified in board_part file is either invalid or not available
WARNING: [Board 49-26] cannot add Board Part xilinx.com:vmk180_newl:part0:1.0 available at /tools/Xilinx/2025.1/data/xhub/boards/XilinxBoardStore/boards/Xilinx/vmk180_newl/production/1.0/board.xml as part xcvm1802-vsva2197-2mp-e-s specified in board_part file is either invalid or not available
WARNING: [Board 49-26] cannot add Board Part xilinx.com:vmk180_newl:part0:1.1 available at /tools/Xilinx/2025.1/data/xhub/boards/XilinxBoardStore/boards/Xilinx/vmk180_newl/production/1.1/board.xml as part xcvm1802-vsva2197-2mp-e-s specified in board_part file is either invalid or not available
WARNING: [Board 49-26] cannot add Board Part xilinx.com:vpk120:part0:1.0 available at /tools/Xilinx/2025.1/data/xhub/boards/XilinxBoardStore/boards/Xilinx/vpk120/production/1.0/board.xml as part xcvp1202-vsva2785-2mp-e-s specified in board_part file is either invalid or not available
WARNING: [Board 49-26] cannot add Board Part xilinx.com:vpk120:part0:1.1 available at /tools/Xilinx/2025.1/data/xhub/boards/XilinxBoardStore/boards/Xilinx/vpk120/production/1.1/board.xml as part xcvp1202-vsva2785-2mp-e-s specified in board_part file is either invalid or not available
WARNING: [Board 49-26] cannot add Board Part xilinx.com:vpk120:part0:1.2 available at /tools/Xilinx/2025.1/data/xhub/boards/XilinxBoardStore/boards/Xilinx/vpk120/production/1.2/board.xml as part xcvp1202-vsva2785-2mp-e-s specified in board_part file is either invalid or not available
WARNING: [Board 49-26] cannot add Board Part xilinx.com:vpk180:part0:1.0 available at /tools/Xilinx/2025.1/data/xhub/boards/XilinxBoardStore/boards/Xilinx/vpk180/production/1.0/board.xml as part xcvp1802-lsvc4072-2mp-e-s specified in board_part file is either invalid or not available
WARNING: [Board 49-26] cannot add Board Part xilinx.com:vpk180:part0:1.1 available at /tools/Xilinx/2025.1/data/xhub/boards/XilinxBoardStore/boards/Xilinx/vpk180/production/1.1/board.xml as part xcvp1802-lsvc4072-2mp-e-s specified in board_part file is either invalid or not available
WARNING: [Board 49-26] cannot add Board Part xilinx.com:vpk180:part0:1.2 available at /tools/Xilinx/2025.1/data/xhub/boards/XilinxBoardStore/boards/Xilinx/vpk180/production/1.2/board.xml as part xcvp1802-lsvc4072-2mp-e-s specified in board_part file is either invalid or not available
WARNING: [Board 49-26] cannot add Board Part xilinx.com:zcu208ld:part0:2.0 available at /tools/Xilinx/2025.1/data/xhub/boards/XilinxBoardStore/boards/Xilinx/zcu208ld/production/2.0/board.xml as part xczu58dr-fsvg1517-2-i specified in board_part file is either invalid or not available
WARNING: [Board 49-26] cannot add Board Part xilinx.com:zcu216ld:part0:2.0 available at /tools/Xilinx/2025.1/data/xhub/boards/XilinxBoardStore/boards/Xilinx/zcu216ld/production/2.0/board.xml as part xczu59dr-ffvf1760-2-i specified in board_part file is either invalid or not available
WARNING: [Board 49-26] cannot add Board Part xilinx.com:zcu670ld:part0:1.0 available at /tools/Xilinx/2025.1/data/xhub/boards/XilinxBoardStore/boards/Xilinx/zcu670ld/1.0/board.xml as part xczu57dr-fsve1156-2-i specified in board_part file is either invalid or not available
INFO: [IP_Flow 19-234] Refreshing IP repositories
INFO: [IP_Flow 19-1700] Loaded user IP repository '/home/cathyhu3/s965/pz2/rfsoc/ip_repo/iq_packager_1_0'.
INFO: [IP_Flow 19-795] Syncing license key meta-data
update_compile_order -fileset sources_1
current_project lab6_skid
reset_run synth_1
INFO: [Project 1-1161] Replacing file /home/cathyhu3/s965/pz2/rfsoc/lab6_skid/lab6_skid.srcs/utils_1/imports/synth_1/design_1_wrapper.dcp with file /home/cathyhu3/s965/pz2/rfsoc/lab6_skid/lab6_skid.runs/synth_1/design_1_wrapper.dcp
launch_runs impl_1 -to_step write_bitstream -jobs 8
[Fri Oct 17 15:59:40 2025] Launched synth_1...
Run output will be captured here: /home/cathyhu3/s965/pz2/rfsoc/lab6_skid/lab6_skid.runs/synth_1/runme.log
[Fri Oct 17 15:59:40 2025] Launched impl_1...
Run output will be captured here: /home/cathyhu3/s965/pz2/rfsoc/lab6_skid/lab6_skid.runs/impl_1/runme.log
ipx::edit_ip_in_project -upgrade true -name iq_packager_v1_0_project -directory /home/cathyhu3/s965/pz2/rfsoc/lab6_skid/lab6_skid.tmp/iq_packager_v1_0_project /home/cathyhu3/s965/pz2/rfsoc/ip_repo/iq_packager_1_0/component.xml
ERROR: [Ipptcl 7-561] A project named 'iq_packager_v1_0_project' is already opened.
ERROR: [Common 17-39] 'ipx::edit_ip_in_project' failed due to earlier errors.
current_project iq_packager_v1_0_project
ipx::merge_project_changes hdl_parameters [ipx::current_core]
set_property core_revision 9 [ipx::current_core]
ipx::update_source_project_archive -component [ipx::current_core]
ipx::create_xgui_files [ipx::current_core]
ipx::update_checksums [ipx::current_core]
ipx::check_integrity [ipx::current_core]
WARNING: [IP_Flow 19-11889] HDL Parameter 'C_S01_AXIS_TDATA_WIDTH (C S01 AXIS TDATA WIDTH)': Order is obsolete with XGUI version >= 2.0
WARNING: [IP_Flow 19-11889] HDL Parameter 'C_S00_AXIS_TDATA_WIDTH (C S00 AXIS TDATA WIDTH)': Order is obsolete with XGUI version >= 2.0
WARNING: [IP_Flow 19-11889] HDL Parameter 'C_M00_AXIS_TDATA_WIDTH (C M00 AXIS TDATA WIDTH)': Order is obsolete with XGUI version >= 2.0
WARNING: [IP_Flow 19-11889] HDL Parameter 'C_M00_AXIS_START_COUNT (C M00 AXIS START COUNT)': Order is obsolete with XGUI version >= 2.0
WARNING: [IP_Flow 19-11770] Clock interface 'S01_AXIS_CLK' has no FREQ_HZ parameter.
WARNING: [IP_Flow 19-11770] Clock interface 'S00_AXIS_CLK' has no FREQ_HZ parameter.
WARNING: [IP_Flow 19-11770] Clock interface 'M00_AXIS_CLK' has no FREQ_HZ parameter.
INFO: [IP_Flow 19-2181] Payment is not required for this core.
WARNING: [IP_Flow 19-2187] The Product Guide file is missing.
INFO: [Ipptcl 7-1486] check_integrity: Integrity check passed.
ipx::save_core [ipx::current_core]
ipx::move_temp_component_back -component [ipx::current_core]
close_project -delete
update_ip_catalog -rebuild -repo_path /home/cathyhu3/s965/pz2/rfsoc/ip_repo/iq_packager_1_0
INFO: [IP_Flow 19-725] Reloaded user IP repository '/home/cathyhu3/s965/pz2/rfsoc/ip_repo/iq_packager_1_0'
report_ip_status -name ip_status 
upgrade_ip -vlnv user.org:user:iq_packager:1.0 [get_ips  design_1_iq_packager_0_0] -log ip_upgrade.log
Upgrading '/home/cathyhu3/s965/pz2/rfsoc/lab6_skid/lab6_skid.srcs/sources_1/bd/design_1/design_1.bd'
INFO: [IP_Flow 19-3422] Upgraded design_1_iq_packager_0_0 (iq_packager_v1.0 1.0) from revision 8 to revision 9
Wrote  : </home/cathyhu3/s965/pz2/rfsoc/lab6_skid/lab6_skid.srcs/sources_1/bd/design_1/design_1.bd> 
Wrote  : </home/cathyhu3/s965/pz2/rfsoc/lab6_skid/lab6_skid.srcs/sources_1/bd/design_1/ui/bd_1f5defd0.ui> 
INFO: [Coretcl 2-1525] Wrote upgrade log to '/home/cathyhu3/s965/pz2/rfsoc/lab6_skid/ip_upgrade.log'.
export_ip_user_files -of_objects [get_ips design_1_iq_packager_0_0] -no_script -sync -force -quiet
report_ip_status -name ip_status 
reset_run synth_1
INFO: [Project 1-1161] Replacing file /home/cathyhu3/s965/pz2/rfsoc/lab6_skid/lab6_skid.srcs/utils_1/imports/synth_1/design_1_wrapper.dcp with file /home/cathyhu3/s965/pz2/rfsoc/lab6_skid/lab6_skid.runs/synth_1/design_1_wrapper.dcp
launch_runs impl_1 -to_step write_bitstream -jobs 8
WARNING: [BD 41-1629] Slave segment </zynq_ultra_ps_e_0/SAXIGP2/HP0_LPS_OCM> is excluded from all addressing paths.
WARNING: [BD 41-3281] Instance '/zynq_ultra_ps_e_0' is connected on both sides by SmartConnects and cannot automatically configure itself to match the endpoints. Please manually configure its AXI interfaces as required for the design.
WARNING: [BD 41-3281] Instance '/axi_dma_0' is connected on both sides by SmartConnects and cannot automatically configure itself to match the endpoints. Please manually configure its AXI interfaces as required for the design.
Excluding slave segment /zynq_ultra_ps_e_0/SAXIGP2/HP0_LPS_OCM from address space /axi_dma_0/Data_S2MM.
Excluding slave segment /zynq_ultra_ps_e_0/SAXIGP2/HP0_LPS_OCM from address space /axi_dma_0/Data_S2MM.
Excluding slave segment /zynq_ultra_ps_e_0/SAXIGP2/HP0_LPS_OCM from address space /axi_dma_0/Data_S2MM.
Excluding slave segment /zynq_ultra_ps_e_0/SAXIGP2/HP0_LPS_OCM from address space /axi_dma_0/Data_S2MM.
INFO: [BD 5-943] Reserving offset range <0xA000_0000 [ 64K ]> from slave interface '/axi_smc/S00_AXI' to master interface '/axi_smc/M00_AXI'. This will be used by smartconnect on path for routing.
INFO: [BD 5-943] Reserving offset range <0xA004_0000 [ 256K ]> from slave interface '/axi_smc/S00_AXI' to master interface '/axi_smc/M01_AXI'. This will be used by smartconnect on path for routing.
INFO: [xilinx.com:ip:smartconnect:1.0-1] design_1_axi_smc_0: SmartConnect design_1_axi_smc_0 is in Low-Area Mode.
INFO: [BD 5-943] Reserving offset range <0x0000_0000 [ 2G ]> from slave interface '/axi_smc_1/S00_AXI' to master interface '/axi_smc_1/M00_AXI'. This will be used by smartconnect on path for routing.
INFO: [xilinx.com:ip:smartconnect:1.0-1] design_1_axi_smc_1_0: SmartConnect design_1_axi_smc_1_0 is in High-performance Mode.
Excluding slave segment /zynq_ultra_ps_e_0/SAXIGP2/HP0_LPS_OCM from address space /axi_dma_0/Data_S2MM.
Excluding slave segment /zynq_ultra_ps_e_0/SAXIGP2/HP0_LPS_OCM from address space /axi_dma_0/Data_S2MM.
INFO: [xilinx.com:ip:clk_wiz:6.0-1] /clk_wiz_0 clk_wiz propagate
WARNING: [BD 41-237] Bus Interface property AWUSER_WIDTH does not match between /zynq_ultra_ps_e_0/S_AXI_HP0_FPD(1) and /axi_smc_1/M00_AXI(0)
WARNING: [BD 41-237] Bus Interface property ARUSER_WIDTH does not match between /zynq_ultra_ps_e_0/S_AXI_HP0_FPD(1) and /axi_smc_1/M00_AXI(0)
WARNING: [BD 41-2671] The dangling interface net <m00_aw_node_M_AXIS_ARB> will not be written out to the BD file.
WARNING: [BD 41-2671] The dangling interface net <m01_aw_node_M_AXIS_ARB> will not be written out to the BD file.
Wrote  : </home/cathyhu3/s965/pz2/rfsoc/lab6_skid/lab6_skid.srcs/sources_1/bd/design_1/design_1.bd> 
Verilog Output written to : /home/cathyhu3/s965/pz2/rfsoc/lab6_skid/lab6_skid.gen/sources_1/bd/design_1/synth/design_1.v
Verilog Output written to : /home/cathyhu3/s965/pz2/rfsoc/lab6_skid/lab6_skid.gen/sources_1/bd/design_1/sim/design_1.v
Verilog Output written to : /home/cathyhu3/s965/pz2/rfsoc/lab6_skid/lab6_skid.gen/sources_1/bd/design_1/hdl/design_1_wrapper.v
INFO: [BD 41-1029] Generation completed for the IP Integrator block iq_packager_0 .
Exporting to file /home/cathyhu3/s965/pz2/rfsoc/lab6_skid/lab6_skid.gen/sources_1/bd/design_1/ip/design_1_axi_smc_0/bd_0/hw_handoff/design_1_axi_smc_0.hwh
Generated Hardware Definition File /home/cathyhu3/s965/pz2/rfsoc/lab6_skid/lab6_skid.gen/sources_1/bd/design_1/ip/design_1_axi_smc_0/bd_0/synth/design_1_axi_smc_0.hwdef
INFO: [BD 41-1029] Generation completed for the IP Integrator block axi_smc .
Exporting to file /home/cathyhu3/s965/pz2/rfsoc/lab6_skid/lab6_skid.gen/sources_1/bd/design_1/ip/design_1_axi_smc_1_0/bd_0/hw_handoff/design_1_axi_smc_1_0.hwh
Generated Hardware Definition File /home/cathyhu3/s965/pz2/rfsoc/lab6_skid/lab6_skid.gen/sources_1/bd/design_1/ip/design_1_axi_smc_1_0/bd_0/synth/design_1_axi_smc_1_0.hwdef
INFO: [BD 41-1029] Generation completed for the IP Integrator block axi_smc_1 .
Exporting to file /home/cathyhu3/s965/pz2/rfsoc/lab6_skid/lab6_skid.gen/sources_1/bd/design_1/hw_handoff/design_1.hwh
Generated Hardware Definition File /home/cathyhu3/s965/pz2/rfsoc/lab6_skid/lab6_skid.gen/sources_1/bd/design_1/synth/design_1.hwdef
INFO: [IP_Flow 19-4993] Using cached IP synthesis design for IP design_1_axi_smc_0, cache-ID = bb136323144d6483; cache size = 39.704 MB.
INFO: [IP_Flow 19-4993] Using cached IP synthesis design for IP design_1_axi_smc_1_0, cache-ID = b18ad00fb7007875; cache size = 39.704 MB.
[Fri Oct 17 16:10:50 2025] Launched design_1_iq_packager_0_0_synth_1, synth_1...
Run output will be captured here:
design_1_iq_packager_0_0_synth_1: /home/cathyhu3/s965/pz2/rfsoc/lab6_skid/lab6_skid.runs/design_1_iq_packager_0_0_synth_1/runme.log
synth_1: /home/cathyhu3/s965/pz2/rfsoc/lab6_skid/lab6_skid.runs/synth_1/runme.log
[Fri Oct 17 16:10:50 2025] Launched impl_1...
Run output will be captured here: /home/cathyhu3/s965/pz2/rfsoc/lab6_skid/lab6_skid.runs/impl_1/runme.log
launch_runs: Time (s): cpu = 00:00:18 ; elapsed = 00:00:19 . Memory (MB): peak = 16787.055 ; gain = 362.992 ; free physical = 16336 ; free virtual = 28264
ipx::edit_ip_in_project -upgrade true -name iq_packager_v1_0_project -directory /home/cathyhu3/s965/pz2/rfsoc/lab6_skid/lab6_skid.tmp/iq_packager_v1_0_project /home/cathyhu3/s965/pz2/rfsoc/ip_repo/iq_packager_1_0/component.xml
INFO: [IP_Flow 19-234] Refreshing IP repositories
INFO: [IP_Flow 19-1704] No user IP repositories specified
INFO: [IP_Flow 19-2313] Loaded Vivado IP repository '/tools/Xilinx/2025.1/Vivado/data/ip'.
WARNING: [Board 49-26] cannot add Board Part xilinx.com:emb-plus-vpr-4616:part0:1.0 available at /tools/Xilinx/2025.1/data/xhub/boards/XilinxBoardStore/boards/Xilinx/emb-plus-vpr-4616/1.0/board.xml as part xcve2302-sfva784-2mp-e-s specified in board_part file is either invalid or not available
WARNING: [Board 49-26] cannot add Board Part xilinx.com:emb-plus-vpr-4616:part0:1.1 available at /tools/Xilinx/2025.1/data/xhub/boards/XilinxBoardStore/boards/Xilinx/emb-plus-vpr-4616/1.1/board.xml as part xcve2302-sfva784-2mp-e-s specified in board_part file is either invalid or not available
WARNING: [Board 49-26] cannot add Board Part xilinx.com:v80:part0:1.0 available at /tools/Xilinx/2025.1/data/xhub/boards/XilinxBoardStore/boards/Xilinx/v80/1.0/board.xml as part xcv80-lsva4737-2mhp-e-s specified in board_part file is either invalid or not available
WARNING: [Board 49-26] cannot add Board Part xilinx.com:vck190:part0:2.2 available at /tools/Xilinx/2025.1/data/xhub/boards/XilinxBoardStore/boards/Xilinx/vck190/production/2.2/board.xml as part xcvc1902-vsva2197-2mp-e-s specified in board_part file is either invalid or not available
WARNING: [Board 49-26] cannot add Board Part xilinx.com:vck190:part0:3.0 available at /tools/Xilinx/2025.1/data/xhub/boards/XilinxBoardStore/boards/Xilinx/vck190/production/3.0/board.xml as part xcvc1902-vsva2197-2mp-e-s specified in board_part file is either invalid or not available
WARNING: [Board 49-26] cannot add Board Part xilinx.com:vck190:part0:3.1 available at /tools/Xilinx/2025.1/data/xhub/boards/XilinxBoardStore/boards/Xilinx/vck190/production/3.1/board.xml as part xcvc1902-vsva2197-2mp-e-s specified in board_part file is either invalid or not available
WARNING: [Board 49-26] cannot add Board Part xilinx.com:vck190:part0:3.2 available at /tools/Xilinx/2025.1/data/xhub/boards/XilinxBoardStore/boards/Xilinx/vck190/production/3.2/board.xml as part xcvc1902-vsva2197-2mp-e-s specified in board_part file is either invalid or not available
WARNING: [Board 49-26] cannot add Board Part xilinx.com:vck190:part0:3.3 available at /tools/Xilinx/2025.1/data/xhub/boards/XilinxBoardStore/boards/Xilinx/vck190/production/3.3/board.xml as part xcvc1902-vsva2197-2mp-e-s specified in board_part file is either invalid or not available
WARNING: [Board 49-26] cannot add Board Part xilinx.com:vck190:part0:3.4 available at /tools/Xilinx/2025.1/data/xhub/boards/XilinxBoardStore/boards/Xilinx/vck190/production/3.4/board.xml as part xcvc1902-vsva2197-2mp-e-s specified in board_part file is either invalid or not available
WARNING: [Board 49-26] cannot add Board Part xilinx.com:vck190_newl:part0:1.0 available at /tools/Xilinx/2025.1/data/xhub/boards/XilinxBoardStore/boards/Xilinx/vck190_newl/production/1.0/board.xml as part xcvc1902-vsva2197-2mp-e-s specified in board_part file is either invalid or not available
WARNING: [Board 49-26] cannot add Board Part xilinx.com:vck190_newl:part0:1.1 available at /tools/Xilinx/2025.1/data/xhub/boards/XilinxBoardStore/boards/Xilinx/vck190_newl/production/1.1/board.xml as part xcvc1902-vsva2197-2mp-e-s specified in board_part file is either invalid or not available
WARNING: [Board 49-26] cannot add Board Part xilinx.com:vck190_newl:part0:1.2 available at /tools/Xilinx/2025.1/data/xhub/boards/XilinxBoardStore/boards/Xilinx/vck190_newl/production/1.2/board.xml as part xcvc1902-vsva2197-2mp-e-s specified in board_part file is either invalid or not available
WARNING: [Board 49-26] cannot add Board Part xilinx.com:vck190_newl:part0:1.3 available at /tools/Xilinx/2025.1/data/xhub/boards/XilinxBoardStore/boards/Xilinx/vck190_newl/production/1.3/board.xml as part xcvc1902-vsva2197-2mp-e-s specified in board_part file is either invalid or not available
WARNING: [Board 49-26] cannot add Board Part xilinx.com:vek280:part0:1.0 available at /tools/Xilinx/2025.1/data/xhub/boards/XilinxBoardStore/boards/Xilinx/vek280/production/1.0/board.xml as part xcve2802-vsvh1760-2mp-e-s specified in board_part file is either invalid or not available
WARNING: [Board 49-26] cannot add Board Part xilinx.com:vek280:part0:1.1 available at /tools/Xilinx/2025.1/data/xhub/boards/XilinxBoardStore/boards/Xilinx/vek280/production/1.1/board.xml as part xcve2802-vsvh1760-2mp-e-s specified in board_part file is either invalid or not available
WARNING: [Board 49-26] cannot add Board Part xilinx.com:vek280:part0:1.2 available at /tools/Xilinx/2025.1/data/xhub/boards/XilinxBoardStore/boards/Xilinx/vek280/production/1.2/board.xml as part xcve2802-vsvh1760-2mp-e-s specified in board_part file is either invalid or not available
WARNING: [Board 49-26] cannot add Board Part xilinx.com:vek385:part0:1.0 available at /tools/Xilinx/2025.1/data/xhub/boards/XilinxBoardStore/boards/Xilinx/vek385/1.0/board.xml as part xc2ve3858-ssva2112-2mp-e-s specified in board_part file is either invalid or not available
WARNING: [Board 49-26] cannot add Board Part xilinx.com:vhk158:part0:1.0 available at /tools/Xilinx/2025.1/data/xhub/boards/XilinxBoardStore/boards/Xilinx/vhk158/production/1.0/board.xml as part xcvh1582-vsva3697-2mp-e-s specified in board_part file is either invalid or not available
WARNING: [Board 49-26] cannot add Board Part xilinx.com:vhk158:part0:1.1 available at /tools/Xilinx/2025.1/data/xhub/boards/XilinxBoardStore/boards/Xilinx/vhk158/production/1.1/board.xml as part xcvh1582-vsva3697-2mp-e-s specified in board_part file is either invalid or not available
WARNING: [Board 49-26] cannot add Board Part xilinx.com:vhk158:part0:1.2 available at /tools/Xilinx/2025.1/data/xhub/boards/XilinxBoardStore/boards/Xilinx/vhk158/production/1.2/board.xml as part xcvh1582-vsva3697-2mp-e-s specified in board_part file is either invalid or not available
WARNING: [Board 49-26] cannot add Board Part xilinx.com:vmk180:part0:2.2 available at /tools/Xilinx/2025.1/data/xhub/boards/XilinxBoardStore/boards/Xilinx/vmk180/production/2.2/board.xml as part xcvm1802-vsva2197-2mp-e-s specified in board_part file is either invalid or not available
WARNING: [Board 49-26] cannot add Board Part xilinx.com:vmk180:part0:3.0 available at /tools/Xilinx/2025.1/data/xhub/boards/XilinxBoardStore/boards/Xilinx/vmk180/production/3.0/board.xml as part xcvm1802-vsva2197-2mp-e-s specified in board_part file is either invalid or not available
WARNING: [Board 49-26] cannot add Board Part xilinx.com:vmk180:part0:3.1 available at /tools/Xilinx/2025.1/data/xhub/boards/XilinxBoardStore/boards/Xilinx/vmk180/production/3.1/board.xml as part xcvm1802-vsva2197-2mp-e-s specified in board_part file is either invalid or not available
WARNING: [Board 49-26] cannot add Board Part xilinx.com:vmk180:part0:3.2 available at /tools/Xilinx/2025.1/data/xhub/boards/XilinxBoardStore/boards/Xilinx/vmk180/production/3.2/board.xml as part xcvm1802-vsva2197-2mp-e-s specified in board_part file is either invalid or not available
WARNING: [Board 49-26] cannot add Board Part xilinx.com:vmk180:part0:3.3 available at /tools/Xilinx/2025.1/data/xhub/boards/XilinxBoardStore/boards/Xilinx/vmk180/production/3.3/board.xml as part xcvm1802-vsva2197-2mp-e-s specified in board_part file is either invalid or not available
WARNING: [Board 49-26] cannot add Board Part xilinx.com:vmk180_newl:part0:1.0 available at /tools/Xilinx/2025.1/data/xhub/boards/XilinxBoardStore/boards/Xilinx/vmk180_newl/production/1.0/board.xml as part xcvm1802-vsva2197-2mp-e-s specified in board_part file is either invalid or not available
WARNING: [Board 49-26] cannot add Board Part xilinx.com:vmk180_newl:part0:1.1 available at /tools/Xilinx/2025.1/data/xhub/boards/XilinxBoardStore/boards/Xilinx/vmk180_newl/production/1.1/board.xml as part xcvm1802-vsva2197-2mp-e-s specified in board_part file is either invalid or not available
WARNING: [Board 49-26] cannot add Board Part xilinx.com:vpk120:part0:1.0 available at /tools/Xilinx/2025.1/data/xhub/boards/XilinxBoardStore/boards/Xilinx/vpk120/production/1.0/board.xml as part xcvp1202-vsva2785-2mp-e-s specified in board_part file is either invalid or not available
WARNING: [Board 49-26] cannot add Board Part xilinx.com:vpk120:part0:1.1 available at /tools/Xilinx/2025.1/data/xhub/boards/XilinxBoardStore/boards/Xilinx/vpk120/production/1.1/board.xml as part xcvp1202-vsva2785-2mp-e-s specified in board_part file is either invalid or not available
WARNING: [Board 49-26] cannot add Board Part xilinx.com:vpk120:part0:1.2 available at /tools/Xilinx/2025.1/data/xhub/boards/XilinxBoardStore/boards/Xilinx/vpk120/production/1.2/board.xml as part xcvp1202-vsva2785-2mp-e-s specified in board_part file is either invalid or not available
WARNING: [Board 49-26] cannot add Board Part xilinx.com:vpk180:part0:1.0 available at /tools/Xilinx/2025.1/data/xhub/boards/XilinxBoardStore/boards/Xilinx/vpk180/production/1.0/board.xml as part xcvp1802-lsvc4072-2mp-e-s specified in board_part file is either invalid or not available
WARNING: [Board 49-26] cannot add Board Part xilinx.com:vpk180:part0:1.1 available at /tools/Xilinx/2025.1/data/xhub/boards/XilinxBoardStore/boards/Xilinx/vpk180/production/1.1/board.xml as part xcvp1802-lsvc4072-2mp-e-s specified in board_part file is either invalid or not available
WARNING: [Board 49-26] cannot add Board Part xilinx.com:vpk180:part0:1.2 available at /tools/Xilinx/2025.1/data/xhub/boards/XilinxBoardStore/boards/Xilinx/vpk180/production/1.2/board.xml as part xcvp1802-lsvc4072-2mp-e-s specified in board_part file is either invalid or not available
WARNING: [Board 49-26] cannot add Board Part xilinx.com:zcu208ld:part0:2.0 available at /tools/Xilinx/2025.1/data/xhub/boards/XilinxBoardStore/boards/Xilinx/zcu208ld/production/2.0/board.xml as part xczu58dr-fsvg1517-2-i specified in board_part file is either invalid or not available
WARNING: [Board 49-26] cannot add Board Part xilinx.com:zcu216ld:part0:2.0 available at /tools/Xilinx/2025.1/data/xhub/boards/XilinxBoardStore/boards/Xilinx/zcu216ld/production/2.0/board.xml as part xczu59dr-ffvf1760-2-i specified in board_part file is either invalid or not available
WARNING: [Board 49-26] cannot add Board Part xilinx.com:zcu670ld:part0:1.0 available at /tools/Xilinx/2025.1/data/xhub/boards/XilinxBoardStore/boards/Xilinx/zcu670ld/1.0/board.xml as part xczu57dr-fsve1156-2-i specified in board_part file is either invalid or not available
INFO: [IP_Flow 19-234] Refreshing IP repositories
INFO: [IP_Flow 19-1700] Loaded user IP repository '/home/cathyhu3/s965/pz2/rfsoc/ip_repo/iq_packager_1_0'.
INFO: [IP_Flow 19-795] Syncing license key meta-data
update_compile_order -fileset sources_1
ipx::merge_project_changes hdl_parameters [ipx::current_core]
set_property core_revision 10 [ipx::current_core]
ipx::update_source_project_archive -component [ipx::current_core]
ipx::create_xgui_files [ipx::current_core]
ipx::update_checksums [ipx::current_core]
ipx::check_integrity [ipx::current_core]
WARNING: [IP_Flow 19-11889] HDL Parameter 'C_S01_AXIS_TDATA_WIDTH (C S01 AXIS TDATA WIDTH)': Order is obsolete with XGUI version >= 2.0
WARNING: [IP_Flow 19-11889] HDL Parameter 'C_S00_AXIS_TDATA_WIDTH (C S00 AXIS TDATA WIDTH)': Order is obsolete with XGUI version >= 2.0
WARNING: [IP_Flow 19-11889] HDL Parameter 'C_M00_AXIS_TDATA_WIDTH (C M00 AXIS TDATA WIDTH)': Order is obsolete with XGUI version >= 2.0
WARNING: [IP_Flow 19-11889] HDL Parameter 'C_M00_AXIS_START_COUNT (C M00 AXIS START COUNT)': Order is obsolete with XGUI version >= 2.0
WARNING: [IP_Flow 19-11770] Clock interface 'S01_AXIS_CLK' has no FREQ_HZ parameter.
WARNING: [IP_Flow 19-11770] Clock interface 'S00_AXIS_CLK' has no FREQ_HZ parameter.
WARNING: [IP_Flow 19-11770] Clock interface 'M00_AXIS_CLK' has no FREQ_HZ parameter.
INFO: [IP_Flow 19-2181] Payment is not required for this core.
WARNING: [IP_Flow 19-2187] The Product Guide file is missing.
INFO: [Ipptcl 7-1486] check_integrity: Integrity check passed.
ipx::save_core [ipx::current_core]
ipx::move_temp_component_back -component [ipx::current_core]
close_project -delete
update_ip_catalog -rebuild -repo_path /home/cathyhu3/s965/pz2/rfsoc/ip_repo/iq_packager_1_0
INFO: [IP_Flow 19-725] Reloaded user IP repository '/home/cathyhu3/s965/pz2/rfsoc/ip_repo/iq_packager_1_0'
report_ip_status -name ip_status 
upgrade_ip -vlnv user.org:user:iq_packager:1.0 [get_ips  design_1_iq_packager_0_0] -log ip_upgrade.log
Upgrading '/home/cathyhu3/s965/pz2/rfsoc/lab6_skid/lab6_skid.srcs/sources_1/bd/design_1/design_1.bd'
INFO: [IP_Flow 19-3422] Upgraded design_1_iq_packager_0_0 (iq_packager_v1.0 1.0) from revision 9 to revision 10
Wrote  : </home/cathyhu3/s965/pz2/rfsoc/lab6_skid/lab6_skid.srcs/sources_1/bd/design_1/design_1.bd> 
INFO: [Coretcl 2-1525] Wrote upgrade log to '/home/cathyhu3/s965/pz2/rfsoc/lab6_skid/ip_upgrade.log'.
export_ip_user_files -of_objects [get_ips design_1_iq_packager_0_0] -no_script -sync -force -quiet
report_ip_status -name ip_status 
reset_run synth_1
INFO: [Project 1-1161] Replacing file /home/cathyhu3/s965/pz2/rfsoc/lab6_skid/lab6_skid.srcs/utils_1/imports/synth_1/design_1_wrapper.dcp with file /home/cathyhu3/s965/pz2/rfsoc/lab6_skid/lab6_skid.runs/synth_1/design_1_wrapper.dcp
launch_runs impl_1 -to_step write_bitstream -jobs 8
WARNING: [BD 41-1629] Slave segment </zynq_ultra_ps_e_0/SAXIGP2/HP0_LPS_OCM> is excluded from all addressing paths.
WARNING: [BD 41-3281] Instance '/zynq_ultra_ps_e_0' is connected on both sides by SmartConnects and cannot automatically configure itself to match the endpoints. Please manually configure its AXI interfaces as required for the design.
WARNING: [BD 41-3281] Instance '/axi_dma_0' is connected on both sides by SmartConnects and cannot automatically configure itself to match the endpoints. Please manually configure its AXI interfaces as required for the design.
Excluding slave segment /zynq_ultra_ps_e_0/SAXIGP2/HP0_LPS_OCM from address space /axi_dma_0/Data_S2MM.
Excluding slave segment /zynq_ultra_ps_e_0/SAXIGP2/HP0_LPS_OCM from address space /axi_dma_0/Data_S2MM.
Excluding slave segment /zynq_ultra_ps_e_0/SAXIGP2/HP0_LPS_OCM from address space /axi_dma_0/Data_S2MM.
Excluding slave segment /zynq_ultra_ps_e_0/SAXIGP2/HP0_LPS_OCM from address space /axi_dma_0/Data_S2MM.
INFO: [BD 5-943] Reserving offset range <0xA000_0000 [ 64K ]> from slave interface '/axi_smc/S00_AXI' to master interface '/axi_smc/M00_AXI'. This will be used by smartconnect on path for routing.
INFO: [BD 5-943] Reserving offset range <0xA004_0000 [ 256K ]> from slave interface '/axi_smc/S00_AXI' to master interface '/axi_smc/M01_AXI'. This will be used by smartconnect on path for routing.
INFO: [xilinx.com:ip:smartconnect:1.0-1] design_1_axi_smc_0: SmartConnect design_1_axi_smc_0 is in Low-Area Mode.
INFO: [BD 5-943] Reserving offset range <0x0000_0000 [ 2G ]> from slave interface '/axi_smc_1/S00_AXI' to master interface '/axi_smc_1/M00_AXI'. This will be used by smartconnect on path for routing.
INFO: [xilinx.com:ip:smartconnect:1.0-1] design_1_axi_smc_1_0: SmartConnect design_1_axi_smc_1_0 is in High-performance Mode.
Excluding slave segment /zynq_ultra_ps_e_0/SAXIGP2/HP0_LPS_OCM from address space /axi_dma_0/Data_S2MM.
Excluding slave segment /zynq_ultra_ps_e_0/SAXIGP2/HP0_LPS_OCM from address space /axi_dma_0/Data_S2MM.
INFO: [xilinx.com:ip:clk_wiz:6.0-1] /clk_wiz_0 clk_wiz propagate
WARNING: [BD 41-237] Bus Interface property AWUSER_WIDTH does not match between /zynq_ultra_ps_e_0/S_AXI_HP0_FPD(1) and /axi_smc_1/M00_AXI(0)
WARNING: [BD 41-237] Bus Interface property ARUSER_WIDTH does not match between /zynq_ultra_ps_e_0/S_AXI_HP0_FPD(1) and /axi_smc_1/M00_AXI(0)
WARNING: [BD 41-2671] The dangling interface net <m00_aw_node_M_AXIS_ARB> will not be written out to the BD file.
WARNING: [BD 41-2671] The dangling interface net <m01_aw_node_M_AXIS_ARB> will not be written out to the BD file.
Wrote  : </home/cathyhu3/s965/pz2/rfsoc/lab6_skid/lab6_skid.srcs/sources_1/bd/design_1/design_1.bd> 
Verilog Output written to : /home/cathyhu3/s965/pz2/rfsoc/lab6_skid/lab6_skid.gen/sources_1/bd/design_1/synth/design_1.v
Verilog Output written to : /home/cathyhu3/s965/pz2/rfsoc/lab6_skid/lab6_skid.gen/sources_1/bd/design_1/sim/design_1.v
Verilog Output written to : /home/cathyhu3/s965/pz2/rfsoc/lab6_skid/lab6_skid.gen/sources_1/bd/design_1/hdl/design_1_wrapper.v
INFO: [BD 41-1029] Generation completed for the IP Integrator block iq_packager_0 .
Exporting to file /home/cathyhu3/s965/pz2/rfsoc/lab6_skid/lab6_skid.gen/sources_1/bd/design_1/ip/design_1_axi_smc_0/bd_0/hw_handoff/design_1_axi_smc_0.hwh
Generated Hardware Definition File /home/cathyhu3/s965/pz2/rfsoc/lab6_skid/lab6_skid.gen/sources_1/bd/design_1/ip/design_1_axi_smc_0/bd_0/synth/design_1_axi_smc_0.hwdef
INFO: [BD 41-1029] Generation completed for the IP Integrator block axi_smc .
Exporting to file /home/cathyhu3/s965/pz2/rfsoc/lab6_skid/lab6_skid.gen/sources_1/bd/design_1/ip/design_1_axi_smc_1_0/bd_0/hw_handoff/design_1_axi_smc_1_0.hwh
Generated Hardware Definition File /home/cathyhu3/s965/pz2/rfsoc/lab6_skid/lab6_skid.gen/sources_1/bd/design_1/ip/design_1_axi_smc_1_0/bd_0/synth/design_1_axi_smc_1_0.hwdef
INFO: [BD 41-1029] Generation completed for the IP Integrator block axi_smc_1 .
Exporting to file /home/cathyhu3/s965/pz2/rfsoc/lab6_skid/lab6_skid.gen/sources_1/bd/design_1/hw_handoff/design_1.hwh
Generated Hardware Definition File /home/cathyhu3/s965/pz2/rfsoc/lab6_skid/lab6_skid.gen/sources_1/bd/design_1/synth/design_1.hwdef
INFO: [IP_Flow 19-4993] Using cached IP synthesis design for IP design_1_axi_smc_0, cache-ID = bb136323144d6483; cache size = 39.821 MB.
INFO: [IP_Flow 19-4993] Using cached IP synthesis design for IP design_1_axi_smc_1_0, cache-ID = b18ad00fb7007875; cache size = 39.821 MB.
[Fri Oct 17 16:18:50 2025] Launched design_1_iq_packager_0_0_synth_1, synth_1...
Run output will be captured here:
design_1_iq_packager_0_0_synth_1: /home/cathyhu3/s965/pz2/rfsoc/lab6_skid/lab6_skid.runs/design_1_iq_packager_0_0_synth_1/runme.log
synth_1: /home/cathyhu3/s965/pz2/rfsoc/lab6_skid/lab6_skid.runs/synth_1/runme.log
[Fri Oct 17 16:18:50 2025] Launched impl_1...
Run output will be captured here: /home/cathyhu3/s965/pz2/rfsoc/lab6_skid/lab6_skid.runs/impl_1/runme.log
launch_runs: Time (s): cpu = 00:00:18 ; elapsed = 00:00:19 . Memory (MB): peak = 17065.059 ; gain = 211.934 ; free physical = 16356 ; free virtual = 28286
ipx::edit_ip_in_project -upgrade true -name iq_packager_v1_0_project -directory /home/cathyhu3/s965/pz2/rfsoc/lab6_skid/lab6_skid.tmp/iq_packager_v1_0_project /home/cathyhu3/s965/pz2/rfsoc/ip_repo/iq_packager_1_0/component.xml
INFO: [IP_Flow 19-234] Refreshing IP repositories
INFO: [IP_Flow 19-1704] No user IP repositories specified
INFO: [IP_Flow 19-2313] Loaded Vivado IP repository '/tools/Xilinx/2025.1/Vivado/data/ip'.
WARNING: [Board 49-26] cannot add Board Part xilinx.com:emb-plus-vpr-4616:part0:1.0 available at /tools/Xilinx/2025.1/data/xhub/boards/XilinxBoardStore/boards/Xilinx/emb-plus-vpr-4616/1.0/board.xml as part xcve2302-sfva784-2mp-e-s specified in board_part file is either invalid or not available
WARNING: [Board 49-26] cannot add Board Part xilinx.com:emb-plus-vpr-4616:part0:1.1 available at /tools/Xilinx/2025.1/data/xhub/boards/XilinxBoardStore/boards/Xilinx/emb-plus-vpr-4616/1.1/board.xml as part xcve2302-sfva784-2mp-e-s specified in board_part file is either invalid or not available
WARNING: [Board 49-26] cannot add Board Part xilinx.com:v80:part0:1.0 available at /tools/Xilinx/2025.1/data/xhub/boards/XilinxBoardStore/boards/Xilinx/v80/1.0/board.xml as part xcv80-lsva4737-2mhp-e-s specified in board_part file is either invalid or not available
WARNING: [Board 49-26] cannot add Board Part xilinx.com:vck190:part0:2.2 available at /tools/Xilinx/2025.1/data/xhub/boards/XilinxBoardStore/boards/Xilinx/vck190/production/2.2/board.xml as part xcvc1902-vsva2197-2mp-e-s specified in board_part file is either invalid or not available
WARNING: [Board 49-26] cannot add Board Part xilinx.com:vck190:part0:3.0 available at /tools/Xilinx/2025.1/data/xhub/boards/XilinxBoardStore/boards/Xilinx/vck190/production/3.0/board.xml as part xcvc1902-vsva2197-2mp-e-s specified in board_part file is either invalid or not available
WARNING: [Board 49-26] cannot add Board Part xilinx.com:vck190:part0:3.1 available at /tools/Xilinx/2025.1/data/xhub/boards/XilinxBoardStore/boards/Xilinx/vck190/production/3.1/board.xml as part xcvc1902-vsva2197-2mp-e-s specified in board_part file is either invalid or not available
WARNING: [Board 49-26] cannot add Board Part xilinx.com:vck190:part0:3.2 available at /tools/Xilinx/2025.1/data/xhub/boards/XilinxBoardStore/boards/Xilinx/vck190/production/3.2/board.xml as part xcvc1902-vsva2197-2mp-e-s specified in board_part file is either invalid or not available
WARNING: [Board 49-26] cannot add Board Part xilinx.com:vck190:part0:3.3 available at /tools/Xilinx/2025.1/data/xhub/boards/XilinxBoardStore/boards/Xilinx/vck190/production/3.3/board.xml as part xcvc1902-vsva2197-2mp-e-s specified in board_part file is either invalid or not available
WARNING: [Board 49-26] cannot add Board Part xilinx.com:vck190:part0:3.4 available at /tools/Xilinx/2025.1/data/xhub/boards/XilinxBoardStore/boards/Xilinx/vck190/production/3.4/board.xml as part xcvc1902-vsva2197-2mp-e-s specified in board_part file is either invalid or not available
WARNING: [Board 49-26] cannot add Board Part xilinx.com:vck190_newl:part0:1.0 available at /tools/Xilinx/2025.1/data/xhub/boards/XilinxBoardStore/boards/Xilinx/vck190_newl/production/1.0/board.xml as part xcvc1902-vsva2197-2mp-e-s specified in board_part file is either invalid or not available
WARNING: [Board 49-26] cannot add Board Part xilinx.com:vck190_newl:part0:1.1 available at /tools/Xilinx/2025.1/data/xhub/boards/XilinxBoardStore/boards/Xilinx/vck190_newl/production/1.1/board.xml as part xcvc1902-vsva2197-2mp-e-s specified in board_part file is either invalid or not available
WARNING: [Board 49-26] cannot add Board Part xilinx.com:vck190_newl:part0:1.2 available at /tools/Xilinx/2025.1/data/xhub/boards/XilinxBoardStore/boards/Xilinx/vck190_newl/production/1.2/board.xml as part xcvc1902-vsva2197-2mp-e-s specified in board_part file is either invalid or not available
WARNING: [Board 49-26] cannot add Board Part xilinx.com:vck190_newl:part0:1.3 available at /tools/Xilinx/2025.1/data/xhub/boards/XilinxBoardStore/boards/Xilinx/vck190_newl/production/1.3/board.xml as part xcvc1902-vsva2197-2mp-e-s specified in board_part file is either invalid or not available
WARNING: [Board 49-26] cannot add Board Part xilinx.com:vek280:part0:1.0 available at /tools/Xilinx/2025.1/data/xhub/boards/XilinxBoardStore/boards/Xilinx/vek280/production/1.0/board.xml as part xcve2802-vsvh1760-2mp-e-s specified in board_part file is either invalid or not available
WARNING: [Board 49-26] cannot add Board Part xilinx.com:vek280:part0:1.1 available at /tools/Xilinx/2025.1/data/xhub/boards/XilinxBoardStore/boards/Xilinx/vek280/production/1.1/board.xml as part xcve2802-vsvh1760-2mp-e-s specified in board_part file is either invalid or not available
WARNING: [Board 49-26] cannot add Board Part xilinx.com:vek280:part0:1.2 available at /tools/Xilinx/2025.1/data/xhub/boards/XilinxBoardStore/boards/Xilinx/vek280/production/1.2/board.xml as part xcve2802-vsvh1760-2mp-e-s specified in board_part file is either invalid or not available
WARNING: [Board 49-26] cannot add Board Part xilinx.com:vek385:part0:1.0 available at /tools/Xilinx/2025.1/data/xhub/boards/XilinxBoardStore/boards/Xilinx/vek385/1.0/board.xml as part xc2ve3858-ssva2112-2mp-e-s specified in board_part file is either invalid or not available
WARNING: [Board 49-26] cannot add Board Part xilinx.com:vhk158:part0:1.0 available at /tools/Xilinx/2025.1/data/xhub/boards/XilinxBoardStore/boards/Xilinx/vhk158/production/1.0/board.xml as part xcvh1582-vsva3697-2mp-e-s specified in board_part file is either invalid or not available
WARNING: [Board 49-26] cannot add Board Part xilinx.com:vhk158:part0:1.1 available at /tools/Xilinx/2025.1/data/xhub/boards/XilinxBoardStore/boards/Xilinx/vhk158/production/1.1/board.xml as part xcvh1582-vsva3697-2mp-e-s specified in board_part file is either invalid or not available
WARNING: [Board 49-26] cannot add Board Part xilinx.com:vhk158:part0:1.2 available at /tools/Xilinx/2025.1/data/xhub/boards/XilinxBoardStore/boards/Xilinx/vhk158/production/1.2/board.xml as part xcvh1582-vsva3697-2mp-e-s specified in board_part file is either invalid or not available
WARNING: [Board 49-26] cannot add Board Part xilinx.com:vmk180:part0:2.2 available at /tools/Xilinx/2025.1/data/xhub/boards/XilinxBoardStore/boards/Xilinx/vmk180/production/2.2/board.xml as part xcvm1802-vsva2197-2mp-e-s specified in board_part file is either invalid or not available
WARNING: [Board 49-26] cannot add Board Part xilinx.com:vmk180:part0:3.0 available at /tools/Xilinx/2025.1/data/xhub/boards/XilinxBoardStore/boards/Xilinx/vmk180/production/3.0/board.xml as part xcvm1802-vsva2197-2mp-e-s specified in board_part file is either invalid or not available
WARNING: [Board 49-26] cannot add Board Part xilinx.com:vmk180:part0:3.1 available at /tools/Xilinx/2025.1/data/xhub/boards/XilinxBoardStore/boards/Xilinx/vmk180/production/3.1/board.xml as part xcvm1802-vsva2197-2mp-e-s specified in board_part file is either invalid or not available
WARNING: [Board 49-26] cannot add Board Part xilinx.com:vmk180:part0:3.2 available at /tools/Xilinx/2025.1/data/xhub/boards/XilinxBoardStore/boards/Xilinx/vmk180/production/3.2/board.xml as part xcvm1802-vsva2197-2mp-e-s specified in board_part file is either invalid or not available
WARNING: [Board 49-26] cannot add Board Part xilinx.com:vmk180:part0:3.3 available at /tools/Xilinx/2025.1/data/xhub/boards/XilinxBoardStore/boards/Xilinx/vmk180/production/3.3/board.xml as part xcvm1802-vsva2197-2mp-e-s specified in board_part file is either invalid or not available
WARNING: [Board 49-26] cannot add Board Part xilinx.com:vmk180_newl:part0:1.0 available at /tools/Xilinx/2025.1/data/xhub/boards/XilinxBoardStore/boards/Xilinx/vmk180_newl/production/1.0/board.xml as part xcvm1802-vsva2197-2mp-e-s specified in board_part file is either invalid or not available
WARNING: [Board 49-26] cannot add Board Part xilinx.com:vmk180_newl:part0:1.1 available at /tools/Xilinx/2025.1/data/xhub/boards/XilinxBoardStore/boards/Xilinx/vmk180_newl/production/1.1/board.xml as part xcvm1802-vsva2197-2mp-e-s specified in board_part file is either invalid or not available
WARNING: [Board 49-26] cannot add Board Part xilinx.com:vpk120:part0:1.0 available at /tools/Xilinx/2025.1/data/xhub/boards/XilinxBoardStore/boards/Xilinx/vpk120/production/1.0/board.xml as part xcvp1202-vsva2785-2mp-e-s specified in board_part file is either invalid or not available
WARNING: [Board 49-26] cannot add Board Part xilinx.com:vpk120:part0:1.1 available at /tools/Xilinx/2025.1/data/xhub/boards/XilinxBoardStore/boards/Xilinx/vpk120/production/1.1/board.xml as part xcvp1202-vsva2785-2mp-e-s specified in board_part file is either invalid or not available
WARNING: [Board 49-26] cannot add Board Part xilinx.com:vpk120:part0:1.2 available at /tools/Xilinx/2025.1/data/xhub/boards/XilinxBoardStore/boards/Xilinx/vpk120/production/1.2/board.xml as part xcvp1202-vsva2785-2mp-e-s specified in board_part file is either invalid or not available
WARNING: [Board 49-26] cannot add Board Part xilinx.com:vpk180:part0:1.0 available at /tools/Xilinx/2025.1/data/xhub/boards/XilinxBoardStore/boards/Xilinx/vpk180/production/1.0/board.xml as part xcvp1802-lsvc4072-2mp-e-s specified in board_part file is either invalid or not available
WARNING: [Board 49-26] cannot add Board Part xilinx.com:vpk180:part0:1.1 available at /tools/Xilinx/2025.1/data/xhub/boards/XilinxBoardStore/boards/Xilinx/vpk180/production/1.1/board.xml as part xcvp1802-lsvc4072-2mp-e-s specified in board_part file is either invalid or not available
WARNING: [Board 49-26] cannot add Board Part xilinx.com:vpk180:part0:1.2 available at /tools/Xilinx/2025.1/data/xhub/boards/XilinxBoardStore/boards/Xilinx/vpk180/production/1.2/board.xml as part xcvp1802-lsvc4072-2mp-e-s specified in board_part file is either invalid or not available
WARNING: [Board 49-26] cannot add Board Part xilinx.com:zcu208ld:part0:2.0 available at /tools/Xilinx/2025.1/data/xhub/boards/XilinxBoardStore/boards/Xilinx/zcu208ld/production/2.0/board.xml as part xczu58dr-fsvg1517-2-i specified in board_part file is either invalid or not available
WARNING: [Board 49-26] cannot add Board Part xilinx.com:zcu216ld:part0:2.0 available at /tools/Xilinx/2025.1/data/xhub/boards/XilinxBoardStore/boards/Xilinx/zcu216ld/production/2.0/board.xml as part xczu59dr-ffvf1760-2-i specified in board_part file is either invalid or not available
WARNING: [Board 49-26] cannot add Board Part xilinx.com:zcu670ld:part0:1.0 available at /tools/Xilinx/2025.1/data/xhub/boards/XilinxBoardStore/boards/Xilinx/zcu670ld/1.0/board.xml as part xczu57dr-fsve1156-2-i specified in board_part file is either invalid or not available
INFO: [IP_Flow 19-234] Refreshing IP repositories
INFO: [IP_Flow 19-1700] Loaded user IP repository '/home/cathyhu3/s965/pz2/rfsoc/ip_repo/iq_packager_1_0'.
INFO: [IP_Flow 19-795] Syncing license key meta-data
update_compile_order -fileset sources_1
ipx::merge_project_changes hdl_parameters [ipx::current_core]
set_property core_revision 11 [ipx::current_core]
ipx::update_source_project_archive -component [ipx::current_core]
ipx::create_xgui_files [ipx::current_core]
ipx::update_checksums [ipx::current_core]
ipx::check_integrity [ipx::current_core]
WARNING: [IP_Flow 19-11889] HDL Parameter 'C_S01_AXIS_TDATA_WIDTH (C S01 AXIS TDATA WIDTH)': Order is obsolete with XGUI version >= 2.0
WARNING: [IP_Flow 19-11889] HDL Parameter 'C_S00_AXIS_TDATA_WIDTH (C S00 AXIS TDATA WIDTH)': Order is obsolete with XGUI version >= 2.0
WARNING: [IP_Flow 19-11889] HDL Parameter 'C_M00_AXIS_TDATA_WIDTH (C M00 AXIS TDATA WIDTH)': Order is obsolete with XGUI version >= 2.0
WARNING: [IP_Flow 19-11889] HDL Parameter 'C_M00_AXIS_START_COUNT (C M00 AXIS START COUNT)': Order is obsolete with XGUI version >= 2.0
WARNING: [IP_Flow 19-11770] Clock interface 'S01_AXIS_CLK' has no FREQ_HZ parameter.
WARNING: [IP_Flow 19-11770] Clock interface 'S00_AXIS_CLK' has no FREQ_HZ parameter.
WARNING: [IP_Flow 19-11770] Clock interface 'M00_AXIS_CLK' has no FREQ_HZ parameter.
INFO: [IP_Flow 19-2181] Payment is not required for this core.
WARNING: [IP_Flow 19-2187] The Product Guide file is missing.
INFO: [Ipptcl 7-1486] check_integrity: Integrity check passed.
ipx::save_core [ipx::current_core]
ipx::move_temp_component_back -component [ipx::current_core]
close_project -delete
update_ip_catalog -rebuild -repo_path /home/cathyhu3/s965/pz2/rfsoc/ip_repo/iq_packager_1_0
INFO: [IP_Flow 19-725] Reloaded user IP repository '/home/cathyhu3/s965/pz2/rfsoc/ip_repo/iq_packager_1_0'
report_ip_status -name ip_status 
upgrade_ip -vlnv user.org:user:iq_packager:1.0 [get_ips  design_1_iq_packager_0_0] -log ip_upgrade.log
Upgrading '/home/cathyhu3/s965/pz2/rfsoc/lab6_skid/lab6_skid.srcs/sources_1/bd/design_1/design_1.bd'
INFO: [IP_Flow 19-3422] Upgraded design_1_iq_packager_0_0 (iq_packager_v1.0 1.0) from revision 10 to revision 11
Wrote  : </home/cathyhu3/s965/pz2/rfsoc/lab6_skid/lab6_skid.srcs/sources_1/bd/design_1/design_1.bd> 
INFO: [Coretcl 2-1525] Wrote upgrade log to '/home/cathyhu3/s965/pz2/rfsoc/lab6_skid/ip_upgrade.log'.
export_ip_user_files -of_objects [get_ips design_1_iq_packager_0_0] -no_script -sync -force -quiet
generate_target all [get_files  /home/cathyhu3/s965/pz2/rfsoc/lab6_skid/lab6_skid.srcs/sources_1/bd/design_1/design_1.bd]
WARNING: [BD 41-1629] Slave segment </zynq_ultra_ps_e_0/SAXIGP2/HP0_LPS_OCM> is excluded from all addressing paths.
WARNING: [BD 41-3281] Instance '/zynq_ultra_ps_e_0' is connected on both sides by SmartConnects and cannot automatically configure itself to match the endpoints. Please manually configure its AXI interfaces as required for the design.
WARNING: [BD 41-3281] Instance '/axi_dma_0' is connected on both sides by SmartConnects and cannot automatically configure itself to match the endpoints. Please manually configure its AXI interfaces as required for the design.
Excluding slave segment /zynq_ultra_ps_e_0/SAXIGP2/HP0_LPS_OCM from address space /axi_dma_0/Data_S2MM.
Excluding slave segment /zynq_ultra_ps_e_0/SAXIGP2/HP0_LPS_OCM from address space /axi_dma_0/Data_S2MM.
Excluding slave segment /zynq_ultra_ps_e_0/SAXIGP2/HP0_LPS_OCM from address space /axi_dma_0/Data_S2MM.
Excluding slave segment /zynq_ultra_ps_e_0/SAXIGP2/HP0_LPS_OCM from address space /axi_dma_0/Data_S2MM.
INFO: [BD 5-943] Reserving offset range <0xA000_0000 [ 64K ]> from slave interface '/axi_smc/S00_AXI' to master interface '/axi_smc/M00_AXI'. This will be used by smartconnect on path for routing.
INFO: [BD 5-943] Reserving offset range <0xA004_0000 [ 256K ]> from slave interface '/axi_smc/S00_AXI' to master interface '/axi_smc/M01_AXI'. This will be used by smartconnect on path for routing.
INFO: [xilinx.com:ip:smartconnect:1.0-1] design_1_axi_smc_0: SmartConnect design_1_axi_smc_0 is in Low-Area Mode.
INFO: [BD 5-943] Reserving offset range <0x0000_0000 [ 2G ]> from slave interface '/axi_smc_1/S00_AXI' to master interface '/axi_smc_1/M00_AXI'. This will be used by smartconnect on path for routing.
INFO: [xilinx.com:ip:smartconnect:1.0-1] design_1_axi_smc_1_0: SmartConnect design_1_axi_smc_1_0 is in High-performance Mode.
Excluding slave segment /zynq_ultra_ps_e_0/SAXIGP2/HP0_LPS_OCM from address space /axi_dma_0/Data_S2MM.
Excluding slave segment /zynq_ultra_ps_e_0/SAXIGP2/HP0_LPS_OCM from address space /axi_dma_0/Data_S2MM.
INFO: [xilinx.com:ip:clk_wiz:6.0-1] /clk_wiz_0 clk_wiz propagate
WARNING: [BD 41-237] Bus Interface property AWUSER_WIDTH does not match between /zynq_ultra_ps_e_0/S_AXI_HP0_FPD(1) and /axi_smc_1/M00_AXI(0)
WARNING: [BD 41-237] Bus Interface property ARUSER_WIDTH does not match between /zynq_ultra_ps_e_0/S_AXI_HP0_FPD(1) and /axi_smc_1/M00_AXI(0)
WARNING: [BD 41-2671] The dangling interface net <m00_aw_node_M_AXIS_ARB> will not be written out to the BD file.
WARNING: [BD 41-2671] The dangling interface net <m01_aw_node_M_AXIS_ARB> will not be written out to the BD file.
Wrote  : </home/cathyhu3/s965/pz2/rfsoc/lab6_skid/lab6_skid.srcs/sources_1/bd/design_1/design_1.bd> 
Verilog Output written to : /home/cathyhu3/s965/pz2/rfsoc/lab6_skid/lab6_skid.gen/sources_1/bd/design_1/synth/design_1.v
Verilog Output written to : /home/cathyhu3/s965/pz2/rfsoc/lab6_skid/lab6_skid.gen/sources_1/bd/design_1/sim/design_1.v
Verilog Output written to : /home/cathyhu3/s965/pz2/rfsoc/lab6_skid/lab6_skid.gen/sources_1/bd/design_1/hdl/design_1_wrapper.v
INFO: [BD 41-1029] Generation completed for the IP Integrator block iq_packager_0 .
Exporting to file /home/cathyhu3/s965/pz2/rfsoc/lab6_skid/lab6_skid.gen/sources_1/bd/design_1/ip/design_1_axi_smc_0/bd_0/hw_handoff/design_1_axi_smc_0.hwh
Generated Hardware Definition File /home/cathyhu3/s965/pz2/rfsoc/lab6_skid/lab6_skid.gen/sources_1/bd/design_1/ip/design_1_axi_smc_0/bd_0/synth/design_1_axi_smc_0.hwdef
INFO: [BD 41-1029] Generation completed for the IP Integrator block axi_smc .
Exporting to file /home/cathyhu3/s965/pz2/rfsoc/lab6_skid/lab6_skid.gen/sources_1/bd/design_1/ip/design_1_axi_smc_1_0/bd_0/hw_handoff/design_1_axi_smc_1_0.hwh
Generated Hardware Definition File /home/cathyhu3/s965/pz2/rfsoc/lab6_skid/lab6_skid.gen/sources_1/bd/design_1/ip/design_1_axi_smc_1_0/bd_0/synth/design_1_axi_smc_1_0.hwdef
INFO: [BD 41-1029] Generation completed for the IP Integrator block axi_smc_1 .
Exporting to file /home/cathyhu3/s965/pz2/rfsoc/lab6_skid/lab6_skid.gen/sources_1/bd/design_1/hw_handoff/design_1.hwh
Generated Hardware Definition File /home/cathyhu3/s965/pz2/rfsoc/lab6_skid/lab6_skid.gen/sources_1/bd/design_1/synth/design_1.hwdef
generate_target: Time (s): cpu = 00:00:15 ; elapsed = 00:00:15 . Memory (MB): peak = 17079.109 ; gain = 0.000 ; free physical = 16113 ; free virtual = 28111
catch { config_ip_cache -export [get_ips -all design_1_iq_packager_0_0] }
catch { config_ip_cache -export [get_ips -all design_1_axi_smc_0] }
INFO: [IP_Flow 19-4993] Using cached IP synthesis design for IP design_1_axi_smc_0, cache-ID = bb136323144d6483; cache size = 39.938 MB.
catch { config_ip_cache -export [get_ips -all design_1_axi_smc_1_0] }
INFO: [IP_Flow 19-4993] Using cached IP synthesis design for IP design_1_axi_smc_1_0, cache-ID = b18ad00fb7007875; cache size = 39.938 MB.
export_ip_user_files -of_objects [get_files /home/cathyhu3/s965/pz2/rfsoc/lab6_skid/lab6_skid.srcs/sources_1/bd/design_1/design_1.bd] -no_script -sync -force -quiet
create_ip_run [get_files -of_objects [get_fileset sources_1] /home/cathyhu3/s965/pz2/rfsoc/lab6_skid/lab6_skid.srcs/sources_1/bd/design_1/design_1.bd]
launch_runs design_1_iq_packager_0_0_synth_1 -jobs 8
[Fri Oct 17 16:30:39 2025] Launched design_1_iq_packager_0_0_synth_1...
Run output will be captured here: /home/cathyhu3/s965/pz2/rfsoc/lab6_skid/lab6_skid.runs/design_1_iq_packager_0_0_synth_1/runme.log
export_simulation -lib_map_path [list {modelsim=/home/cathyhu3/s965/pz2/rfsoc/lab6_skid/lab6_skid.cache/compile_simlib/modelsim} {questa=/home/cathyhu3/s965/pz2/rfsoc/lab6_skid/lab6_skid.cache/compile_simlib/questa} {xcelium=/home/cathyhu3/s965/pz2/rfsoc/lab6_skid/lab6_skid.cache/compile_simlib/xcelium} {vcs=/home/cathyhu3/s965/pz2/rfsoc/lab6_skid/lab6_skid.cache/compile_simlib/vcs} {riviera=/home/cathyhu3/s965/pz2/rfsoc/lab6_skid/lab6_skid.cache/compile_simlib/riviera}] -of_objects [get_files /home/cathyhu3/s965/pz2/rfsoc/lab6_skid/lab6_skid.srcs/sources_1/bd/design_1/design_1.bd] -directory /home/cathyhu3/s965/pz2/rfsoc/lab6_skid/lab6_skid.ip_user_files/sim_scripts -ip_user_files_dir /home/cathyhu3/s965/pz2/rfsoc/lab6_skid/lab6_skid.ip_user_files -ipstatic_source_dir /home/cathyhu3/s965/pz2/rfsoc/lab6_skid/lab6_skid.ip_user_files/ipstatic -use_ip_compiled_libs -force -quiet
ipx::edit_ip_in_project -upgrade true -name iq_packager_v1_0_project -directory /home/cathyhu3/s965/pz2/rfsoc/lab6_skid/lab6_skid.tmp/iq_packager_v1_0_project /home/cathyhu3/s965/pz2/rfsoc/ip_repo/iq_packager_1_0/component.xml
INFO: [IP_Flow 19-234] Refreshing IP repositories
INFO: [IP_Flow 19-1704] No user IP repositories specified
INFO: [IP_Flow 19-2313] Loaded Vivado IP repository '/tools/Xilinx/2025.1/Vivado/data/ip'.
WARNING: [Board 49-26] cannot add Board Part xilinx.com:emb-plus-vpr-4616:part0:1.0 available at /tools/Xilinx/2025.1/data/xhub/boards/XilinxBoardStore/boards/Xilinx/emb-plus-vpr-4616/1.0/board.xml as part xcve2302-sfva784-2mp-e-s specified in board_part file is either invalid or not available
WARNING: [Board 49-26] cannot add Board Part xilinx.com:emb-plus-vpr-4616:part0:1.1 available at /tools/Xilinx/2025.1/data/xhub/boards/XilinxBoardStore/boards/Xilinx/emb-plus-vpr-4616/1.1/board.xml as part xcve2302-sfva784-2mp-e-s specified in board_part file is either invalid or not available
WARNING: [Board 49-26] cannot add Board Part xilinx.com:v80:part0:1.0 available at /tools/Xilinx/2025.1/data/xhub/boards/XilinxBoardStore/boards/Xilinx/v80/1.0/board.xml as part xcv80-lsva4737-2mhp-e-s specified in board_part file is either invalid or not available
WARNING: [Board 49-26] cannot add Board Part xilinx.com:vck190:part0:2.2 available at /tools/Xilinx/2025.1/data/xhub/boards/XilinxBoardStore/boards/Xilinx/vck190/production/2.2/board.xml as part xcvc1902-vsva2197-2mp-e-s specified in board_part file is either invalid or not available
WARNING: [Board 49-26] cannot add Board Part xilinx.com:vck190:part0:3.0 available at /tools/Xilinx/2025.1/data/xhub/boards/XilinxBoardStore/boards/Xilinx/vck190/production/3.0/board.xml as part xcvc1902-vsva2197-2mp-e-s specified in board_part file is either invalid or not available
WARNING: [Board 49-26] cannot add Board Part xilinx.com:vck190:part0:3.1 available at /tools/Xilinx/2025.1/data/xhub/boards/XilinxBoardStore/boards/Xilinx/vck190/production/3.1/board.xml as part xcvc1902-vsva2197-2mp-e-s specified in board_part file is either invalid or not available
WARNING: [Board 49-26] cannot add Board Part xilinx.com:vck190:part0:3.2 available at /tools/Xilinx/2025.1/data/xhub/boards/XilinxBoardStore/boards/Xilinx/vck190/production/3.2/board.xml as part xcvc1902-vsva2197-2mp-e-s specified in board_part file is either invalid or not available
WARNING: [Board 49-26] cannot add Board Part xilinx.com:vck190:part0:3.3 available at /tools/Xilinx/2025.1/data/xhub/boards/XilinxBoardStore/boards/Xilinx/vck190/production/3.3/board.xml as part xcvc1902-vsva2197-2mp-e-s specified in board_part file is either invalid or not available
WARNING: [Board 49-26] cannot add Board Part xilinx.com:vck190:part0:3.4 available at /tools/Xilinx/2025.1/data/xhub/boards/XilinxBoardStore/boards/Xilinx/vck190/production/3.4/board.xml as part xcvc1902-vsva2197-2mp-e-s specified in board_part file is either invalid or not available
WARNING: [Board 49-26] cannot add Board Part xilinx.com:vck190_newl:part0:1.0 available at /tools/Xilinx/2025.1/data/xhub/boards/XilinxBoardStore/boards/Xilinx/vck190_newl/production/1.0/board.xml as part xcvc1902-vsva2197-2mp-e-s specified in board_part file is either invalid or not available
WARNING: [Board 49-26] cannot add Board Part xilinx.com:vck190_newl:part0:1.1 available at /tools/Xilinx/2025.1/data/xhub/boards/XilinxBoardStore/boards/Xilinx/vck190_newl/production/1.1/board.xml as part xcvc1902-vsva2197-2mp-e-s specified in board_part file is either invalid or not available
WARNING: [Board 49-26] cannot add Board Part xilinx.com:vck190_newl:part0:1.2 available at /tools/Xilinx/2025.1/data/xhub/boards/XilinxBoardStore/boards/Xilinx/vck190_newl/production/1.2/board.xml as part xcvc1902-vsva2197-2mp-e-s specified in board_part file is either invalid or not available
WARNING: [Board 49-26] cannot add Board Part xilinx.com:vck190_newl:part0:1.3 available at /tools/Xilinx/2025.1/data/xhub/boards/XilinxBoardStore/boards/Xilinx/vck190_newl/production/1.3/board.xml as part xcvc1902-vsva2197-2mp-e-s specified in board_part file is either invalid or not available
WARNING: [Board 49-26] cannot add Board Part xilinx.com:vek280:part0:1.0 available at /tools/Xilinx/2025.1/data/xhub/boards/XilinxBoardStore/boards/Xilinx/vek280/production/1.0/board.xml as part xcve2802-vsvh1760-2mp-e-s specified in board_part file is either invalid or not available
WARNING: [Board 49-26] cannot add Board Part xilinx.com:vek280:part0:1.1 available at /tools/Xilinx/2025.1/data/xhub/boards/XilinxBoardStore/boards/Xilinx/vek280/production/1.1/board.xml as part xcve2802-vsvh1760-2mp-e-s specified in board_part file is either invalid or not available
WARNING: [Board 49-26] cannot add Board Part xilinx.com:vek280:part0:1.2 available at /tools/Xilinx/2025.1/data/xhub/boards/XilinxBoardStore/boards/Xilinx/vek280/production/1.2/board.xml as part xcve2802-vsvh1760-2mp-e-s specified in board_part file is either invalid or not available
WARNING: [Board 49-26] cannot add Board Part xilinx.com:vek385:part0:1.0 available at /tools/Xilinx/2025.1/data/xhub/boards/XilinxBoardStore/boards/Xilinx/vek385/1.0/board.xml as part xc2ve3858-ssva2112-2mp-e-s specified in board_part file is either invalid or not available
WARNING: [Board 49-26] cannot add Board Part xilinx.com:vhk158:part0:1.0 available at /tools/Xilinx/2025.1/data/xhub/boards/XilinxBoardStore/boards/Xilinx/vhk158/production/1.0/board.xml as part xcvh1582-vsva3697-2mp-e-s specified in board_part file is either invalid or not available
WARNING: [Board 49-26] cannot add Board Part xilinx.com:vhk158:part0:1.1 available at /tools/Xilinx/2025.1/data/xhub/boards/XilinxBoardStore/boards/Xilinx/vhk158/production/1.1/board.xml as part xcvh1582-vsva3697-2mp-e-s specified in board_part file is either invalid or not available
WARNING: [Board 49-26] cannot add Board Part xilinx.com:vhk158:part0:1.2 available at /tools/Xilinx/2025.1/data/xhub/boards/XilinxBoardStore/boards/Xilinx/vhk158/production/1.2/board.xml as part xcvh1582-vsva3697-2mp-e-s specified in board_part file is either invalid or not available
WARNING: [Board 49-26] cannot add Board Part xilinx.com:vmk180:part0:2.2 available at /tools/Xilinx/2025.1/data/xhub/boards/XilinxBoardStore/boards/Xilinx/vmk180/production/2.2/board.xml as part xcvm1802-vsva2197-2mp-e-s specified in board_part file is either invalid or not available
WARNING: [Board 49-26] cannot add Board Part xilinx.com:vmk180:part0:3.0 available at /tools/Xilinx/2025.1/data/xhub/boards/XilinxBoardStore/boards/Xilinx/vmk180/production/3.0/board.xml as part xcvm1802-vsva2197-2mp-e-s specified in board_part file is either invalid or not available
WARNING: [Board 49-26] cannot add Board Part xilinx.com:vmk180:part0:3.1 available at /tools/Xilinx/2025.1/data/xhub/boards/XilinxBoardStore/boards/Xilinx/vmk180/production/3.1/board.xml as part xcvm1802-vsva2197-2mp-e-s specified in board_part file is either invalid or not available
WARNING: [Board 49-26] cannot add Board Part xilinx.com:vmk180:part0:3.2 available at /tools/Xilinx/2025.1/data/xhub/boards/XilinxBoardStore/boards/Xilinx/vmk180/production/3.2/board.xml as part xcvm1802-vsva2197-2mp-e-s specified in board_part file is either invalid or not available
WARNING: [Board 49-26] cannot add Board Part xilinx.com:vmk180:part0:3.3 available at /tools/Xilinx/2025.1/data/xhub/boards/XilinxBoardStore/boards/Xilinx/vmk180/production/3.3/board.xml as part xcvm1802-vsva2197-2mp-e-s specified in board_part file is either invalid or not available
WARNING: [Board 49-26] cannot add Board Part xilinx.com:vmk180_newl:part0:1.0 available at /tools/Xilinx/2025.1/data/xhub/boards/XilinxBoardStore/boards/Xilinx/vmk180_newl/production/1.0/board.xml as part xcvm1802-vsva2197-2mp-e-s specified in board_part file is either invalid or not available
WARNING: [Board 49-26] cannot add Board Part xilinx.com:vmk180_newl:part0:1.1 available at /tools/Xilinx/2025.1/data/xhub/boards/XilinxBoardStore/boards/Xilinx/vmk180_newl/production/1.1/board.xml as part xcvm1802-vsva2197-2mp-e-s specified in board_part file is either invalid or not available
WARNING: [Board 49-26] cannot add Board Part xilinx.com:vpk120:part0:1.0 available at /tools/Xilinx/2025.1/data/xhub/boards/XilinxBoardStore/boards/Xilinx/vpk120/production/1.0/board.xml as part xcvp1202-vsva2785-2mp-e-s specified in board_part file is either invalid or not available
WARNING: [Board 49-26] cannot add Board Part xilinx.com:vpk120:part0:1.1 available at /tools/Xilinx/2025.1/data/xhub/boards/XilinxBoardStore/boards/Xilinx/vpk120/production/1.1/board.xml as part xcvp1202-vsva2785-2mp-e-s specified in board_part file is either invalid or not available
WARNING: [Board 49-26] cannot add Board Part xilinx.com:vpk120:part0:1.2 available at /tools/Xilinx/2025.1/data/xhub/boards/XilinxBoardStore/boards/Xilinx/vpk120/production/1.2/board.xml as part xcvp1202-vsva2785-2mp-e-s specified in board_part file is either invalid or not available
WARNING: [Board 49-26] cannot add Board Part xilinx.com:vpk180:part0:1.0 available at /tools/Xilinx/2025.1/data/xhub/boards/XilinxBoardStore/boards/Xilinx/vpk180/production/1.0/board.xml as part xcvp1802-lsvc4072-2mp-e-s specified in board_part file is either invalid or not available
WARNING: [Board 49-26] cannot add Board Part xilinx.com:vpk180:part0:1.1 available at /tools/Xilinx/2025.1/data/xhub/boards/XilinxBoardStore/boards/Xilinx/vpk180/production/1.1/board.xml as part xcvp1802-lsvc4072-2mp-e-s specified in board_part file is either invalid or not available
WARNING: [Board 49-26] cannot add Board Part xilinx.com:vpk180:part0:1.2 available at /tools/Xilinx/2025.1/data/xhub/boards/XilinxBoardStore/boards/Xilinx/vpk180/production/1.2/board.xml as part xcvp1802-lsvc4072-2mp-e-s specified in board_part file is either invalid or not available
WARNING: [Board 49-26] cannot add Board Part xilinx.com:zcu208ld:part0:2.0 available at /tools/Xilinx/2025.1/data/xhub/boards/XilinxBoardStore/boards/Xilinx/zcu208ld/production/2.0/board.xml as part xczu58dr-fsvg1517-2-i specified in board_part file is either invalid or not available
WARNING: [Board 49-26] cannot add Board Part xilinx.com:zcu216ld:part0:2.0 available at /tools/Xilinx/2025.1/data/xhub/boards/XilinxBoardStore/boards/Xilinx/zcu216ld/production/2.0/board.xml as part xczu59dr-ffvf1760-2-i specified in board_part file is either invalid or not available
WARNING: [Board 49-26] cannot add Board Part xilinx.com:zcu670ld:part0:1.0 available at /tools/Xilinx/2025.1/data/xhub/boards/XilinxBoardStore/boards/Xilinx/zcu670ld/1.0/board.xml as part xczu57dr-fsve1156-2-i specified in board_part file is either invalid or not available
INFO: [IP_Flow 19-234] Refreshing IP repositories
INFO: [IP_Flow 19-1700] Loaded user IP repository '/home/cathyhu3/s965/pz2/rfsoc/ip_repo/iq_packager_1_0'.
INFO: [IP_Flow 19-795] Syncing license key meta-data
update_compile_order -fileset sources_1
ipx::merge_project_changes hdl_parameters [ipx::current_core]
set_property core_revision 12 [ipx::current_core]
ipx::update_source_project_archive -component [ipx::current_core]
ipx::create_xgui_files [ipx::current_core]
ipx::update_checksums [ipx::current_core]
ipx::check_integrity [ipx::current_core]
WARNING: [IP_Flow 19-11889] HDL Parameter 'C_S01_AXIS_TDATA_WIDTH (C S01 AXIS TDATA WIDTH)': Order is obsolete with XGUI version >= 2.0
WARNING: [IP_Flow 19-11889] HDL Parameter 'C_S00_AXIS_TDATA_WIDTH (C S00 AXIS TDATA WIDTH)': Order is obsolete with XGUI version >= 2.0
WARNING: [IP_Flow 19-11889] HDL Parameter 'C_M00_AXIS_TDATA_WIDTH (C M00 AXIS TDATA WIDTH)': Order is obsolete with XGUI version >= 2.0
WARNING: [IP_Flow 19-11889] HDL Parameter 'C_M00_AXIS_START_COUNT (C M00 AXIS START COUNT)': Order is obsolete with XGUI version >= 2.0
WARNING: [IP_Flow 19-11770] Clock interface 'S01_AXIS_CLK' has no FREQ_HZ parameter.
WARNING: [IP_Flow 19-11770] Clock interface 'S00_AXIS_CLK' has no FREQ_HZ parameter.
WARNING: [IP_Flow 19-11770] Clock interface 'M00_AXIS_CLK' has no FREQ_HZ parameter.
INFO: [IP_Flow 19-2181] Payment is not required for this core.
WARNING: [IP_Flow 19-2187] The Product Guide file is missing.
INFO: [Ipptcl 7-1486] check_integrity: Integrity check passed.
ipx::save_core [ipx::current_core]
ipx::move_temp_component_back -component [ipx::current_core]
close_project -delete
update_ip_catalog -rebuild -repo_path /home/cathyhu3/s965/pz2/rfsoc/ip_repo/iq_packager_1_0
INFO: [IP_Flow 19-725] Reloaded user IP repository '/home/cathyhu3/s965/pz2/rfsoc/ip_repo/iq_packager_1_0'
upgrade_ip -vlnv user.org:user:iq_packager:1.0 [get_ips  design_1_iq_packager_0_0] -log ip_upgrade.log
Upgrading '/home/cathyhu3/s965/pz2/rfsoc/lab6_skid/lab6_skid.srcs/sources_1/bd/design_1/design_1.bd'
INFO: [IP_Flow 19-3422] Upgraded design_1_iq_packager_0_0 (iq_packager_v1.0 1.0) from revision 11 to revision 12
Wrote  : </home/cathyhu3/s965/pz2/rfsoc/lab6_skid/lab6_skid.srcs/sources_1/bd/design_1/design_1.bd> 
INFO: [Coretcl 2-1525] Wrote upgrade log to '/home/cathyhu3/s965/pz2/rfsoc/lab6_skid/ip_upgrade.log'.
export_ip_user_files -of_objects [get_ips design_1_iq_packager_0_0] -no_script -sync -force -quiet
report_ip_status -name ip_status 
reset_run synth_1
INFO: [Project 1-1161] Replacing file /home/cathyhu3/s965/pz2/rfsoc/lab6_skid/lab6_skid.srcs/utils_1/imports/synth_1/design_1_wrapper.dcp with file /home/cathyhu3/s965/pz2/rfsoc/lab6_skid/lab6_skid.runs/synth_1/design_1_wrapper.dcp
launch_runs impl_1 -to_step write_bitstream -jobs 8
WARNING: [BD 41-1629] Slave segment </zynq_ultra_ps_e_0/SAXIGP2/HP0_LPS_OCM> is excluded from all addressing paths.
WARNING: [BD 41-3281] Instance '/zynq_ultra_ps_e_0' is connected on both sides by SmartConnects and cannot automatically configure itself to match the endpoints. Please manually configure its AXI interfaces as required for the design.
WARNING: [BD 41-3281] Instance '/axi_dma_0' is connected on both sides by SmartConnects and cannot automatically configure itself to match the endpoints. Please manually configure its AXI interfaces as required for the design.
Excluding slave segment /zynq_ultra_ps_e_0/SAXIGP2/HP0_LPS_OCM from address space /axi_dma_0/Data_S2MM.
Excluding slave segment /zynq_ultra_ps_e_0/SAXIGP2/HP0_LPS_OCM from address space /axi_dma_0/Data_S2MM.
Excluding slave segment /zynq_ultra_ps_e_0/SAXIGP2/HP0_LPS_OCM from address space /axi_dma_0/Data_S2MM.
Excluding slave segment /zynq_ultra_ps_e_0/SAXIGP2/HP0_LPS_OCM from address space /axi_dma_0/Data_S2MM.
INFO: [BD 5-943] Reserving offset range <0xA000_0000 [ 64K ]> from slave interface '/axi_smc/S00_AXI' to master interface '/axi_smc/M00_AXI'. This will be used by smartconnect on path for routing.
INFO: [BD 5-943] Reserving offset range <0xA004_0000 [ 256K ]> from slave interface '/axi_smc/S00_AXI' to master interface '/axi_smc/M01_AXI'. This will be used by smartconnect on path for routing.
INFO: [xilinx.com:ip:smartconnect:1.0-1] design_1_axi_smc_0: SmartConnect design_1_axi_smc_0 is in Low-Area Mode.
INFO: [BD 5-943] Reserving offset range <0x0000_0000 [ 2G ]> from slave interface '/axi_smc_1/S00_AXI' to master interface '/axi_smc_1/M00_AXI'. This will be used by smartconnect on path for routing.
INFO: [xilinx.com:ip:smartconnect:1.0-1] design_1_axi_smc_1_0: SmartConnect design_1_axi_smc_1_0 is in High-performance Mode.
Excluding slave segment /zynq_ultra_ps_e_0/SAXIGP2/HP0_LPS_OCM from address space /axi_dma_0/Data_S2MM.
Excluding slave segment /zynq_ultra_ps_e_0/SAXIGP2/HP0_LPS_OCM from address space /axi_dma_0/Data_S2MM.
INFO: [xilinx.com:ip:clk_wiz:6.0-1] /clk_wiz_0 clk_wiz propagate
WARNING: [BD 41-237] Bus Interface property AWUSER_WIDTH does not match between /zynq_ultra_ps_e_0/S_AXI_HP0_FPD(1) and /axi_smc_1/M00_AXI(0)
WARNING: [BD 41-237] Bus Interface property ARUSER_WIDTH does not match between /zynq_ultra_ps_e_0/S_AXI_HP0_FPD(1) and /axi_smc_1/M00_AXI(0)
WARNING: [BD 41-2671] The dangling interface net <m00_aw_node_M_AXIS_ARB> will not be written out to the BD file.
WARNING: [BD 41-2671] The dangling interface net <m01_aw_node_M_AXIS_ARB> will not be written out to the BD file.
Wrote  : </home/cathyhu3/s965/pz2/rfsoc/lab6_skid/lab6_skid.srcs/sources_1/bd/design_1/design_1.bd> 
Verilog Output written to : /home/cathyhu3/s965/pz2/rfsoc/lab6_skid/lab6_skid.gen/sources_1/bd/design_1/synth/design_1.v
Verilog Output written to : /home/cathyhu3/s965/pz2/rfsoc/lab6_skid/lab6_skid.gen/sources_1/bd/design_1/sim/design_1.v
Verilog Output written to : /home/cathyhu3/s965/pz2/rfsoc/lab6_skid/lab6_skid.gen/sources_1/bd/design_1/hdl/design_1_wrapper.v
INFO: [BD 41-1029] Generation completed for the IP Integrator block iq_packager_0 .
Exporting to file /home/cathyhu3/s965/pz2/rfsoc/lab6_skid/lab6_skid.gen/sources_1/bd/design_1/ip/design_1_axi_smc_0/bd_0/hw_handoff/design_1_axi_smc_0.hwh
Generated Hardware Definition File /home/cathyhu3/s965/pz2/rfsoc/lab6_skid/lab6_skid.gen/sources_1/bd/design_1/ip/design_1_axi_smc_0/bd_0/synth/design_1_axi_smc_0.hwdef
INFO: [BD 41-1029] Generation completed for the IP Integrator block axi_smc .
Exporting to file /home/cathyhu3/s965/pz2/rfsoc/lab6_skid/lab6_skid.gen/sources_1/bd/design_1/ip/design_1_axi_smc_1_0/bd_0/hw_handoff/design_1_axi_smc_1_0.hwh
Generated Hardware Definition File /home/cathyhu3/s965/pz2/rfsoc/lab6_skid/lab6_skid.gen/sources_1/bd/design_1/ip/design_1_axi_smc_1_0/bd_0/synth/design_1_axi_smc_1_0.hwdef
INFO: [BD 41-1029] Generation completed for the IP Integrator block axi_smc_1 .
Exporting to file /home/cathyhu3/s965/pz2/rfsoc/lab6_skid/lab6_skid.gen/sources_1/bd/design_1/hw_handoff/design_1.hwh
Generated Hardware Definition File /home/cathyhu3/s965/pz2/rfsoc/lab6_skid/lab6_skid.gen/sources_1/bd/design_1/synth/design_1.hwdef
INFO: [IP_Flow 19-4993] Using cached IP synthesis design for IP design_1_axi_smc_0, cache-ID = bb136323144d6483; cache size = 40.037 MB.
INFO: [IP_Flow 19-4993] Using cached IP synthesis design for IP design_1_axi_smc_1_0, cache-ID = b18ad00fb7007875; cache size = 40.037 MB.
[Fri Oct 17 16:32:27 2025] Launched design_1_iq_packager_0_0_synth_1, synth_1...
Run output will be captured here:
design_1_iq_packager_0_0_synth_1: /home/cathyhu3/s965/pz2/rfsoc/lab6_skid/lab6_skid.runs/design_1_iq_packager_0_0_synth_1/runme.log
synth_1: /home/cathyhu3/s965/pz2/rfsoc/lab6_skid/lab6_skid.runs/synth_1/runme.log
[Fri Oct 17 16:32:27 2025] Launched impl_1...
Run output will be captured here: /home/cathyhu3/s965/pz2/rfsoc/lab6_skid/lab6_skid.runs/impl_1/runme.log
launch_runs: Time (s): cpu = 00:00:19 ; elapsed = 00:00:19 . Memory (MB): peak = 17613.062 ; gain = 301.977 ; free physical = 16103 ; free virtual = 28042
ipx::edit_ip_in_project -upgrade true -name iq_packager_v1_0_project -directory /home/cathyhu3/s965/pz2/rfsoc/lab6_skid/lab6_skid.tmp/iq_packager_v1_0_project /home/cathyhu3/s965/pz2/rfsoc/ip_repo/iq_packager_1_0/component.xml
INFO: [IP_Flow 19-234] Refreshing IP repositories
INFO: [IP_Flow 19-1704] No user IP repositories specified
INFO: [IP_Flow 19-2313] Loaded Vivado IP repository '/tools/Xilinx/2025.1/Vivado/data/ip'.
WARNING: [Board 49-26] cannot add Board Part xilinx.com:emb-plus-vpr-4616:part0:1.0 available at /tools/Xilinx/2025.1/data/xhub/boards/XilinxBoardStore/boards/Xilinx/emb-plus-vpr-4616/1.0/board.xml as part xcve2302-sfva784-2mp-e-s specified in board_part file is either invalid or not available
WARNING: [Board 49-26] cannot add Board Part xilinx.com:emb-plus-vpr-4616:part0:1.1 available at /tools/Xilinx/2025.1/data/xhub/boards/XilinxBoardStore/boards/Xilinx/emb-plus-vpr-4616/1.1/board.xml as part xcve2302-sfva784-2mp-e-s specified in board_part file is either invalid or not available
WARNING: [Board 49-26] cannot add Board Part xilinx.com:v80:part0:1.0 available at /tools/Xilinx/2025.1/data/xhub/boards/XilinxBoardStore/boards/Xilinx/v80/1.0/board.xml as part xcv80-lsva4737-2mhp-e-s specified in board_part file is either invalid or not available
WARNING: [Board 49-26] cannot add Board Part xilinx.com:vck190:part0:2.2 available at /tools/Xilinx/2025.1/data/xhub/boards/XilinxBoardStore/boards/Xilinx/vck190/production/2.2/board.xml as part xcvc1902-vsva2197-2mp-e-s specified in board_part file is either invalid or not available
WARNING: [Board 49-26] cannot add Board Part xilinx.com:vck190:part0:3.0 available at /tools/Xilinx/2025.1/data/xhub/boards/XilinxBoardStore/boards/Xilinx/vck190/production/3.0/board.xml as part xcvc1902-vsva2197-2mp-e-s specified in board_part file is either invalid or not available
WARNING: [Board 49-26] cannot add Board Part xilinx.com:vck190:part0:3.1 available at /tools/Xilinx/2025.1/data/xhub/boards/XilinxBoardStore/boards/Xilinx/vck190/production/3.1/board.xml as part xcvc1902-vsva2197-2mp-e-s specified in board_part file is either invalid or not available
WARNING: [Board 49-26] cannot add Board Part xilinx.com:vck190:part0:3.2 available at /tools/Xilinx/2025.1/data/xhub/boards/XilinxBoardStore/boards/Xilinx/vck190/production/3.2/board.xml as part xcvc1902-vsva2197-2mp-e-s specified in board_part file is either invalid or not available
WARNING: [Board 49-26] cannot add Board Part xilinx.com:vck190:part0:3.3 available at /tools/Xilinx/2025.1/data/xhub/boards/XilinxBoardStore/boards/Xilinx/vck190/production/3.3/board.xml as part xcvc1902-vsva2197-2mp-e-s specified in board_part file is either invalid or not available
WARNING: [Board 49-26] cannot add Board Part xilinx.com:vck190:part0:3.4 available at /tools/Xilinx/2025.1/data/xhub/boards/XilinxBoardStore/boards/Xilinx/vck190/production/3.4/board.xml as part xcvc1902-vsva2197-2mp-e-s specified in board_part file is either invalid or not available
WARNING: [Board 49-26] cannot add Board Part xilinx.com:vck190_newl:part0:1.0 available at /tools/Xilinx/2025.1/data/xhub/boards/XilinxBoardStore/boards/Xilinx/vck190_newl/production/1.0/board.xml as part xcvc1902-vsva2197-2mp-e-s specified in board_part file is either invalid or not available
WARNING: [Board 49-26] cannot add Board Part xilinx.com:vck190_newl:part0:1.1 available at /tools/Xilinx/2025.1/data/xhub/boards/XilinxBoardStore/boards/Xilinx/vck190_newl/production/1.1/board.xml as part xcvc1902-vsva2197-2mp-e-s specified in board_part file is either invalid or not available
WARNING: [Board 49-26] cannot add Board Part xilinx.com:vck190_newl:part0:1.2 available at /tools/Xilinx/2025.1/data/xhub/boards/XilinxBoardStore/boards/Xilinx/vck190_newl/production/1.2/board.xml as part xcvc1902-vsva2197-2mp-e-s specified in board_part file is either invalid or not available
WARNING: [Board 49-26] cannot add Board Part xilinx.com:vck190_newl:part0:1.3 available at /tools/Xilinx/2025.1/data/xhub/boards/XilinxBoardStore/boards/Xilinx/vck190_newl/production/1.3/board.xml as part xcvc1902-vsva2197-2mp-e-s specified in board_part file is either invalid or not available
WARNING: [Board 49-26] cannot add Board Part xilinx.com:vek280:part0:1.0 available at /tools/Xilinx/2025.1/data/xhub/boards/XilinxBoardStore/boards/Xilinx/vek280/production/1.0/board.xml as part xcve2802-vsvh1760-2mp-e-s specified in board_part file is either invalid or not available
WARNING: [Board 49-26] cannot add Board Part xilinx.com:vek280:part0:1.1 available at /tools/Xilinx/2025.1/data/xhub/boards/XilinxBoardStore/boards/Xilinx/vek280/production/1.1/board.xml as part xcve2802-vsvh1760-2mp-e-s specified in board_part file is either invalid or not available
WARNING: [Board 49-26] cannot add Board Part xilinx.com:vek280:part0:1.2 available at /tools/Xilinx/2025.1/data/xhub/boards/XilinxBoardStore/boards/Xilinx/vek280/production/1.2/board.xml as part xcve2802-vsvh1760-2mp-e-s specified in board_part file is either invalid or not available
WARNING: [Board 49-26] cannot add Board Part xilinx.com:vek385:part0:1.0 available at /tools/Xilinx/2025.1/data/xhub/boards/XilinxBoardStore/boards/Xilinx/vek385/1.0/board.xml as part xc2ve3858-ssva2112-2mp-e-s specified in board_part file is either invalid or not available
WARNING: [Board 49-26] cannot add Board Part xilinx.com:vhk158:part0:1.0 available at /tools/Xilinx/2025.1/data/xhub/boards/XilinxBoardStore/boards/Xilinx/vhk158/production/1.0/board.xml as part xcvh1582-vsva3697-2mp-e-s specified in board_part file is either invalid or not available
WARNING: [Board 49-26] cannot add Board Part xilinx.com:vhk158:part0:1.1 available at /tools/Xilinx/2025.1/data/xhub/boards/XilinxBoardStore/boards/Xilinx/vhk158/production/1.1/board.xml as part xcvh1582-vsva3697-2mp-e-s specified in board_part file is either invalid or not available
WARNING: [Board 49-26] cannot add Board Part xilinx.com:vhk158:part0:1.2 available at /tools/Xilinx/2025.1/data/xhub/boards/XilinxBoardStore/boards/Xilinx/vhk158/production/1.2/board.xml as part xcvh1582-vsva3697-2mp-e-s specified in board_part file is either invalid or not available
WARNING: [Board 49-26] cannot add Board Part xilinx.com:vmk180:part0:2.2 available at /tools/Xilinx/2025.1/data/xhub/boards/XilinxBoardStore/boards/Xilinx/vmk180/production/2.2/board.xml as part xcvm1802-vsva2197-2mp-e-s specified in board_part file is either invalid or not available
WARNING: [Board 49-26] cannot add Board Part xilinx.com:vmk180:part0:3.0 available at /tools/Xilinx/2025.1/data/xhub/boards/XilinxBoardStore/boards/Xilinx/vmk180/production/3.0/board.xml as part xcvm1802-vsva2197-2mp-e-s specified in board_part file is either invalid or not available
WARNING: [Board 49-26] cannot add Board Part xilinx.com:vmk180:part0:3.1 available at /tools/Xilinx/2025.1/data/xhub/boards/XilinxBoardStore/boards/Xilinx/vmk180/production/3.1/board.xml as part xcvm1802-vsva2197-2mp-e-s specified in board_part file is either invalid or not available
WARNING: [Board 49-26] cannot add Board Part xilinx.com:vmk180:part0:3.2 available at /tools/Xilinx/2025.1/data/xhub/boards/XilinxBoardStore/boards/Xilinx/vmk180/production/3.2/board.xml as part xcvm1802-vsva2197-2mp-e-s specified in board_part file is either invalid or not available
WARNING: [Board 49-26] cannot add Board Part xilinx.com:vmk180:part0:3.3 available at /tools/Xilinx/2025.1/data/xhub/boards/XilinxBoardStore/boards/Xilinx/vmk180/production/3.3/board.xml as part xcvm1802-vsva2197-2mp-e-s specified in board_part file is either invalid or not available
WARNING: [Board 49-26] cannot add Board Part xilinx.com:vmk180_newl:part0:1.0 available at /tools/Xilinx/2025.1/data/xhub/boards/XilinxBoardStore/boards/Xilinx/vmk180_newl/production/1.0/board.xml as part xcvm1802-vsva2197-2mp-e-s specified in board_part file is either invalid or not available
WARNING: [Board 49-26] cannot add Board Part xilinx.com:vmk180_newl:part0:1.1 available at /tools/Xilinx/2025.1/data/xhub/boards/XilinxBoardStore/boards/Xilinx/vmk180_newl/production/1.1/board.xml as part xcvm1802-vsva2197-2mp-e-s specified in board_part file is either invalid or not available
WARNING: [Board 49-26] cannot add Board Part xilinx.com:vpk120:part0:1.0 available at /tools/Xilinx/2025.1/data/xhub/boards/XilinxBoardStore/boards/Xilinx/vpk120/production/1.0/board.xml as part xcvp1202-vsva2785-2mp-e-s specified in board_part file is either invalid or not available
WARNING: [Board 49-26] cannot add Board Part xilinx.com:vpk120:part0:1.1 available at /tools/Xilinx/2025.1/data/xhub/boards/XilinxBoardStore/boards/Xilinx/vpk120/production/1.1/board.xml as part xcvp1202-vsva2785-2mp-e-s specified in board_part file is either invalid or not available
WARNING: [Board 49-26] cannot add Board Part xilinx.com:vpk120:part0:1.2 available at /tools/Xilinx/2025.1/data/xhub/boards/XilinxBoardStore/boards/Xilinx/vpk120/production/1.2/board.xml as part xcvp1202-vsva2785-2mp-e-s specified in board_part file is either invalid or not available
WARNING: [Board 49-26] cannot add Board Part xilinx.com:vpk180:part0:1.0 available at /tools/Xilinx/2025.1/data/xhub/boards/XilinxBoardStore/boards/Xilinx/vpk180/production/1.0/board.xml as part xcvp1802-lsvc4072-2mp-e-s specified in board_part file is either invalid or not available
WARNING: [Board 49-26] cannot add Board Part xilinx.com:vpk180:part0:1.1 available at /tools/Xilinx/2025.1/data/xhub/boards/XilinxBoardStore/boards/Xilinx/vpk180/production/1.1/board.xml as part xcvp1802-lsvc4072-2mp-e-s specified in board_part file is either invalid or not available
WARNING: [Board 49-26] cannot add Board Part xilinx.com:vpk180:part0:1.2 available at /tools/Xilinx/2025.1/data/xhub/boards/XilinxBoardStore/boards/Xilinx/vpk180/production/1.2/board.xml as part xcvp1802-lsvc4072-2mp-e-s specified in board_part file is either invalid or not available
WARNING: [Board 49-26] cannot add Board Part xilinx.com:zcu208ld:part0:2.0 available at /tools/Xilinx/2025.1/data/xhub/boards/XilinxBoardStore/boards/Xilinx/zcu208ld/production/2.0/board.xml as part xczu58dr-fsvg1517-2-i specified in board_part file is either invalid or not available
WARNING: [Board 49-26] cannot add Board Part xilinx.com:zcu216ld:part0:2.0 available at /tools/Xilinx/2025.1/data/xhub/boards/XilinxBoardStore/boards/Xilinx/zcu216ld/production/2.0/board.xml as part xczu59dr-ffvf1760-2-i specified in board_part file is either invalid or not available
WARNING: [Board 49-26] cannot add Board Part xilinx.com:zcu670ld:part0:1.0 available at /tools/Xilinx/2025.1/data/xhub/boards/XilinxBoardStore/boards/Xilinx/zcu670ld/1.0/board.xml as part xczu57dr-fsve1156-2-i specified in board_part file is either invalid or not available
INFO: [IP_Flow 19-234] Refreshing IP repositories
INFO: [IP_Flow 19-1700] Loaded user IP repository '/home/cathyhu3/s965/pz2/rfsoc/ip_repo/iq_packager_1_0'.
INFO: [IP_Flow 19-795] Syncing license key meta-data
update_compile_order -fileset sources_1
ipx::merge_project_changes hdl_parameters [ipx::current_core]
set_property core_revision 13 [ipx::current_core]
ipx::update_source_project_archive -component [ipx::current_core]
ipx::create_xgui_files [ipx::current_core]
ipx::update_checksums [ipx::current_core]
ipx::check_integrity [ipx::current_core]
WARNING: [IP_Flow 19-11889] HDL Parameter 'C_S01_AXIS_TDATA_WIDTH (C S01 AXIS TDATA WIDTH)': Order is obsolete with XGUI version >= 2.0
WARNING: [IP_Flow 19-11889] HDL Parameter 'C_S00_AXIS_TDATA_WIDTH (C S00 AXIS TDATA WIDTH)': Order is obsolete with XGUI version >= 2.0
WARNING: [IP_Flow 19-11889] HDL Parameter 'C_M00_AXIS_TDATA_WIDTH (C M00 AXIS TDATA WIDTH)': Order is obsolete with XGUI version >= 2.0
WARNING: [IP_Flow 19-11889] HDL Parameter 'C_M00_AXIS_START_COUNT (C M00 AXIS START COUNT)': Order is obsolete with XGUI version >= 2.0
WARNING: [IP_Flow 19-11770] Clock interface 'S01_AXIS_CLK' has no FREQ_HZ parameter.
WARNING: [IP_Flow 19-11770] Clock interface 'S00_AXIS_CLK' has no FREQ_HZ parameter.
WARNING: [IP_Flow 19-11770] Clock interface 'M00_AXIS_CLK' has no FREQ_HZ parameter.
INFO: [IP_Flow 19-2181] Payment is not required for this core.
WARNING: [IP_Flow 19-2187] The Product Guide file is missing.
INFO: [Ipptcl 7-1486] check_integrity: Integrity check passed.
ipx::save_core [ipx::current_core]
ipx::move_temp_component_back -component [ipx::current_core]
close_project -delete
update_ip_catalog -rebuild -repo_path /home/cathyhu3/s965/pz2/rfsoc/ip_repo/iq_packager_1_0
INFO: [IP_Flow 19-725] Reloaded user IP repository '/home/cathyhu3/s965/pz2/rfsoc/ip_repo/iq_packager_1_0'
report_ip_status -name ip_status 
upgrade_ip -vlnv user.org:user:iq_packager:1.0 [get_ips  design_1_iq_packager_0_0] -log ip_upgrade.log
Upgrading '/home/cathyhu3/s965/pz2/rfsoc/lab6_skid/lab6_skid.srcs/sources_1/bd/design_1/design_1.bd'
INFO: [IP_Flow 19-3422] Upgraded design_1_iq_packager_0_0 (iq_packager_v1.0 1.0) from revision 12 to revision 13
Wrote  : </home/cathyhu3/s965/pz2/rfsoc/lab6_skid/lab6_skid.srcs/sources_1/bd/design_1/design_1.bd> 
Wrote  : </home/cathyhu3/s965/pz2/rfsoc/lab6_skid/lab6_skid.srcs/sources_1/bd/design_1/ui/bd_1f5defd0.ui> 
INFO: [Coretcl 2-1525] Wrote upgrade log to '/home/cathyhu3/s965/pz2/rfsoc/lab6_skid/ip_upgrade.log'.
export_ip_user_files -of_objects [get_ips design_1_iq_packager_0_0] -no_script -sync -force -quiet
report_ip_status -name ip_status 
reset_run synth_1
INFO: [Project 1-1161] Replacing file /home/cathyhu3/s965/pz2/rfsoc/lab6_skid/lab6_skid.srcs/utils_1/imports/synth_1/design_1_wrapper.dcp with file /home/cathyhu3/s965/pz2/rfsoc/lab6_skid/lab6_skid.runs/synth_1/design_1_wrapper.dcp
launch_runs impl_1 -to_step write_bitstream -jobs 8
WARNING: [BD 41-1629] Slave segment </zynq_ultra_ps_e_0/SAXIGP2/HP0_LPS_OCM> is excluded from all addressing paths.
WARNING: [BD 41-3281] Instance '/zynq_ultra_ps_e_0' is connected on both sides by SmartConnects and cannot automatically configure itself to match the endpoints. Please manually configure its AXI interfaces as required for the design.
WARNING: [BD 41-3281] Instance '/axi_dma_0' is connected on both sides by SmartConnects and cannot automatically configure itself to match the endpoints. Please manually configure its AXI interfaces as required for the design.
Excluding slave segment /zynq_ultra_ps_e_0/SAXIGP2/HP0_LPS_OCM from address space /axi_dma_0/Data_S2MM.
Excluding slave segment /zynq_ultra_ps_e_0/SAXIGP2/HP0_LPS_OCM from address space /axi_dma_0/Data_S2MM.
Excluding slave segment /zynq_ultra_ps_e_0/SAXIGP2/HP0_LPS_OCM from address space /axi_dma_0/Data_S2MM.
Excluding slave segment /zynq_ultra_ps_e_0/SAXIGP2/HP0_LPS_OCM from address space /axi_dma_0/Data_S2MM.
INFO: [BD 5-943] Reserving offset range <0xA000_0000 [ 64K ]> from slave interface '/axi_smc/S00_AXI' to master interface '/axi_smc/M00_AXI'. This will be used by smartconnect on path for routing.
INFO: [BD 5-943] Reserving offset range <0xA004_0000 [ 256K ]> from slave interface '/axi_smc/S00_AXI' to master interface '/axi_smc/M01_AXI'. This will be used by smartconnect on path for routing.
INFO: [xilinx.com:ip:smartconnect:1.0-1] design_1_axi_smc_0: SmartConnect design_1_axi_smc_0 is in Low-Area Mode.
INFO: [BD 5-943] Reserving offset range <0x0000_0000 [ 2G ]> from slave interface '/axi_smc_1/S00_AXI' to master interface '/axi_smc_1/M00_AXI'. This will be used by smartconnect on path for routing.
INFO: [xilinx.com:ip:smartconnect:1.0-1] design_1_axi_smc_1_0: SmartConnect design_1_axi_smc_1_0 is in High-performance Mode.
Excluding slave segment /zynq_ultra_ps_e_0/SAXIGP2/HP0_LPS_OCM from address space /axi_dma_0/Data_S2MM.
Excluding slave segment /zynq_ultra_ps_e_0/SAXIGP2/HP0_LPS_OCM from address space /axi_dma_0/Data_S2MM.
INFO: [xilinx.com:ip:clk_wiz:6.0-1] /clk_wiz_0 clk_wiz propagate
WARNING: [BD 41-237] Bus Interface property AWUSER_WIDTH does not match between /zynq_ultra_ps_e_0/S_AXI_HP0_FPD(1) and /axi_smc_1/M00_AXI(0)
WARNING: [BD 41-237] Bus Interface property ARUSER_WIDTH does not match between /zynq_ultra_ps_e_0/S_AXI_HP0_FPD(1) and /axi_smc_1/M00_AXI(0)
WARNING: [BD 41-2671] The dangling interface net <m00_aw_node_M_AXIS_ARB> will not be written out to the BD file.
WARNING: [BD 41-2671] The dangling interface net <m01_aw_node_M_AXIS_ARB> will not be written out to the BD file.
Wrote  : </home/cathyhu3/s965/pz2/rfsoc/lab6_skid/lab6_skid.srcs/sources_1/bd/design_1/design_1.bd> 
Verilog Output written to : /home/cathyhu3/s965/pz2/rfsoc/lab6_skid/lab6_skid.gen/sources_1/bd/design_1/synth/design_1.v
Verilog Output written to : /home/cathyhu3/s965/pz2/rfsoc/lab6_skid/lab6_skid.gen/sources_1/bd/design_1/sim/design_1.v
Verilog Output written to : /home/cathyhu3/s965/pz2/rfsoc/lab6_skid/lab6_skid.gen/sources_1/bd/design_1/hdl/design_1_wrapper.v
INFO: [BD 41-1029] Generation completed for the IP Integrator block iq_packager_0 .
Exporting to file /home/cathyhu3/s965/pz2/rfsoc/lab6_skid/lab6_skid.gen/sources_1/bd/design_1/ip/design_1_axi_smc_0/bd_0/hw_handoff/design_1_axi_smc_0.hwh
Generated Hardware Definition File /home/cathyhu3/s965/pz2/rfsoc/lab6_skid/lab6_skid.gen/sources_1/bd/design_1/ip/design_1_axi_smc_0/bd_0/synth/design_1_axi_smc_0.hwdef
INFO: [BD 41-1029] Generation completed for the IP Integrator block axi_smc .
Exporting to file /home/cathyhu3/s965/pz2/rfsoc/lab6_skid/lab6_skid.gen/sources_1/bd/design_1/ip/design_1_axi_smc_1_0/bd_0/hw_handoff/design_1_axi_smc_1_0.hwh
Generated Hardware Definition File /home/cathyhu3/s965/pz2/rfsoc/lab6_skid/lab6_skid.gen/sources_1/bd/design_1/ip/design_1_axi_smc_1_0/bd_0/synth/design_1_axi_smc_1_0.hwdef
INFO: [BD 41-1029] Generation completed for the IP Integrator block axi_smc_1 .
Exporting to file /home/cathyhu3/s965/pz2/rfsoc/lab6_skid/lab6_skid.gen/sources_1/bd/design_1/hw_handoff/design_1.hwh
Generated Hardware Definition File /home/cathyhu3/s965/pz2/rfsoc/lab6_skid/lab6_skid.gen/sources_1/bd/design_1/synth/design_1.hwdef
INFO: [IP_Flow 19-4993] Using cached IP synthesis design for IP design_1_axi_smc_0, cache-ID = bb136323144d6483; cache size = 40.130 MB.
INFO: [IP_Flow 19-4993] Using cached IP synthesis design for IP design_1_axi_smc_1_0, cache-ID = b18ad00fb7007875; cache size = 40.130 MB.
[Fri Oct 17 16:48:11 2025] Launched design_1_iq_packager_0_0_synth_1, synth_1...
Run output will be captured here:
design_1_iq_packager_0_0_synth_1: /home/cathyhu3/s965/pz2/rfsoc/lab6_skid/lab6_skid.runs/design_1_iq_packager_0_0_synth_1/runme.log
synth_1: /home/cathyhu3/s965/pz2/rfsoc/lab6_skid/lab6_skid.runs/synth_1/runme.log
[Fri Oct 17 16:48:11 2025] Launched impl_1...
Run output will be captured here: /home/cathyhu3/s965/pz2/rfsoc/lab6_skid/lab6_skid.runs/impl_1/runme.log
launch_runs: Time (s): cpu = 00:00:19 ; elapsed = 00:00:19 . Memory (MB): peak = 17891.066 ; gain = 197.926 ; free physical = 16019 ; free virtual = 27965
startgroup
set_property CONFIG.c_sg_length_width {23} [get_bd_cells axi_dma_0]
endgroup
save_bd_design
Wrote  : </home/cathyhu3/s965/pz2/rfsoc/lab6_skid/lab6_skid.srcs/sources_1/bd/design_1/design_1.bd> 
Wrote  : </home/cathyhu3/s965/pz2/rfsoc/lab6_skid/lab6_skid.srcs/sources_1/bd/design_1/ui/bd_1f5defd0.ui> 
reset_run synth_1
INFO: [Project 1-1161] Replacing file /home/cathyhu3/s965/pz2/rfsoc/lab6_skid/lab6_skid.srcs/utils_1/imports/synth_1/design_1_wrapper.dcp with file /home/cathyhu3/s965/pz2/rfsoc/lab6_skid/lab6_skid.runs/synth_1/design_1_wrapper.dcp
reset_run design_1_axi_dma_0_0_synth_1
launch_runs impl_1 -to_step write_bitstream -jobs 8
WARNING: [BD 41-1629] Slave segment </zynq_ultra_ps_e_0/SAXIGP2/HP0_LPS_OCM> is excluded from all addressing paths.
WARNING: [BD 41-3281] Instance '/zynq_ultra_ps_e_0' is connected on both sides by SmartConnects and cannot automatically configure itself to match the endpoints. Please manually configure its AXI interfaces as required for the design.
WARNING: [BD 41-3281] Instance '/axi_dma_0' is connected on both sides by SmartConnects and cannot automatically configure itself to match the endpoints. Please manually configure its AXI interfaces as required for the design.
Excluding slave segment /zynq_ultra_ps_e_0/SAXIGP2/HP0_LPS_OCM from address space /axi_dma_0/Data_S2MM.
Excluding slave segment /zynq_ultra_ps_e_0/SAXIGP2/HP0_LPS_OCM from address space /axi_dma_0/Data_S2MM.
Excluding slave segment /zynq_ultra_ps_e_0/SAXIGP2/HP0_LPS_OCM from address space /axi_dma_0/Data_S2MM.
Excluding slave segment /zynq_ultra_ps_e_0/SAXIGP2/HP0_LPS_OCM from address space /axi_dma_0/Data_S2MM.
INFO: [BD 5-943] Reserving offset range <0xA000_0000 [ 64K ]> from slave interface '/axi_smc/S00_AXI' to master interface '/axi_smc/M00_AXI'. This will be used by smartconnect on path for routing.
INFO: [BD 5-943] Reserving offset range <0xA004_0000 [ 256K ]> from slave interface '/axi_smc/S00_AXI' to master interface '/axi_smc/M01_AXI'. This will be used by smartconnect on path for routing.
INFO: [xilinx.com:ip:smartconnect:1.0-1] design_1_axi_smc_0: SmartConnect design_1_axi_smc_0 is in Low-Area Mode.
INFO: [BD 5-943] Reserving offset range <0x0000_0000 [ 2G ]> from slave interface '/axi_smc_1/S00_AXI' to master interface '/axi_smc_1/M00_AXI'. This will be used by smartconnect on path for routing.
INFO: [xilinx.com:ip:smartconnect:1.0-1] design_1_axi_smc_1_0: SmartConnect design_1_axi_smc_1_0 is in High-performance Mode.
Excluding slave segment /zynq_ultra_ps_e_0/SAXIGP2/HP0_LPS_OCM from address space /axi_dma_0/Data_S2MM.
Excluding slave segment /zynq_ultra_ps_e_0/SAXIGP2/HP0_LPS_OCM from address space /axi_dma_0/Data_S2MM.
INFO: [xilinx.com:ip:clk_wiz:6.0-1] /clk_wiz_0 clk_wiz propagate
WARNING: [BD 41-237] Bus Interface property AWUSER_WIDTH does not match between /zynq_ultra_ps_e_0/S_AXI_HP0_FPD(1) and /axi_smc_1/M00_AXI(0)
WARNING: [BD 41-237] Bus Interface property ARUSER_WIDTH does not match between /zynq_ultra_ps_e_0/S_AXI_HP0_FPD(1) and /axi_smc_1/M00_AXI(0)
WARNING: [BD 41-2671] The dangling interface net <m00_aw_node_M_AXIS_ARB> will not be written out to the BD file.
WARNING: [BD 41-2671] The dangling interface net <m01_aw_node_M_AXIS_ARB> will not be written out to the BD file.
Wrote  : </home/cathyhu3/s965/pz2/rfsoc/lab6_skid/lab6_skid.srcs/sources_1/bd/design_1/design_1.bd> 
Verilog Output written to : /home/cathyhu3/s965/pz2/rfsoc/lab6_skid/lab6_skid.gen/sources_1/bd/design_1/synth/design_1.v
Verilog Output written to : /home/cathyhu3/s965/pz2/rfsoc/lab6_skid/lab6_skid.gen/sources_1/bd/design_1/sim/design_1.v
Verilog Output written to : /home/cathyhu3/s965/pz2/rfsoc/lab6_skid/lab6_skid.gen/sources_1/bd/design_1/hdl/design_1_wrapper.v
INFO: [BD 41-1029] Generation completed for the IP Integrator block axi_dma_0 .
Exporting to file /home/cathyhu3/s965/pz2/rfsoc/lab6_skid/lab6_skid.gen/sources_1/bd/design_1/ip/design_1_axi_smc_0/bd_0/hw_handoff/design_1_axi_smc_0.hwh
Generated Hardware Definition File /home/cathyhu3/s965/pz2/rfsoc/lab6_skid/lab6_skid.gen/sources_1/bd/design_1/ip/design_1_axi_smc_0/bd_0/synth/design_1_axi_smc_0.hwdef
INFO: [BD 41-1029] Generation completed for the IP Integrator block axi_smc .
Exporting to file /home/cathyhu3/s965/pz2/rfsoc/lab6_skid/lab6_skid.gen/sources_1/bd/design_1/ip/design_1_axi_smc_1_0/bd_0/hw_handoff/design_1_axi_smc_1_0.hwh
Generated Hardware Definition File /home/cathyhu3/s965/pz2/rfsoc/lab6_skid/lab6_skid.gen/sources_1/bd/design_1/ip/design_1_axi_smc_1_0/bd_0/synth/design_1_axi_smc_1_0.hwdef
INFO: [BD 41-1029] Generation completed for the IP Integrator block axi_smc_1 .
Exporting to file /home/cathyhu3/s965/pz2/rfsoc/lab6_skid/lab6_skid.gen/sources_1/bd/design_1/hw_handoff/design_1.hwh
Generated Hardware Definition File /home/cathyhu3/s965/pz2/rfsoc/lab6_skid/lab6_skid.gen/sources_1/bd/design_1/synth/design_1.hwdef
INFO: [IP_Flow 19-4993] Using cached IP synthesis design for IP design_1_axi_smc_0, cache-ID = bb136323144d6483; cache size = 40.228 MB.
INFO: [IP_Flow 19-4993] Using cached IP synthesis design for IP design_1_axi_smc_1_0, cache-ID = b18ad00fb7007875; cache size = 40.228 MB.
[Fri Oct 17 16:57:58 2025] Launched design_1_axi_dma_0_0_synth_1, synth_1...
Run output will be captured here:
design_1_axi_dma_0_0_synth_1: /home/cathyhu3/s965/pz2/rfsoc/lab6_skid/lab6_skid.runs/design_1_axi_dma_0_0_synth_1/runme.log
synth_1: /home/cathyhu3/s965/pz2/rfsoc/lab6_skid/lab6_skid.runs/synth_1/runme.log
[Fri Oct 17 16:57:58 2025] Launched impl_1...
Run output will be captured here: /home/cathyhu3/s965/pz2/rfsoc/lab6_skid/lab6_skid.runs/impl_1/runme.log
launch_runs: Time (s): cpu = 00:00:19 ; elapsed = 00:00:20 . Memory (MB): peak = 18157.074 ; gain = 241.918 ; free physical = 15974 ; free virtual = 27930
startgroup
endgroup
ipx::edit_ip_in_project -upgrade true -name iq_packager_v1_0_project -directory /home/cathyhu3/s965/pz2/rfsoc/lab6_skid/lab6_skid.tmp/iq_packager_v1_0_project /home/cathyhu3/s965/pz2/rfsoc/ip_repo/iq_packager_1_0/component.xml
INFO: [IP_Flow 19-234] Refreshing IP repositories
INFO: [IP_Flow 19-1704] No user IP repositories specified
INFO: [IP_Flow 19-2313] Loaded Vivado IP repository '/tools/Xilinx/2025.1/Vivado/data/ip'.
WARNING: [Board 49-26] cannot add Board Part xilinx.com:emb-plus-vpr-4616:part0:1.0 available at /tools/Xilinx/2025.1/data/xhub/boards/XilinxBoardStore/boards/Xilinx/emb-plus-vpr-4616/1.0/board.xml as part xcve2302-sfva784-2mp-e-s specified in board_part file is either invalid or not available
WARNING: [Board 49-26] cannot add Board Part xilinx.com:emb-plus-vpr-4616:part0:1.1 available at /tools/Xilinx/2025.1/data/xhub/boards/XilinxBoardStore/boards/Xilinx/emb-plus-vpr-4616/1.1/board.xml as part xcve2302-sfva784-2mp-e-s specified in board_part file is either invalid or not available
WARNING: [Board 49-26] cannot add Board Part xilinx.com:v80:part0:1.0 available at /tools/Xilinx/2025.1/data/xhub/boards/XilinxBoardStore/boards/Xilinx/v80/1.0/board.xml as part xcv80-lsva4737-2mhp-e-s specified in board_part file is either invalid or not available
WARNING: [Board 49-26] cannot add Board Part xilinx.com:vck190:part0:2.2 available at /tools/Xilinx/2025.1/data/xhub/boards/XilinxBoardStore/boards/Xilinx/vck190/production/2.2/board.xml as part xcvc1902-vsva2197-2mp-e-s specified in board_part file is either invalid or not available
WARNING: [Board 49-26] cannot add Board Part xilinx.com:vck190:part0:3.0 available at /tools/Xilinx/2025.1/data/xhub/boards/XilinxBoardStore/boards/Xilinx/vck190/production/3.0/board.xml as part xcvc1902-vsva2197-2mp-e-s specified in board_part file is either invalid or not available
WARNING: [Board 49-26] cannot add Board Part xilinx.com:vck190:part0:3.1 available at /tools/Xilinx/2025.1/data/xhub/boards/XilinxBoardStore/boards/Xilinx/vck190/production/3.1/board.xml as part xcvc1902-vsva2197-2mp-e-s specified in board_part file is either invalid or not available
WARNING: [Board 49-26] cannot add Board Part xilinx.com:vck190:part0:3.2 available at /tools/Xilinx/2025.1/data/xhub/boards/XilinxBoardStore/boards/Xilinx/vck190/production/3.2/board.xml as part xcvc1902-vsva2197-2mp-e-s specified in board_part file is either invalid or not available
WARNING: [Board 49-26] cannot add Board Part xilinx.com:vck190:part0:3.3 available at /tools/Xilinx/2025.1/data/xhub/boards/XilinxBoardStore/boards/Xilinx/vck190/production/3.3/board.xml as part xcvc1902-vsva2197-2mp-e-s specified in board_part file is either invalid or not available
WARNING: [Board 49-26] cannot add Board Part xilinx.com:vck190:part0:3.4 available at /tools/Xilinx/2025.1/data/xhub/boards/XilinxBoardStore/boards/Xilinx/vck190/production/3.4/board.xml as part xcvc1902-vsva2197-2mp-e-s specified in board_part file is either invalid or not available
WARNING: [Board 49-26] cannot add Board Part xilinx.com:vck190_newl:part0:1.0 available at /tools/Xilinx/2025.1/data/xhub/boards/XilinxBoardStore/boards/Xilinx/vck190_newl/production/1.0/board.xml as part xcvc1902-vsva2197-2mp-e-s specified in board_part file is either invalid or not available
WARNING: [Board 49-26] cannot add Board Part xilinx.com:vck190_newl:part0:1.1 available at /tools/Xilinx/2025.1/data/xhub/boards/XilinxBoardStore/boards/Xilinx/vck190_newl/production/1.1/board.xml as part xcvc1902-vsva2197-2mp-e-s specified in board_part file is either invalid or not available
WARNING: [Board 49-26] cannot add Board Part xilinx.com:vck190_newl:part0:1.2 available at /tools/Xilinx/2025.1/data/xhub/boards/XilinxBoardStore/boards/Xilinx/vck190_newl/production/1.2/board.xml as part xcvc1902-vsva2197-2mp-e-s specified in board_part file is either invalid or not available
WARNING: [Board 49-26] cannot add Board Part xilinx.com:vck190_newl:part0:1.3 available at /tools/Xilinx/2025.1/data/xhub/boards/XilinxBoardStore/boards/Xilinx/vck190_newl/production/1.3/board.xml as part xcvc1902-vsva2197-2mp-e-s specified in board_part file is either invalid or not available
WARNING: [Board 49-26] cannot add Board Part xilinx.com:vek280:part0:1.0 available at /tools/Xilinx/2025.1/data/xhub/boards/XilinxBoardStore/boards/Xilinx/vek280/production/1.0/board.xml as part xcve2802-vsvh1760-2mp-e-s specified in board_part file is either invalid or not available
WARNING: [Board 49-26] cannot add Board Part xilinx.com:vek280:part0:1.1 available at /tools/Xilinx/2025.1/data/xhub/boards/XilinxBoardStore/boards/Xilinx/vek280/production/1.1/board.xml as part xcve2802-vsvh1760-2mp-e-s specified in board_part file is either invalid or not available
WARNING: [Board 49-26] cannot add Board Part xilinx.com:vek280:part0:1.2 available at /tools/Xilinx/2025.1/data/xhub/boards/XilinxBoardStore/boards/Xilinx/vek280/production/1.2/board.xml as part xcve2802-vsvh1760-2mp-e-s specified in board_part file is either invalid or not available
WARNING: [Board 49-26] cannot add Board Part xilinx.com:vek385:part0:1.0 available at /tools/Xilinx/2025.1/data/xhub/boards/XilinxBoardStore/boards/Xilinx/vek385/1.0/board.xml as part xc2ve3858-ssva2112-2mp-e-s specified in board_part file is either invalid or not available
WARNING: [Board 49-26] cannot add Board Part xilinx.com:vhk158:part0:1.0 available at /tools/Xilinx/2025.1/data/xhub/boards/XilinxBoardStore/boards/Xilinx/vhk158/production/1.0/board.xml as part xcvh1582-vsva3697-2mp-e-s specified in board_part file is either invalid or not available
WARNING: [Board 49-26] cannot add Board Part xilinx.com:vhk158:part0:1.1 available at /tools/Xilinx/2025.1/data/xhub/boards/XilinxBoardStore/boards/Xilinx/vhk158/production/1.1/board.xml as part xcvh1582-vsva3697-2mp-e-s specified in board_part file is either invalid or not available
WARNING: [Board 49-26] cannot add Board Part xilinx.com:vhk158:part0:1.2 available at /tools/Xilinx/2025.1/data/xhub/boards/XilinxBoardStore/boards/Xilinx/vhk158/production/1.2/board.xml as part xcvh1582-vsva3697-2mp-e-s specified in board_part file is either invalid or not available
WARNING: [Board 49-26] cannot add Board Part xilinx.com:vmk180:part0:2.2 available at /tools/Xilinx/2025.1/data/xhub/boards/XilinxBoardStore/boards/Xilinx/vmk180/production/2.2/board.xml as part xcvm1802-vsva2197-2mp-e-s specified in board_part file is either invalid or not available
WARNING: [Board 49-26] cannot add Board Part xilinx.com:vmk180:part0:3.0 available at /tools/Xilinx/2025.1/data/xhub/boards/XilinxBoardStore/boards/Xilinx/vmk180/production/3.0/board.xml as part xcvm1802-vsva2197-2mp-e-s specified in board_part file is either invalid or not available
WARNING: [Board 49-26] cannot add Board Part xilinx.com:vmk180:part0:3.1 available at /tools/Xilinx/2025.1/data/xhub/boards/XilinxBoardStore/boards/Xilinx/vmk180/production/3.1/board.xml as part xcvm1802-vsva2197-2mp-e-s specified in board_part file is either invalid or not available
WARNING: [Board 49-26] cannot add Board Part xilinx.com:vmk180:part0:3.2 available at /tools/Xilinx/2025.1/data/xhub/boards/XilinxBoardStore/boards/Xilinx/vmk180/production/3.2/board.xml as part xcvm1802-vsva2197-2mp-e-s specified in board_part file is either invalid or not available
WARNING: [Board 49-26] cannot add Board Part xilinx.com:vmk180:part0:3.3 available at /tools/Xilinx/2025.1/data/xhub/boards/XilinxBoardStore/boards/Xilinx/vmk180/production/3.3/board.xml as part xcvm1802-vsva2197-2mp-e-s specified in board_part file is either invalid or not available
WARNING: [Board 49-26] cannot add Board Part xilinx.com:vmk180_newl:part0:1.0 available at /tools/Xilinx/2025.1/data/xhub/boards/XilinxBoardStore/boards/Xilinx/vmk180_newl/production/1.0/board.xml as part xcvm1802-vsva2197-2mp-e-s specified in board_part file is either invalid or not available
WARNING: [Board 49-26] cannot add Board Part xilinx.com:vmk180_newl:part0:1.1 available at /tools/Xilinx/2025.1/data/xhub/boards/XilinxBoardStore/boards/Xilinx/vmk180_newl/production/1.1/board.xml as part xcvm1802-vsva2197-2mp-e-s specified in board_part file is either invalid or not available
WARNING: [Board 49-26] cannot add Board Part xilinx.com:vpk120:part0:1.0 available at /tools/Xilinx/2025.1/data/xhub/boards/XilinxBoardStore/boards/Xilinx/vpk120/production/1.0/board.xml as part xcvp1202-vsva2785-2mp-e-s specified in board_part file is either invalid or not available
WARNING: [Board 49-26] cannot add Board Part xilinx.com:vpk120:part0:1.1 available at /tools/Xilinx/2025.1/data/xhub/boards/XilinxBoardStore/boards/Xilinx/vpk120/production/1.1/board.xml as part xcvp1202-vsva2785-2mp-e-s specified in board_part file is either invalid or not available
WARNING: [Board 49-26] cannot add Board Part xilinx.com:vpk120:part0:1.2 available at /tools/Xilinx/2025.1/data/xhub/boards/XilinxBoardStore/boards/Xilinx/vpk120/production/1.2/board.xml as part xcvp1202-vsva2785-2mp-e-s specified in board_part file is either invalid or not available
WARNING: [Board 49-26] cannot add Board Part xilinx.com:vpk180:part0:1.0 available at /tools/Xilinx/2025.1/data/xhub/boards/XilinxBoardStore/boards/Xilinx/vpk180/production/1.0/board.xml as part xcvp1802-lsvc4072-2mp-e-s specified in board_part file is either invalid or not available
WARNING: [Board 49-26] cannot add Board Part xilinx.com:vpk180:part0:1.1 available at /tools/Xilinx/2025.1/data/xhub/boards/XilinxBoardStore/boards/Xilinx/vpk180/production/1.1/board.xml as part xcvp1802-lsvc4072-2mp-e-s specified in board_part file is either invalid or not available
WARNING: [Board 49-26] cannot add Board Part xilinx.com:vpk180:part0:1.2 available at /tools/Xilinx/2025.1/data/xhub/boards/XilinxBoardStore/boards/Xilinx/vpk180/production/1.2/board.xml as part xcvp1802-lsvc4072-2mp-e-s specified in board_part file is either invalid or not available
WARNING: [Board 49-26] cannot add Board Part xilinx.com:zcu208ld:part0:2.0 available at /tools/Xilinx/2025.1/data/xhub/boards/XilinxBoardStore/boards/Xilinx/zcu208ld/production/2.0/board.xml as part xczu58dr-fsvg1517-2-i specified in board_part file is either invalid or not available
WARNING: [Board 49-26] cannot add Board Part xilinx.com:zcu216ld:part0:2.0 available at /tools/Xilinx/2025.1/data/xhub/boards/XilinxBoardStore/boards/Xilinx/zcu216ld/production/2.0/board.xml as part xczu59dr-ffvf1760-2-i specified in board_part file is either invalid or not available
WARNING: [Board 49-26] cannot add Board Part xilinx.com:zcu670ld:part0:1.0 available at /tools/Xilinx/2025.1/data/xhub/boards/XilinxBoardStore/boards/Xilinx/zcu670ld/1.0/board.xml as part xczu57dr-fsve1156-2-i specified in board_part file is either invalid or not available
INFO: [IP_Flow 19-234] Refreshing IP repositories
INFO: [IP_Flow 19-1700] Loaded user IP repository '/home/cathyhu3/s965/pz2/rfsoc/ip_repo/iq_packager_1_0'.
INFO: [IP_Flow 19-795] Syncing license key meta-data
update_compile_order -fileset sources_1
ipx::merge_project_changes hdl_parameters [ipx::current_core]
WARNING: [IP_Flow 19-4300] HDL parameter 'C_S00_AXIS_TDATA_WIDTH' has its value changed from '32' to '36'.
WARNING: [IP_Flow 19-4300] HDL parameter 'C_S01_AXIS_TDATA_WIDTH' has its value changed from '32' to '36'.
WARNING: [IP_Flow 19-4300] HDL parameter 'C_M00_AXIS_TDATA_WIDTH' has its value changed from '32' to '36'.
WARNING: [IP_Flow 19-4300] HDL parameter 'C_M00_AXIS_START_COUNT' has its value changed from '32' to '36'.
ERROR: [IP_Flow 19-3461] Value '36' is out of the range for parameter 'C M00 AXIS TDATA WIDTH(C_M00_AXIS_TDATA_WIDTH)' for IP 'iq_packager_0' . Valid values are - 32
ERROR: [IP_Flow 19-3461] Value '36' is out of the range for parameter 'C S00 AXIS TDATA WIDTH(C_S00_AXIS_TDATA_WIDTH)' for IP 'iq_packager_0' . Valid values are - 32
ERROR: [IP_Flow 19-3461] Value '36' is out of the range for parameter 'C S01 AXIS TDATA WIDTH(C_S01_AXIS_TDATA_WIDTH)' for IP 'iq_packager_0' . Valid values are - 32
CRITICAL WARNING: [IP_Flow 19-5622] Failed to create IP instance 'iq_packager_0'. Failed to customize IP instance 'iq_packager_0'. Failed to load customization data
close_project
ipx::edit_ip_in_project -upgrade true -name iq_packager_v1_0_project -directory /home/cathyhu3/s965/pz2/rfsoc/lab6_skid/lab6_skid.tmp/iq_packager_v1_0_project /home/cathyhu3/s965/pz2/rfsoc/ip_repo/iq_packager_1_0/component.xml
INFO: [IP_Flow 19-234] Refreshing IP repositories
INFO: [IP_Flow 19-1704] No user IP repositories specified
INFO: [IP_Flow 19-2313] Loaded Vivado IP repository '/tools/Xilinx/2025.1/Vivado/data/ip'.
WARNING: [Board 49-26] cannot add Board Part xilinx.com:emb-plus-vpr-4616:part0:1.0 available at /tools/Xilinx/2025.1/data/xhub/boards/XilinxBoardStore/boards/Xilinx/emb-plus-vpr-4616/1.0/board.xml as part xcve2302-sfva784-2mp-e-s specified in board_part file is either invalid or not available
WARNING: [Board 49-26] cannot add Board Part xilinx.com:emb-plus-vpr-4616:part0:1.1 available at /tools/Xilinx/2025.1/data/xhub/boards/XilinxBoardStore/boards/Xilinx/emb-plus-vpr-4616/1.1/board.xml as part xcve2302-sfva784-2mp-e-s specified in board_part file is either invalid or not available
WARNING: [Board 49-26] cannot add Board Part xilinx.com:v80:part0:1.0 available at /tools/Xilinx/2025.1/data/xhub/boards/XilinxBoardStore/boards/Xilinx/v80/1.0/board.xml as part xcv80-lsva4737-2mhp-e-s specified in board_part file is either invalid or not available
WARNING: [Board 49-26] cannot add Board Part xilinx.com:vck190:part0:2.2 available at /tools/Xilinx/2025.1/data/xhub/boards/XilinxBoardStore/boards/Xilinx/vck190/production/2.2/board.xml as part xcvc1902-vsva2197-2mp-e-s specified in board_part file is either invalid or not available
WARNING: [Board 49-26] cannot add Board Part xilinx.com:vck190:part0:3.0 available at /tools/Xilinx/2025.1/data/xhub/boards/XilinxBoardStore/boards/Xilinx/vck190/production/3.0/board.xml as part xcvc1902-vsva2197-2mp-e-s specified in board_part file is either invalid or not available
WARNING: [Board 49-26] cannot add Board Part xilinx.com:vck190:part0:3.1 available at /tools/Xilinx/2025.1/data/xhub/boards/XilinxBoardStore/boards/Xilinx/vck190/production/3.1/board.xml as part xcvc1902-vsva2197-2mp-e-s specified in board_part file is either invalid or not available
WARNING: [Board 49-26] cannot add Board Part xilinx.com:vck190:part0:3.2 available at /tools/Xilinx/2025.1/data/xhub/boards/XilinxBoardStore/boards/Xilinx/vck190/production/3.2/board.xml as part xcvc1902-vsva2197-2mp-e-s specified in board_part file is either invalid or not available
WARNING: [Board 49-26] cannot add Board Part xilinx.com:vck190:part0:3.3 available at /tools/Xilinx/2025.1/data/xhub/boards/XilinxBoardStore/boards/Xilinx/vck190/production/3.3/board.xml as part xcvc1902-vsva2197-2mp-e-s specified in board_part file is either invalid or not available
WARNING: [Board 49-26] cannot add Board Part xilinx.com:vck190:part0:3.4 available at /tools/Xilinx/2025.1/data/xhub/boards/XilinxBoardStore/boards/Xilinx/vck190/production/3.4/board.xml as part xcvc1902-vsva2197-2mp-e-s specified in board_part file is either invalid or not available
WARNING: [Board 49-26] cannot add Board Part xilinx.com:vck190_newl:part0:1.0 available at /tools/Xilinx/2025.1/data/xhub/boards/XilinxBoardStore/boards/Xilinx/vck190_newl/production/1.0/board.xml as part xcvc1902-vsva2197-2mp-e-s specified in board_part file is either invalid or not available
WARNING: [Board 49-26] cannot add Board Part xilinx.com:vck190_newl:part0:1.1 available at /tools/Xilinx/2025.1/data/xhub/boards/XilinxBoardStore/boards/Xilinx/vck190_newl/production/1.1/board.xml as part xcvc1902-vsva2197-2mp-e-s specified in board_part file is either invalid or not available
WARNING: [Board 49-26] cannot add Board Part xilinx.com:vck190_newl:part0:1.2 available at /tools/Xilinx/2025.1/data/xhub/boards/XilinxBoardStore/boards/Xilinx/vck190_newl/production/1.2/board.xml as part xcvc1902-vsva2197-2mp-e-s specified in board_part file is either invalid or not available
WARNING: [Board 49-26] cannot add Board Part xilinx.com:vck190_newl:part0:1.3 available at /tools/Xilinx/2025.1/data/xhub/boards/XilinxBoardStore/boards/Xilinx/vck190_newl/production/1.3/board.xml as part xcvc1902-vsva2197-2mp-e-s specified in board_part file is either invalid or not available
WARNING: [Board 49-26] cannot add Board Part xilinx.com:vek280:part0:1.0 available at /tools/Xilinx/2025.1/data/xhub/boards/XilinxBoardStore/boards/Xilinx/vek280/production/1.0/board.xml as part xcve2802-vsvh1760-2mp-e-s specified in board_part file is either invalid or not available
WARNING: [Board 49-26] cannot add Board Part xilinx.com:vek280:part0:1.1 available at /tools/Xilinx/2025.1/data/xhub/boards/XilinxBoardStore/boards/Xilinx/vek280/production/1.1/board.xml as part xcve2802-vsvh1760-2mp-e-s specified in board_part file is either invalid or not available
WARNING: [Board 49-26] cannot add Board Part xilinx.com:vek280:part0:1.2 available at /tools/Xilinx/2025.1/data/xhub/boards/XilinxBoardStore/boards/Xilinx/vek280/production/1.2/board.xml as part xcve2802-vsvh1760-2mp-e-s specified in board_part file is either invalid or not available
WARNING: [Board 49-26] cannot add Board Part xilinx.com:vek385:part0:1.0 available at /tools/Xilinx/2025.1/data/xhub/boards/XilinxBoardStore/boards/Xilinx/vek385/1.0/board.xml as part xc2ve3858-ssva2112-2mp-e-s specified in board_part file is either invalid or not available
WARNING: [Board 49-26] cannot add Board Part xilinx.com:vhk158:part0:1.0 available at /tools/Xilinx/2025.1/data/xhub/boards/XilinxBoardStore/boards/Xilinx/vhk158/production/1.0/board.xml as part xcvh1582-vsva3697-2mp-e-s specified in board_part file is either invalid or not available
WARNING: [Board 49-26] cannot add Board Part xilinx.com:vhk158:part0:1.1 available at /tools/Xilinx/2025.1/data/xhub/boards/XilinxBoardStore/boards/Xilinx/vhk158/production/1.1/board.xml as part xcvh1582-vsva3697-2mp-e-s specified in board_part file is either invalid or not available
WARNING: [Board 49-26] cannot add Board Part xilinx.com:vhk158:part0:1.2 available at /tools/Xilinx/2025.1/data/xhub/boards/XilinxBoardStore/boards/Xilinx/vhk158/production/1.2/board.xml as part xcvh1582-vsva3697-2mp-e-s specified in board_part file is either invalid or not available
WARNING: [Board 49-26] cannot add Board Part xilinx.com:vmk180:part0:2.2 available at /tools/Xilinx/2025.1/data/xhub/boards/XilinxBoardStore/boards/Xilinx/vmk180/production/2.2/board.xml as part xcvm1802-vsva2197-2mp-e-s specified in board_part file is either invalid or not available
WARNING: [Board 49-26] cannot add Board Part xilinx.com:vmk180:part0:3.0 available at /tools/Xilinx/2025.1/data/xhub/boards/XilinxBoardStore/boards/Xilinx/vmk180/production/3.0/board.xml as part xcvm1802-vsva2197-2mp-e-s specified in board_part file is either invalid or not available
WARNING: [Board 49-26] cannot add Board Part xilinx.com:vmk180:part0:3.1 available at /tools/Xilinx/2025.1/data/xhub/boards/XilinxBoardStore/boards/Xilinx/vmk180/production/3.1/board.xml as part xcvm1802-vsva2197-2mp-e-s specified in board_part file is either invalid or not available
WARNING: [Board 49-26] cannot add Board Part xilinx.com:vmk180:part0:3.2 available at /tools/Xilinx/2025.1/data/xhub/boards/XilinxBoardStore/boards/Xilinx/vmk180/production/3.2/board.xml as part xcvm1802-vsva2197-2mp-e-s specified in board_part file is either invalid or not available
WARNING: [Board 49-26] cannot add Board Part xilinx.com:vmk180:part0:3.3 available at /tools/Xilinx/2025.1/data/xhub/boards/XilinxBoardStore/boards/Xilinx/vmk180/production/3.3/board.xml as part xcvm1802-vsva2197-2mp-e-s specified in board_part file is either invalid or not available
WARNING: [Board 49-26] cannot add Board Part xilinx.com:vmk180_newl:part0:1.0 available at /tools/Xilinx/2025.1/data/xhub/boards/XilinxBoardStore/boards/Xilinx/vmk180_newl/production/1.0/board.xml as part xcvm1802-vsva2197-2mp-e-s specified in board_part file is either invalid or not available
WARNING: [Board 49-26] cannot add Board Part xilinx.com:vmk180_newl:part0:1.1 available at /tools/Xilinx/2025.1/data/xhub/boards/XilinxBoardStore/boards/Xilinx/vmk180_newl/production/1.1/board.xml as part xcvm1802-vsva2197-2mp-e-s specified in board_part file is either invalid or not available
WARNING: [Board 49-26] cannot add Board Part xilinx.com:vpk120:part0:1.0 available at /tools/Xilinx/2025.1/data/xhub/boards/XilinxBoardStore/boards/Xilinx/vpk120/production/1.0/board.xml as part xcvp1202-vsva2785-2mp-e-s specified in board_part file is either invalid or not available
WARNING: [Board 49-26] cannot add Board Part xilinx.com:vpk120:part0:1.1 available at /tools/Xilinx/2025.1/data/xhub/boards/XilinxBoardStore/boards/Xilinx/vpk120/production/1.1/board.xml as part xcvp1202-vsva2785-2mp-e-s specified in board_part file is either invalid or not available
WARNING: [Board 49-26] cannot add Board Part xilinx.com:vpk120:part0:1.2 available at /tools/Xilinx/2025.1/data/xhub/boards/XilinxBoardStore/boards/Xilinx/vpk120/production/1.2/board.xml as part xcvp1202-vsva2785-2mp-e-s specified in board_part file is either invalid or not available
WARNING: [Board 49-26] cannot add Board Part xilinx.com:vpk180:part0:1.0 available at /tools/Xilinx/2025.1/data/xhub/boards/XilinxBoardStore/boards/Xilinx/vpk180/production/1.0/board.xml as part xcvp1802-lsvc4072-2mp-e-s specified in board_part file is either invalid or not available
WARNING: [Board 49-26] cannot add Board Part xilinx.com:vpk180:part0:1.1 available at /tools/Xilinx/2025.1/data/xhub/boards/XilinxBoardStore/boards/Xilinx/vpk180/production/1.1/board.xml as part xcvp1802-lsvc4072-2mp-e-s specified in board_part file is either invalid or not available
WARNING: [Board 49-26] cannot add Board Part xilinx.com:vpk180:part0:1.2 available at /tools/Xilinx/2025.1/data/xhub/boards/XilinxBoardStore/boards/Xilinx/vpk180/production/1.2/board.xml as part xcvp1802-lsvc4072-2mp-e-s specified in board_part file is either invalid or not available
WARNING: [Board 49-26] cannot add Board Part xilinx.com:zcu208ld:part0:2.0 available at /tools/Xilinx/2025.1/data/xhub/boards/XilinxBoardStore/boards/Xilinx/zcu208ld/production/2.0/board.xml as part xczu58dr-fsvg1517-2-i specified in board_part file is either invalid or not available
WARNING: [Board 49-26] cannot add Board Part xilinx.com:zcu216ld:part0:2.0 available at /tools/Xilinx/2025.1/data/xhub/boards/XilinxBoardStore/boards/Xilinx/zcu216ld/production/2.0/board.xml as part xczu59dr-ffvf1760-2-i specified in board_part file is either invalid or not available
WARNING: [Board 49-26] cannot add Board Part xilinx.com:zcu670ld:part0:1.0 available at /tools/Xilinx/2025.1/data/xhub/boards/XilinxBoardStore/boards/Xilinx/zcu670ld/1.0/board.xml as part xczu57dr-fsve1156-2-i specified in board_part file is either invalid or not available
INFO: [IP_Flow 19-234] Refreshing IP repositories
INFO: [IP_Flow 19-1700] Loaded user IP repository '/home/cathyhu3/s965/pz2/rfsoc/ip_repo/iq_packager_1_0'.
INFO: [IP_Flow 19-795] Syncing license key meta-data
update_compile_order -fileset sources_1
ipx::merge_project_changes hdl_parameters [ipx::current_core]
set_property core_revision 14 [ipx::current_core]
ipx::update_source_project_archive -component [ipx::current_core]
ipx::create_xgui_files [ipx::current_core]
ipx::update_checksums [ipx::current_core]
ipx::check_integrity [ipx::current_core]
WARNING: [IP_Flow 19-11889] HDL Parameter 'C_S01_AXIS_TDATA_WIDTH (C S01 AXIS TDATA WIDTH)': Order is obsolete with XGUI version >= 2.0
WARNING: [IP_Flow 19-11889] HDL Parameter 'C_S00_AXIS_TDATA_WIDTH (C S00 AXIS TDATA WIDTH)': Order is obsolete with XGUI version >= 2.0
WARNING: [IP_Flow 19-11889] HDL Parameter 'C_M00_AXIS_TDATA_WIDTH (C M00 AXIS TDATA WIDTH)': Order is obsolete with XGUI version >= 2.0
WARNING: [IP_Flow 19-11889] HDL Parameter 'C_M00_AXIS_START_COUNT (C M00 AXIS START COUNT)': Order is obsolete with XGUI version >= 2.0
WARNING: [IP_Flow 19-11770] Clock interface 'S01_AXIS_CLK' has no FREQ_HZ parameter.
WARNING: [IP_Flow 19-11770] Clock interface 'S00_AXIS_CLK' has no FREQ_HZ parameter.
WARNING: [IP_Flow 19-11770] Clock interface 'M00_AXIS_CLK' has no FREQ_HZ parameter.
INFO: [IP_Flow 19-2181] Payment is not required for this core.
WARNING: [IP_Flow 19-2187] The Product Guide file is missing.
INFO: [Ipptcl 7-1486] check_integrity: Integrity check passed.
ipx::save_core [ipx::current_core]
ipx::move_temp_component_back -component [ipx::current_core]
close_project -delete
update_ip_catalog -rebuild -repo_path /home/cathyhu3/s965/pz2/rfsoc/ip_repo/iq_packager_1_0
INFO: [IP_Flow 19-725] Reloaded user IP repository '/home/cathyhu3/s965/pz2/rfsoc/ip_repo/iq_packager_1_0'
report_ip_status -name ip_status 
upgrade_ip -vlnv user.org:user:iq_packager:1.0 [get_ips  design_1_iq_packager_0_0] -log ip_upgrade.log
Upgrading '/home/cathyhu3/s965/pz2/rfsoc/lab6_skid/lab6_skid.srcs/sources_1/bd/design_1/design_1.bd'
INFO: [IP_Flow 19-3422] Upgraded design_1_iq_packager_0_0 (iq_packager_v1.0 1.0) from revision 13 to revision 14
Wrote  : </home/cathyhu3/s965/pz2/rfsoc/lab6_skid/lab6_skid.srcs/sources_1/bd/design_1/design_1.bd> 
Wrote  : </home/cathyhu3/s965/pz2/rfsoc/lab6_skid/lab6_skid.srcs/sources_1/bd/design_1/ui/bd_1f5defd0.ui> 
INFO: [Coretcl 2-1525] Wrote upgrade log to '/home/cathyhu3/s965/pz2/rfsoc/lab6_skid/ip_upgrade.log'.
export_ip_user_files -of_objects [get_ips design_1_iq_packager_0_0] -no_script -sync -force -quiet
generate_target all [get_files  /home/cathyhu3/s965/pz2/rfsoc/lab6_skid/lab6_skid.srcs/sources_1/bd/design_1/design_1.bd]
WARNING: [BD 41-1629] Slave segment </zynq_ultra_ps_e_0/SAXIGP2/HP0_LPS_OCM> is excluded from all addressing paths.
WARNING: [BD 41-3281] Instance '/zynq_ultra_ps_e_0' is connected on both sides by SmartConnects and cannot automatically configure itself to match the endpoints. Please manually configure its AXI interfaces as required for the design.
WARNING: [BD 41-3281] Instance '/axi_dma_0' is connected on both sides by SmartConnects and cannot automatically configure itself to match the endpoints. Please manually configure its AXI interfaces as required for the design.
Excluding slave segment /zynq_ultra_ps_e_0/SAXIGP2/HP0_LPS_OCM from address space /axi_dma_0/Data_S2MM.
Excluding slave segment /zynq_ultra_ps_e_0/SAXIGP2/HP0_LPS_OCM from address space /axi_dma_0/Data_S2MM.
Excluding slave segment /zynq_ultra_ps_e_0/SAXIGP2/HP0_LPS_OCM from address space /axi_dma_0/Data_S2MM.
Excluding slave segment /zynq_ultra_ps_e_0/SAXIGP2/HP0_LPS_OCM from address space /axi_dma_0/Data_S2MM.
INFO: [BD 5-943] Reserving offset range <0xA000_0000 [ 64K ]> from slave interface '/axi_smc/S00_AXI' to master interface '/axi_smc/M00_AXI'. This will be used by smartconnect on path for routing.
INFO: [BD 5-943] Reserving offset range <0xA004_0000 [ 256K ]> from slave interface '/axi_smc/S00_AXI' to master interface '/axi_smc/M01_AXI'. This will be used by smartconnect on path for routing.
INFO: [xilinx.com:ip:smartconnect:1.0-1] design_1_axi_smc_0: SmartConnect design_1_axi_smc_0 is in Low-Area Mode.
INFO: [BD 5-943] Reserving offset range <0x0000_0000 [ 2G ]> from slave interface '/axi_smc_1/S00_AXI' to master interface '/axi_smc_1/M00_AXI'. This will be used by smartconnect on path for routing.
INFO: [xilinx.com:ip:smartconnect:1.0-1] design_1_axi_smc_1_0: SmartConnect design_1_axi_smc_1_0 is in High-performance Mode.
Excluding slave segment /zynq_ultra_ps_e_0/SAXIGP2/HP0_LPS_OCM from address space /axi_dma_0/Data_S2MM.
Excluding slave segment /zynq_ultra_ps_e_0/SAXIGP2/HP0_LPS_OCM from address space /axi_dma_0/Data_S2MM.
INFO: [xilinx.com:ip:clk_wiz:6.0-1] /clk_wiz_0 clk_wiz propagate
WARNING: [BD 41-237] Bus Interface property AWUSER_WIDTH does not match between /zynq_ultra_ps_e_0/S_AXI_HP0_FPD(1) and /axi_smc_1/M00_AXI(0)
WARNING: [BD 41-237] Bus Interface property ARUSER_WIDTH does not match between /zynq_ultra_ps_e_0/S_AXI_HP0_FPD(1) and /axi_smc_1/M00_AXI(0)
WARNING: [BD 41-2671] The dangling interface net <m00_aw_node_M_AXIS_ARB> will not be written out to the BD file.
WARNING: [BD 41-2671] The dangling interface net <m01_aw_node_M_AXIS_ARB> will not be written out to the BD file.
Wrote  : </home/cathyhu3/s965/pz2/rfsoc/lab6_skid/lab6_skid.srcs/sources_1/bd/design_1/design_1.bd> 
Verilog Output written to : /home/cathyhu3/s965/pz2/rfsoc/lab6_skid/lab6_skid.gen/sources_1/bd/design_1/synth/design_1.v
Verilog Output written to : /home/cathyhu3/s965/pz2/rfsoc/lab6_skid/lab6_skid.gen/sources_1/bd/design_1/sim/design_1.v
Verilog Output written to : /home/cathyhu3/s965/pz2/rfsoc/lab6_skid/lab6_skid.gen/sources_1/bd/design_1/hdl/design_1_wrapper.v
INFO: [BD 41-1029] Generation completed for the IP Integrator block iq_packager_0 .
Exporting to file /home/cathyhu3/s965/pz2/rfsoc/lab6_skid/lab6_skid.gen/sources_1/bd/design_1/ip/design_1_axi_smc_0/bd_0/hw_handoff/design_1_axi_smc_0.hwh
Generated Hardware Definition File /home/cathyhu3/s965/pz2/rfsoc/lab6_skid/lab6_skid.gen/sources_1/bd/design_1/ip/design_1_axi_smc_0/bd_0/synth/design_1_axi_smc_0.hwdef
INFO: [BD 41-1029] Generation completed for the IP Integrator block axi_smc .
Exporting to file /home/cathyhu3/s965/pz2/rfsoc/lab6_skid/lab6_skid.gen/sources_1/bd/design_1/ip/design_1_axi_smc_1_0/bd_0/hw_handoff/design_1_axi_smc_1_0.hwh
Generated Hardware Definition File /home/cathyhu3/s965/pz2/rfsoc/lab6_skid/lab6_skid.gen/sources_1/bd/design_1/ip/design_1_axi_smc_1_0/bd_0/synth/design_1_axi_smc_1_0.hwdef
INFO: [BD 41-1029] Generation completed for the IP Integrator block axi_smc_1 .
Exporting to file /home/cathyhu3/s965/pz2/rfsoc/lab6_skid/lab6_skid.gen/sources_1/bd/design_1/hw_handoff/design_1.hwh
Generated Hardware Definition File /home/cathyhu3/s965/pz2/rfsoc/lab6_skid/lab6_skid.gen/sources_1/bd/design_1/synth/design_1.hwdef
generate_target: Time (s): cpu = 00:00:15 ; elapsed = 00:00:18 . Memory (MB): peak = 18218.266 ; gain = 0.000 ; free physical = 15795 ; free virtual = 26159
catch { config_ip_cache -export [get_ips -all design_1_iq_packager_0_0] }
catch { config_ip_cache -export [get_ips -all design_1_axi_smc_0] }
INFO: [IP_Flow 19-4993] Using cached IP synthesis design for IP design_1_axi_smc_0, cache-ID = bb136323144d6483; cache size = 42.910 MB.
catch { config_ip_cache -export [get_ips -all design_1_axi_smc_1_0] }
INFO: [IP_Flow 19-4993] Using cached IP synthesis design for IP design_1_axi_smc_1_0, cache-ID = b18ad00fb7007875; cache size = 42.910 MB.
export_ip_user_files -of_objects [get_files /home/cathyhu3/s965/pz2/rfsoc/lab6_skid/lab6_skid.srcs/sources_1/bd/design_1/design_1.bd] -no_script -sync -force -quiet
create_ip_run [get_files -of_objects [get_fileset sources_1] /home/cathyhu3/s965/pz2/rfsoc/lab6_skid/lab6_skid.srcs/sources_1/bd/design_1/design_1.bd]
launch_runs design_1_iq_packager_0_0_synth_1 -jobs 8
[Mon Oct 27 21:58:16 2025] Launched design_1_iq_packager_0_0_synth_1...
Run output will be captured here: /home/cathyhu3/s965/pz2/rfsoc/lab6_skid/lab6_skid.runs/design_1_iq_packager_0_0_synth_1/runme.log
export_simulation -lib_map_path [list {modelsim=/home/cathyhu3/s965/pz2/rfsoc/lab6_skid/lab6_skid.cache/compile_simlib/modelsim} {questa=/home/cathyhu3/s965/pz2/rfsoc/lab6_skid/lab6_skid.cache/compile_simlib/questa} {xcelium=/home/cathyhu3/s965/pz2/rfsoc/lab6_skid/lab6_skid.cache/compile_simlib/xcelium} {vcs=/home/cathyhu3/s965/pz2/rfsoc/lab6_skid/lab6_skid.cache/compile_simlib/vcs} {riviera=/home/cathyhu3/s965/pz2/rfsoc/lab6_skid/lab6_skid.cache/compile_simlib/riviera}] -of_objects [get_files /home/cathyhu3/s965/pz2/rfsoc/lab6_skid/lab6_skid.srcs/sources_1/bd/design_1/design_1.bd] -directory /home/cathyhu3/s965/pz2/rfsoc/lab6_skid/lab6_skid.ip_user_files/sim_scripts -ip_user_files_dir /home/cathyhu3/s965/pz2/rfsoc/lab6_skid/lab6_skid.ip_user_files -ipstatic_source_dir /home/cathyhu3/s965/pz2/rfsoc/lab6_skid/lab6_skid.ip_user_files/ipstatic -use_ip_compiled_libs -force -quiet
report_ip_status -name ip_status 
reset_run synth_1
INFO: [Project 1-1161] Replacing file /home/cathyhu3/s965/pz2/rfsoc/lab6_skid/lab6_skid.srcs/utils_1/imports/synth_1/design_1_wrapper.dcp with file /home/cathyhu3/s965/pz2/rfsoc/lab6_skid/lab6_skid.runs/synth_1/design_1_wrapper.dcp
launch_runs impl_1 -to_step write_bitstream -jobs 8
[Mon Oct 27 21:59:50 2025] Launched synth_1...
Run output will be captured here: /home/cathyhu3/s965/pz2/rfsoc/lab6_skid/lab6_skid.runs/synth_1/runme.log
[Mon Oct 27 21:59:50 2025] Launched impl_1...
Run output will be captured here: /home/cathyhu3/s965/pz2/rfsoc/lab6_skid/lab6_skid.runs/impl_1/runme.log
exit
INFO: [Common 17-206] Exiting Vivado at Mon Oct 27 22:22:48 2025...
